ISO-10303-21;
HEADER;
/* Generated by software containing ST-Developer
 * from STEP Tools, Inc. (www.steptools.com) 
 */
/* OPTION: using custom schema-name function */

FILE_DESCRIPTION(
/* description */ (''),
/* implementation_level */ '2;1');

FILE_NAME(
/* name */ 'EL Header Type B x1',
/* time_stamp */ '2024-05-14T16:15:27-05:00',
/* author */ (''),
/* organization */ (''),
/* preprocessor_version */ 'ST-DEVELOPER v16.5',
/* originating_system */ 'Rhino 7.36',
/* authorisation */ '');

FILE_SCHEMA (('CONFIG_CONTROL_DESIGN'));
ENDSEC;

DATA;
#10=SHAPE_REPRESENTATION_RELATIONSHIP('','',#883,#12);
#11=MANIFOLD_SOLID_BREP('brep_1',#13);
#12=ADVANCED_BREP_SHAPE_REPRESENTATION('brep_rep_0',(#11,#927),#882);
#13=CLOSED_SHELL('',(#40,#41,#42,#43,#44,#45,#46,#47,#48,#49,#50,#51,#52,
#53,#54,#55,#56,#57,#58,#59,#60,#61,#62,#63,#64,#65,#66,#67,#68,#69,#70,
#71,#72,#73,#74,#75,#76,#77,#78,#79,#80,#81));
#14=FACE_BOUND('',#128,.T.);
#15=FACE_BOUND('',#129,.T.);
#16=FACE_BOUND('',#130,.T.);
#17=FACE_BOUND('',#131,.T.);
#18=FACE_BOUND('',#132,.T.);
#19=FACE_BOUND('',#137,.T.);
#20=FACE_BOUND('',#138,.T.);
#21=FACE_BOUND('',#139,.T.);
#22=FACE_BOUND('',#140,.T.);
#23=FACE_BOUND('',#141,.T.);
#24=FACE_BOUND('',#142,.T.);
#25=FACE_BOUND('',#143,.T.);
#26=FACE_BOUND('',#146,.T.);
#27=FACE_BOUND('',#147,.T.);
#28=FACE_BOUND('',#148,.T.);
#29=FACE_BOUND('',#149,.T.);
#30=FACE_BOUND('',#150,.T.);
#31=FACE_BOUND('',#151,.T.);
#32=FACE_BOUND('',#152,.T.);
#33=FACE_BOUND('',#157,.T.);
#34=FACE_BOUND('',#158,.T.);
#35=FACE_BOUND('',#159,.T.);
#36=FACE_BOUND('',#160,.T.);
#37=FACE_BOUND('',#161,.T.);
#38=FACE_BOUND('',#165,.T.);
#39=FACE_BOUND('',#167,.T.);
#40=ADVANCED_FACE('',(#82),#762,.T.);
#41=ADVANCED_FACE('',(#83),#752,.T.);
#42=ADVANCED_FACE('',(#84),#763,.T.);
#43=ADVANCED_FACE('',(#85,#14,#15,#16,#17,#18),#753,.T.);
#44=ADVANCED_FACE('',(#86),#764,.T.);
#45=ADVANCED_FACE('',(#87),#754,.T.);
#46=ADVANCED_FACE('',(#88),#765,.T.);
#47=ADVANCED_FACE('',(#89,#19,#20,#21,#22,#23,#24,#25),#755,.T.);
#48=ADVANCED_FACE('',(#90),#766,.F.);
#49=ADVANCED_FACE('',(#91,#26,#27,#28,#29,#30,#31,#32),#756,.T.);
#50=ADVANCED_FACE('',(#92),#767,.F.);
#51=ADVANCED_FACE('',(#93),#757,.T.);
#52=ADVANCED_FACE('',(#94),#768,.F.);
#53=ADVANCED_FACE('',(#95,#33,#34,#35,#36,#37),#758,.T.);
#54=ADVANCED_FACE('',(#96),#769,.F.);
#55=ADVANCED_FACE('',(#97),#759,.T.);
#56=ADVANCED_FACE('',(#98,#38),#760,.T.);
#57=ADVANCED_FACE('',(#99,#39),#761,.T.);
#58=ADVANCED_FACE('',(#100),#770,.F.);
#59=ADVANCED_FACE('',(#101),#771,.F.);
#60=ADVANCED_FACE('',(#102),#772,.F.);
#61=ADVANCED_FACE('',(#103),#773,.F.);
#62=ADVANCED_FACE('',(#104),#774,.F.);
#63=ADVANCED_FACE('',(#105),#775,.F.);
#64=ADVANCED_FACE('',(#106),#776,.F.);
#65=ADVANCED_FACE('',(#107),#777,.F.);
#66=ADVANCED_FACE('',(#108),#778,.F.);
#67=ADVANCED_FACE('',(#109),#779,.F.);
#68=ADVANCED_FACE('',(#110),#780,.F.);
#69=ADVANCED_FACE('',(#111),#781,.F.);
#70=ADVANCED_FACE('',(#112),#782,.F.);
#71=ADVANCED_FACE('',(#113),#783,.F.);
#72=ADVANCED_FACE('',(#114),#784,.F.);
#73=ADVANCED_FACE('',(#115),#785,.F.);
#74=ADVANCED_FACE('',(#116),#786,.F.);
#75=ADVANCED_FACE('',(#117),#787,.F.);
#76=ADVANCED_FACE('',(#118),#788,.F.);
#77=ADVANCED_FACE('',(#119),#789,.F.);
#78=ADVANCED_FACE('',(#120),#790,.F.);
#79=ADVANCED_FACE('',(#121),#791,.F.);
#80=ADVANCED_FACE('',(#122),#792,.F.);
#81=ADVANCED_FACE('',(#123),#793,.F.);
#82=FACE_OUTER_BOUND('',#124,.T.);
#83=FACE_OUTER_BOUND('',#125,.T.);
#84=FACE_OUTER_BOUND('',#126,.T.);
#85=FACE_OUTER_BOUND('',#127,.T.);
#86=FACE_OUTER_BOUND('',#133,.T.);
#87=FACE_OUTER_BOUND('',#134,.T.);
#88=FACE_OUTER_BOUND('',#135,.T.);
#89=FACE_OUTER_BOUND('',#136,.T.);
#90=FACE_OUTER_BOUND('',#144,.T.);
#91=FACE_OUTER_BOUND('',#145,.T.);
#92=FACE_OUTER_BOUND('',#153,.T.);
#93=FACE_OUTER_BOUND('',#154,.T.);
#94=FACE_OUTER_BOUND('',#155,.T.);
#95=FACE_OUTER_BOUND('',#156,.T.);
#96=FACE_OUTER_BOUND('',#162,.T.);
#97=FACE_OUTER_BOUND('',#163,.T.);
#98=FACE_OUTER_BOUND('',#164,.T.);
#99=FACE_OUTER_BOUND('',#166,.T.);
#100=FACE_OUTER_BOUND('',#168,.T.);
#101=FACE_OUTER_BOUND('',#169,.T.);
#102=FACE_OUTER_BOUND('',#170,.T.);
#103=FACE_OUTER_BOUND('',#171,.T.);
#104=FACE_OUTER_BOUND('',#172,.T.);
#105=FACE_OUTER_BOUND('',#173,.T.);
#106=FACE_OUTER_BOUND('',#174,.T.);
#107=FACE_OUTER_BOUND('',#175,.T.);
#108=FACE_OUTER_BOUND('',#176,.T.);
#109=FACE_OUTER_BOUND('',#177,.T.);
#110=FACE_OUTER_BOUND('',#178,.T.);
#111=FACE_OUTER_BOUND('',#179,.T.);
#112=FACE_OUTER_BOUND('',#180,.T.);
#113=FACE_OUTER_BOUND('',#181,.T.);
#114=FACE_OUTER_BOUND('',#182,.T.);
#115=FACE_OUTER_BOUND('',#183,.T.);
#116=FACE_OUTER_BOUND('',#184,.T.);
#117=FACE_OUTER_BOUND('',#185,.T.);
#118=FACE_OUTER_BOUND('',#186,.T.);
#119=FACE_OUTER_BOUND('',#187,.T.);
#120=FACE_OUTER_BOUND('',#188,.T.);
#121=FACE_OUTER_BOUND('',#189,.T.);
#122=FACE_OUTER_BOUND('',#190,.T.);
#123=FACE_OUTER_BOUND('',#191,.T.);
#124=EDGE_LOOP('',(#192,#193,#194,#195));
#125=EDGE_LOOP('',(#196,#197,#198,#199));
#126=EDGE_LOOP('',(#200,#201,#202,#203));
#127=EDGE_LOOP('',(#204,#205,#206,#207));
#128=EDGE_LOOP('',(#208,#209));
#129=EDGE_LOOP('',(#210,#211));
#130=EDGE_LOOP('',(#212,#213));
#131=EDGE_LOOP('',(#214,#215));
#132=EDGE_LOOP('',(#216,#217));
#133=EDGE_LOOP('',(#218,#219,#220,#221));
#134=EDGE_LOOP('',(#222,#223,#224,#225));
#135=EDGE_LOOP('',(#226,#227,#228,#229));
#136=EDGE_LOOP('',(#230,#231,#232,#233));
#137=EDGE_LOOP('',(#234,#235));
#138=EDGE_LOOP('',(#236,#237));
#139=EDGE_LOOP('',(#238,#239));
#140=EDGE_LOOP('',(#240,#241));
#141=EDGE_LOOP('',(#242,#243));
#142=EDGE_LOOP('',(#244,#245));
#143=EDGE_LOOP('',(#246,#247));
#144=EDGE_LOOP('',(#248,#249,#250,#251));
#145=EDGE_LOOP('',(#252,#253,#254,#255));
#146=EDGE_LOOP('',(#256,#257));
#147=EDGE_LOOP('',(#258,#259));
#148=EDGE_LOOP('',(#260,#261));
#149=EDGE_LOOP('',(#262,#263));
#150=EDGE_LOOP('',(#264,#265));
#151=EDGE_LOOP('',(#266,#267));
#152=EDGE_LOOP('',(#268,#269));
#153=EDGE_LOOP('',(#270,#271,#272,#273));
#154=EDGE_LOOP('',(#274,#275,#276,#277));
#155=EDGE_LOOP('',(#278,#279,#280,#281));
#156=EDGE_LOOP('',(#282,#283,#284,#285));
#157=EDGE_LOOP('',(#286,#287));
#158=EDGE_LOOP('',(#288,#289));
#159=EDGE_LOOP('',(#290,#291));
#160=EDGE_LOOP('',(#292,#293));
#161=EDGE_LOOP('',(#294,#295));
#162=EDGE_LOOP('',(#296,#297,#298,#299));
#163=EDGE_LOOP('',(#300,#301,#302,#303));
#164=EDGE_LOOP('',(#304,#305,#306,#307,#308,#309,#310,#311));
#165=EDGE_LOOP('',(#312,#313,#314,#315,#316,#317,#318,#319));
#166=EDGE_LOOP('',(#320,#321,#322,#323,#324,#325,#326,#327));
#167=EDGE_LOOP('',(#328,#329,#330,#331,#332,#333,#334,#335));
#168=EDGE_LOOP('',(#336,#337,#338,#339));
#169=EDGE_LOOP('',(#340,#341,#342,#343));
#170=EDGE_LOOP('',(#344,#345,#346,#347));
#171=EDGE_LOOP('',(#348,#349,#350,#351));
#172=EDGE_LOOP('',(#352,#353,#354,#355));
#173=EDGE_LOOP('',(#356,#357,#358,#359));
#174=EDGE_LOOP('',(#360,#361,#362,#363));
#175=EDGE_LOOP('',(#364,#365,#366,#367));
#176=EDGE_LOOP('',(#368,#369,#370,#371));
#177=EDGE_LOOP('',(#372,#373,#374,#375));
#178=EDGE_LOOP('',(#376,#377,#378,#379));
#179=EDGE_LOOP('',(#380,#381,#382,#383));
#180=EDGE_LOOP('',(#384,#385,#386,#387));
#181=EDGE_LOOP('',(#388,#389,#390,#391));
#182=EDGE_LOOP('',(#392,#393,#394,#395));
#183=EDGE_LOOP('',(#396,#397,#398,#399));
#184=EDGE_LOOP('',(#400,#401,#402,#403));
#185=EDGE_LOOP('',(#404,#405,#406,#407));
#186=EDGE_LOOP('',(#408,#409,#410,#411));
#187=EDGE_LOOP('',(#412,#413,#414,#415));
#188=EDGE_LOOP('',(#416,#417,#418,#419));
#189=EDGE_LOOP('',(#420,#421,#422,#423));
#190=EDGE_LOOP('',(#424,#425,#426,#427));
#191=EDGE_LOOP('',(#428,#429,#430,#431));
#192=ORIENTED_EDGE('',*,*,#432,.T.);
#193=ORIENTED_EDGE('',*,*,#433,.T.);
#194=ORIENTED_EDGE('',*,*,#434,.F.);
#195=ORIENTED_EDGE('',*,*,#435,.F.);
#196=ORIENTED_EDGE('',*,*,#436,.T.);
#197=ORIENTED_EDGE('',*,*,#437,.T.);
#198=ORIENTED_EDGE('',*,*,#438,.F.);
#199=ORIENTED_EDGE('',*,*,#433,.F.);
#200=ORIENTED_EDGE('',*,*,#439,.T.);
#201=ORIENTED_EDGE('',*,*,#440,.T.);
#202=ORIENTED_EDGE('',*,*,#441,.F.);
#203=ORIENTED_EDGE('',*,*,#437,.F.);
#204=ORIENTED_EDGE('',*,*,#442,.T.);
#205=ORIENTED_EDGE('',*,*,#443,.T.);
#206=ORIENTED_EDGE('',*,*,#444,.F.);
#207=ORIENTED_EDGE('',*,*,#440,.F.);
#208=ORIENTED_EDGE('',*,*,#495,.T.);
#209=ORIENTED_EDGE('',*,*,#532,.T.);
#210=ORIENTED_EDGE('',*,*,#498,.T.);
#211=ORIENTED_EDGE('',*,*,#535,.T.);
#212=ORIENTED_EDGE('',*,*,#501,.T.);
#213=ORIENTED_EDGE('',*,*,#538,.T.);
#214=ORIENTED_EDGE('',*,*,#504,.T.);
#215=ORIENTED_EDGE('',*,*,#541,.T.);
#216=ORIENTED_EDGE('',*,*,#513,.T.);
#217=ORIENTED_EDGE('',*,*,#550,.T.);
#218=ORIENTED_EDGE('',*,*,#445,.T.);
#219=ORIENTED_EDGE('',*,*,#446,.T.);
#220=ORIENTED_EDGE('',*,*,#447,.F.);
#221=ORIENTED_EDGE('',*,*,#443,.F.);
#222=ORIENTED_EDGE('',*,*,#448,.T.);
#223=ORIENTED_EDGE('',*,*,#449,.T.);
#224=ORIENTED_EDGE('',*,*,#450,.F.);
#225=ORIENTED_EDGE('',*,*,#446,.F.);
#226=ORIENTED_EDGE('',*,*,#451,.T.);
#227=ORIENTED_EDGE('',*,*,#452,.T.);
#228=ORIENTED_EDGE('',*,*,#453,.F.);
#229=ORIENTED_EDGE('',*,*,#449,.F.);
#230=ORIENTED_EDGE('',*,*,#454,.T.);
#231=ORIENTED_EDGE('',*,*,#435,.T.);
#232=ORIENTED_EDGE('',*,*,#455,.F.);
#233=ORIENTED_EDGE('',*,*,#452,.F.);
#234=ORIENTED_EDGE('',*,*,#480,.T.);
#235=ORIENTED_EDGE('',*,*,#517,.T.);
#236=ORIENTED_EDGE('',*,*,#483,.T.);
#237=ORIENTED_EDGE('',*,*,#520,.T.);
#238=ORIENTED_EDGE('',*,*,#486,.T.);
#239=ORIENTED_EDGE('',*,*,#523,.T.);
#240=ORIENTED_EDGE('',*,*,#489,.T.);
#241=ORIENTED_EDGE('',*,*,#526,.T.);
#242=ORIENTED_EDGE('',*,*,#492,.T.);
#243=ORIENTED_EDGE('',*,*,#529,.T.);
#244=ORIENTED_EDGE('',*,*,#507,.T.);
#245=ORIENTED_EDGE('',*,*,#544,.T.);
#246=ORIENTED_EDGE('',*,*,#510,.T.);
#247=ORIENTED_EDGE('',*,*,#547,.T.);
#248=ORIENTED_EDGE('',*,*,#456,.T.);
#249=ORIENTED_EDGE('',*,*,#457,.T.);
#250=ORIENTED_EDGE('',*,*,#458,.F.);
#251=ORIENTED_EDGE('',*,*,#459,.F.);
#252=ORIENTED_EDGE('',*,*,#460,.T.);
#253=ORIENTED_EDGE('',*,*,#461,.T.);
#254=ORIENTED_EDGE('',*,*,#462,.F.);
#255=ORIENTED_EDGE('',*,*,#457,.F.);
#256=ORIENTED_EDGE('',*,*,#481,.T.);
#257=ORIENTED_EDGE('',*,*,#518,.T.);
#258=ORIENTED_EDGE('',*,*,#484,.T.);
#259=ORIENTED_EDGE('',*,*,#521,.T.);
#260=ORIENTED_EDGE('',*,*,#487,.T.);
#261=ORIENTED_EDGE('',*,*,#524,.T.);
#262=ORIENTED_EDGE('',*,*,#490,.T.);
#263=ORIENTED_EDGE('',*,*,#527,.T.);
#264=ORIENTED_EDGE('',*,*,#493,.T.);
#265=ORIENTED_EDGE('',*,*,#530,.T.);
#266=ORIENTED_EDGE('',*,*,#508,.T.);
#267=ORIENTED_EDGE('',*,*,#545,.T.);
#268=ORIENTED_EDGE('',*,*,#511,.T.);
#269=ORIENTED_EDGE('',*,*,#548,.T.);
#270=ORIENTED_EDGE('',*,*,#463,.T.);
#271=ORIENTED_EDGE('',*,*,#464,.T.);
#272=ORIENTED_EDGE('',*,*,#465,.F.);
#273=ORIENTED_EDGE('',*,*,#461,.F.);
#274=ORIENTED_EDGE('',*,*,#466,.T.);
#275=ORIENTED_EDGE('',*,*,#467,.T.);
#276=ORIENTED_EDGE('',*,*,#468,.F.);
#277=ORIENTED_EDGE('',*,*,#464,.F.);
#278=ORIENTED_EDGE('',*,*,#469,.T.);
#279=ORIENTED_EDGE('',*,*,#470,.T.);
#280=ORIENTED_EDGE('',*,*,#471,.F.);
#281=ORIENTED_EDGE('',*,*,#467,.F.);
#282=ORIENTED_EDGE('',*,*,#472,.T.);
#283=ORIENTED_EDGE('',*,*,#473,.T.);
#284=ORIENTED_EDGE('',*,*,#474,.F.);
#285=ORIENTED_EDGE('',*,*,#470,.F.);
#286=ORIENTED_EDGE('',*,*,#496,.T.);
#287=ORIENTED_EDGE('',*,*,#533,.T.);
#288=ORIENTED_EDGE('',*,*,#499,.T.);
#289=ORIENTED_EDGE('',*,*,#536,.T.);
#290=ORIENTED_EDGE('',*,*,#502,.T.);
#291=ORIENTED_EDGE('',*,*,#539,.T.);
#292=ORIENTED_EDGE('',*,*,#505,.T.);
#293=ORIENTED_EDGE('',*,*,#542,.T.);
#294=ORIENTED_EDGE('',*,*,#514,.T.);
#295=ORIENTED_EDGE('',*,*,#551,.T.);
#296=ORIENTED_EDGE('',*,*,#475,.T.);
#297=ORIENTED_EDGE('',*,*,#476,.T.);
#298=ORIENTED_EDGE('',*,*,#477,.F.);
#299=ORIENTED_EDGE('',*,*,#473,.F.);
#300=ORIENTED_EDGE('',*,*,#478,.T.);
#301=ORIENTED_EDGE('',*,*,#459,.T.);
#302=ORIENTED_EDGE('',*,*,#479,.F.);
#303=ORIENTED_EDGE('',*,*,#476,.F.);
#304=ORIENTED_EDGE('',*,*,#454,.F.);
#305=ORIENTED_EDGE('',*,*,#451,.F.);
#306=ORIENTED_EDGE('',*,*,#448,.F.);
#307=ORIENTED_EDGE('',*,*,#445,.F.);
#308=ORIENTED_EDGE('',*,*,#442,.F.);
#309=ORIENTED_EDGE('',*,*,#439,.F.);
#310=ORIENTED_EDGE('',*,*,#436,.F.);
#311=ORIENTED_EDGE('',*,*,#432,.F.);
#312=ORIENTED_EDGE('',*,*,#478,.F.);
#313=ORIENTED_EDGE('',*,*,#475,.F.);
#314=ORIENTED_EDGE('',*,*,#472,.F.);
#315=ORIENTED_EDGE('',*,*,#469,.F.);
#316=ORIENTED_EDGE('',*,*,#466,.F.);
#317=ORIENTED_EDGE('',*,*,#463,.F.);
#318=ORIENTED_EDGE('',*,*,#460,.F.);
#319=ORIENTED_EDGE('',*,*,#456,.F.);
#320=ORIENTED_EDGE('',*,*,#434,.T.);
#321=ORIENTED_EDGE('',*,*,#438,.T.);
#322=ORIENTED_EDGE('',*,*,#441,.T.);
#323=ORIENTED_EDGE('',*,*,#444,.T.);
#324=ORIENTED_EDGE('',*,*,#447,.T.);
#325=ORIENTED_EDGE('',*,*,#450,.T.);
#326=ORIENTED_EDGE('',*,*,#453,.T.);
#327=ORIENTED_EDGE('',*,*,#455,.T.);
#328=ORIENTED_EDGE('',*,*,#458,.T.);
#329=ORIENTED_EDGE('',*,*,#462,.T.);
#330=ORIENTED_EDGE('',*,*,#465,.T.);
#331=ORIENTED_EDGE('',*,*,#468,.T.);
#332=ORIENTED_EDGE('',*,*,#471,.T.);
#333=ORIENTED_EDGE('',*,*,#474,.T.);
#334=ORIENTED_EDGE('',*,*,#477,.T.);
#335=ORIENTED_EDGE('',*,*,#479,.T.);
#336=ORIENTED_EDGE('',*,*,#481,.F.);
#337=ORIENTED_EDGE('',*,*,#482,.T.);
#338=ORIENTED_EDGE('',*,*,#517,.F.);
#339=ORIENTED_EDGE('',*,*,#516,.F.);
#340=ORIENTED_EDGE('',*,*,#484,.F.);
#341=ORIENTED_EDGE('',*,*,#485,.T.);
#342=ORIENTED_EDGE('',*,*,#520,.F.);
#343=ORIENTED_EDGE('',*,*,#519,.F.);
#344=ORIENTED_EDGE('',*,*,#487,.F.);
#345=ORIENTED_EDGE('',*,*,#488,.T.);
#346=ORIENTED_EDGE('',*,*,#523,.F.);
#347=ORIENTED_EDGE('',*,*,#522,.F.);
#348=ORIENTED_EDGE('',*,*,#490,.F.);
#349=ORIENTED_EDGE('',*,*,#491,.T.);
#350=ORIENTED_EDGE('',*,*,#526,.F.);
#351=ORIENTED_EDGE('',*,*,#525,.F.);
#352=ORIENTED_EDGE('',*,*,#493,.F.);
#353=ORIENTED_EDGE('',*,*,#494,.T.);
#354=ORIENTED_EDGE('',*,*,#529,.F.);
#355=ORIENTED_EDGE('',*,*,#528,.F.);
#356=ORIENTED_EDGE('',*,*,#496,.F.);
#357=ORIENTED_EDGE('',*,*,#497,.T.);
#358=ORIENTED_EDGE('',*,*,#532,.F.);
#359=ORIENTED_EDGE('',*,*,#531,.F.);
#360=ORIENTED_EDGE('',*,*,#499,.F.);
#361=ORIENTED_EDGE('',*,*,#500,.T.);
#362=ORIENTED_EDGE('',*,*,#535,.F.);
#363=ORIENTED_EDGE('',*,*,#534,.F.);
#364=ORIENTED_EDGE('',*,*,#502,.F.);
#365=ORIENTED_EDGE('',*,*,#503,.T.);
#366=ORIENTED_EDGE('',*,*,#538,.F.);
#367=ORIENTED_EDGE('',*,*,#537,.F.);
#368=ORIENTED_EDGE('',*,*,#505,.F.);
#369=ORIENTED_EDGE('',*,*,#506,.T.);
#370=ORIENTED_EDGE('',*,*,#541,.F.);
#371=ORIENTED_EDGE('',*,*,#540,.F.);
#372=ORIENTED_EDGE('',*,*,#507,.F.);
#373=ORIENTED_EDGE('',*,*,#509,.T.);
#374=ORIENTED_EDGE('',*,*,#545,.F.);
#375=ORIENTED_EDGE('',*,*,#543,.F.);
#376=ORIENTED_EDGE('',*,*,#510,.F.);
#377=ORIENTED_EDGE('',*,*,#512,.T.);
#378=ORIENTED_EDGE('',*,*,#548,.F.);
#379=ORIENTED_EDGE('',*,*,#546,.F.);
#380=ORIENTED_EDGE('',*,*,#514,.F.);
#381=ORIENTED_EDGE('',*,*,#515,.T.);
#382=ORIENTED_EDGE('',*,*,#550,.F.);
#383=ORIENTED_EDGE('',*,*,#549,.F.);
#384=ORIENTED_EDGE('',*,*,#516,.T.);
#385=ORIENTED_EDGE('',*,*,#480,.F.);
#386=ORIENTED_EDGE('',*,*,#482,.F.);
#387=ORIENTED_EDGE('',*,*,#518,.F.);
#388=ORIENTED_EDGE('',*,*,#519,.T.);
#389=ORIENTED_EDGE('',*,*,#483,.F.);
#390=ORIENTED_EDGE('',*,*,#485,.F.);
#391=ORIENTED_EDGE('',*,*,#521,.F.);
#392=ORIENTED_EDGE('',*,*,#522,.T.);
#393=ORIENTED_EDGE('',*,*,#486,.F.);
#394=ORIENTED_EDGE('',*,*,#488,.F.);
#395=ORIENTED_EDGE('',*,*,#524,.F.);
#396=ORIENTED_EDGE('',*,*,#525,.T.);
#397=ORIENTED_EDGE('',*,*,#489,.F.);
#398=ORIENTED_EDGE('',*,*,#491,.F.);
#399=ORIENTED_EDGE('',*,*,#527,.F.);
#400=ORIENTED_EDGE('',*,*,#528,.T.);
#401=ORIENTED_EDGE('',*,*,#492,.F.);
#402=ORIENTED_EDGE('',*,*,#494,.F.);
#403=ORIENTED_EDGE('',*,*,#530,.F.);
#404=ORIENTED_EDGE('',*,*,#531,.T.);
#405=ORIENTED_EDGE('',*,*,#495,.F.);
#406=ORIENTED_EDGE('',*,*,#497,.F.);
#407=ORIENTED_EDGE('',*,*,#533,.F.);
#408=ORIENTED_EDGE('',*,*,#534,.T.);
#409=ORIENTED_EDGE('',*,*,#498,.F.);
#410=ORIENTED_EDGE('',*,*,#500,.F.);
#411=ORIENTED_EDGE('',*,*,#536,.F.);
#412=ORIENTED_EDGE('',*,*,#537,.T.);
#413=ORIENTED_EDGE('',*,*,#501,.F.);
#414=ORIENTED_EDGE('',*,*,#503,.F.);
#415=ORIENTED_EDGE('',*,*,#539,.F.);
#416=ORIENTED_EDGE('',*,*,#540,.T.);
#417=ORIENTED_EDGE('',*,*,#504,.F.);
#418=ORIENTED_EDGE('',*,*,#506,.F.);
#419=ORIENTED_EDGE('',*,*,#542,.F.);
#420=ORIENTED_EDGE('',*,*,#543,.T.);
#421=ORIENTED_EDGE('',*,*,#508,.F.);
#422=ORIENTED_EDGE('',*,*,#509,.F.);
#423=ORIENTED_EDGE('',*,*,#544,.F.);
#424=ORIENTED_EDGE('',*,*,#546,.T.);
#425=ORIENTED_EDGE('',*,*,#511,.F.);
#426=ORIENTED_EDGE('',*,*,#512,.F.);
#427=ORIENTED_EDGE('',*,*,#547,.F.);
#428=ORIENTED_EDGE('',*,*,#549,.T.);
#429=ORIENTED_EDGE('',*,*,#513,.F.);
#430=ORIENTED_EDGE('',*,*,#515,.F.);
#431=ORIENTED_EDGE('',*,*,#551,.F.);
#432=EDGE_CURVE('',#672,#673,#552,.T.);
#433=EDGE_CURVE('',#673,#674,#553,.T.);
#434=EDGE_CURVE('',#675,#674,#554,.T.);
#435=EDGE_CURVE('',#672,#675,#555,.T.);
#436=EDGE_CURVE('',#673,#676,#556,.T.);
#437=EDGE_CURVE('',#676,#677,#557,.T.);
#438=EDGE_CURVE('',#674,#677,#558,.T.);
#439=EDGE_CURVE('',#676,#678,#559,.T.);
#440=EDGE_CURVE('',#678,#679,#560,.T.);
#441=EDGE_CURVE('',#677,#679,#561,.T.);
#442=EDGE_CURVE('',#678,#680,#562,.T.);
#443=EDGE_CURVE('',#680,#681,#563,.T.);
#444=EDGE_CURVE('',#679,#681,#564,.T.);
#445=EDGE_CURVE('',#680,#682,#565,.T.);
#446=EDGE_CURVE('',#682,#683,#566,.T.);
#447=EDGE_CURVE('',#681,#683,#567,.T.);
#448=EDGE_CURVE('',#682,#684,#568,.T.);
#449=EDGE_CURVE('',#684,#685,#569,.T.);
#450=EDGE_CURVE('',#683,#685,#570,.T.);
#451=EDGE_CURVE('',#684,#686,#571,.T.);
#452=EDGE_CURVE('',#686,#687,#572,.T.);
#453=EDGE_CURVE('',#685,#687,#573,.T.);
#454=EDGE_CURVE('',#686,#672,#574,.T.);
#455=EDGE_CURVE('',#687,#675,#575,.T.);
#456=EDGE_CURVE('',#688,#689,#576,.T.);
#457=EDGE_CURVE('',#689,#690,#577,.T.);
#458=EDGE_CURVE('',#691,#690,#578,.T.);
#459=EDGE_CURVE('',#688,#691,#579,.T.);
#460=EDGE_CURVE('',#689,#692,#580,.T.);
#461=EDGE_CURVE('',#692,#693,#581,.T.);
#462=EDGE_CURVE('',#690,#693,#582,.T.);
#463=EDGE_CURVE('',#692,#694,#583,.T.);
#464=EDGE_CURVE('',#694,#695,#584,.T.);
#465=EDGE_CURVE('',#693,#695,#585,.T.);
#466=EDGE_CURVE('',#694,#696,#586,.T.);
#467=EDGE_CURVE('',#696,#697,#587,.T.);
#468=EDGE_CURVE('',#695,#697,#588,.T.);
#469=EDGE_CURVE('',#696,#698,#589,.T.);
#470=EDGE_CURVE('',#698,#699,#590,.T.);
#471=EDGE_CURVE('',#697,#699,#591,.T.);
#472=EDGE_CURVE('',#698,#700,#592,.T.);
#473=EDGE_CURVE('',#700,#701,#593,.T.);
#474=EDGE_CURVE('',#699,#701,#594,.T.);
#475=EDGE_CURVE('',#700,#702,#595,.T.);
#476=EDGE_CURVE('',#702,#703,#596,.T.);
#477=EDGE_CURVE('',#701,#703,#597,.T.);
#478=EDGE_CURVE('',#702,#688,#598,.T.);
#479=EDGE_CURVE('',#703,#691,#599,.T.);
#480=EDGE_CURVE('',#704,#729,#600,.T.);
#481=EDGE_CURVE('',#705,#728,#601,.T.);
#482=EDGE_CURVE('',#705,#704,#602,.T.);
#483=EDGE_CURVE('',#706,#731,#603,.T.);
#484=EDGE_CURVE('',#707,#730,#604,.T.);
#485=EDGE_CURVE('',#707,#706,#605,.T.);
#486=EDGE_CURVE('',#708,#733,#606,.T.);
#487=EDGE_CURVE('',#709,#732,#607,.T.);
#488=EDGE_CURVE('',#709,#708,#608,.T.);
#489=EDGE_CURVE('',#710,#735,#609,.T.);
#490=EDGE_CURVE('',#711,#734,#610,.T.);
#491=EDGE_CURVE('',#711,#710,#611,.T.);
#492=EDGE_CURVE('',#712,#737,#612,.T.);
#493=EDGE_CURVE('',#713,#736,#613,.T.);
#494=EDGE_CURVE('',#713,#712,#614,.T.);
#495=EDGE_CURVE('',#714,#739,#615,.T.);
#496=EDGE_CURVE('',#715,#738,#616,.T.);
#497=EDGE_CURVE('',#715,#714,#617,.T.);
#498=EDGE_CURVE('',#716,#741,#618,.T.);
#499=EDGE_CURVE('',#717,#740,#619,.T.);
#500=EDGE_CURVE('',#717,#716,#620,.T.);
#501=EDGE_CURVE('',#718,#743,#621,.T.);
#502=EDGE_CURVE('',#719,#742,#622,.T.);
#503=EDGE_CURVE('',#719,#718,#623,.T.);
#504=EDGE_CURVE('',#720,#745,#624,.T.);
#505=EDGE_CURVE('',#721,#744,#625,.T.);
#506=EDGE_CURVE('',#721,#720,#626,.T.);
#507=EDGE_CURVE('',#722,#746,#627,.T.);
#508=EDGE_CURVE('',#723,#747,#628,.T.);
#509=EDGE_CURVE('',#722,#723,#629,.T.);
#510=EDGE_CURVE('',#724,#748,#630,.T.);
#511=EDGE_CURVE('',#725,#749,#631,.T.);
#512=EDGE_CURVE('',#724,#725,#632,.T.);
#513=EDGE_CURVE('',#726,#751,#633,.T.);
#514=EDGE_CURVE('',#727,#750,#634,.T.);
#515=EDGE_CURVE('',#727,#726,#635,.T.);
#516=EDGE_CURVE('',#728,#729,#636,.T.);
#517=EDGE_CURVE('',#729,#704,#637,.T.);
#518=EDGE_CURVE('',#728,#705,#638,.T.);
#519=EDGE_CURVE('',#730,#731,#639,.T.);
#520=EDGE_CURVE('',#731,#706,#640,.T.);
#521=EDGE_CURVE('',#730,#707,#641,.T.);
#522=EDGE_CURVE('',#732,#733,#642,.T.);
#523=EDGE_CURVE('',#733,#708,#643,.T.);
#524=EDGE_CURVE('',#732,#709,#644,.T.);
#525=EDGE_CURVE('',#734,#735,#645,.T.);
#526=EDGE_CURVE('',#735,#710,#646,.T.);
#527=EDGE_CURVE('',#734,#711,#647,.T.);
#528=EDGE_CURVE('',#736,#737,#648,.T.);
#529=EDGE_CURVE('',#737,#712,#649,.T.);
#530=EDGE_CURVE('',#736,#713,#650,.T.);
#531=EDGE_CURVE('',#738,#739,#651,.T.);
#532=EDGE_CURVE('',#739,#714,#652,.T.);
#533=EDGE_CURVE('',#738,#715,#653,.T.);
#534=EDGE_CURVE('',#740,#741,#654,.T.);
#535=EDGE_CURVE('',#741,#716,#655,.T.);
#536=EDGE_CURVE('',#740,#717,#656,.T.);
#537=EDGE_CURVE('',#742,#743,#657,.T.);
#538=EDGE_CURVE('',#743,#718,#658,.T.);
#539=EDGE_CURVE('',#742,#719,#659,.T.);
#540=EDGE_CURVE('',#744,#745,#660,.T.);
#541=EDGE_CURVE('',#745,#720,#661,.T.);
#542=EDGE_CURVE('',#744,#721,#662,.T.);
#543=EDGE_CURVE('',#746,#747,#663,.T.);
#544=EDGE_CURVE('',#746,#722,#664,.T.);
#545=EDGE_CURVE('',#747,#723,#665,.T.);
#546=EDGE_CURVE('',#748,#749,#666,.T.);
#547=EDGE_CURVE('',#748,#724,#667,.T.);
#548=EDGE_CURVE('',#749,#725,#668,.T.);
#549=EDGE_CURVE('',#750,#751,#669,.T.);
#550=EDGE_CURVE('',#751,#726,#670,.T.);
#551=EDGE_CURVE('',#750,#727,#671,.T.);
#552=(
BOUNDED_CURVE()
B_SPLINE_CURVE(2,(#1097,#1098,#1099),.UNSPECIFIED.,.F.,.F.)
B_SPLINE_CURVE_WITH_KNOTS((3,3),(3.24984049925774,3.44619004010711),
 .UNSPECIFIED.)
CURVE()
GEOMETRIC_REPRESENTATION_ITEM()
RATIONAL_B_SPLINE_CURVE((1.,0.7071067811892,1.))
REPRESENTATION_ITEM('')
);
#553=(
BOUNDED_CURVE()
B_SPLINE_CURVE(1,(#1100,#1101),.UNSPECIFIED.,.F.,.F.)
B_SPLINE_CURVE_WITH_KNOTS((2,2),(0.,73.5662538955148),.UNSPECIFIED.)
CURVE()
GEOMETRIC_REPRESENTATION_ITEM()
RATIONAL_B_SPLINE_CURVE((1.,1.))
REPRESENTATION_ITEM('')
);
#554=(
BOUNDED_CURVE()
B_SPLINE_CURVE(2,(#1102,#1103,#1104),.UNSPECIFIED.,.F.,.F.)
B_SPLINE_CURVE_WITH_KNOTS((3,3),(3.24984049925774,3.44619004010711),
 .UNSPECIFIED.)
CURVE()
GEOMETRIC_REPRESENTATION_ITEM()
RATIONAL_B_SPLINE_CURVE((1.,0.7071067811892,1.))
REPRESENTATION_ITEM('')
);
#555=(
BOUNDED_CURVE()
B_SPLINE_CURVE(1,(#1105,#1106),.UNSPECIFIED.,.F.,.F.)
B_SPLINE_CURVE_WITH_KNOTS((2,2),(0.,73.5662538955148),.UNSPECIFIED.)
CURVE()
GEOMETRIC_REPRESENTATION_ITEM()
RATIONAL_B_SPLINE_CURVE((1.,1.))
REPRESENTATION_ITEM('')
);
#556=(
BOUNDED_CURVE()
B_SPLINE_CURVE(2,(#1107,#1108,#1109),.UNSPECIFIED.,.F.,.F.)
B_SPLINE_CURVE_WITH_KNOTS((3,3),(3.44619004010711,4.94619004010709),
 .UNSPECIFIED.)
CURVE()
GEOMETRIC_REPRESENTATION_ITEM()
RATIONAL_B_SPLINE_CURVE((1.,1.,1.))
REPRESENTATION_ITEM('')
);
#557=(
BOUNDED_CURVE()
B_SPLINE_CURVE(1,(#1110,#1111),.UNSPECIFIED.,.F.,.F.)
B_SPLINE_CURVE_WITH_KNOTS((2,2),(0.,73.5662538955148),.UNSPECIFIED.)
CURVE()
GEOMETRIC_REPRESENTATION_ITEM()
RATIONAL_B_SPLINE_CURVE((1.,1.))
REPRESENTATION_ITEM('')
);
#558=(
BOUNDED_CURVE()
B_SPLINE_CURVE(2,(#1112,#1113,#1114),.UNSPECIFIED.,.F.,.F.)
B_SPLINE_CURVE_WITH_KNOTS((3,3),(3.44619004010711,4.94619004010709),
 .UNSPECIFIED.)
CURVE()
GEOMETRIC_REPRESENTATION_ITEM()
RATIONAL_B_SPLINE_CURVE((1.,1.,1.))
REPRESENTATION_ITEM('')
);
#559=(
BOUNDED_CURVE()
B_SPLINE_CURVE(2,(#1115,#1116,#1117),.UNSPECIFIED.,.F.,.F.)
B_SPLINE_CURVE_WITH_KNOTS((3,3),(4.94619004010709,5.14253958095645),
 .UNSPECIFIED.)
CURVE()
GEOMETRIC_REPRESENTATION_ITEM()
RATIONAL_B_SPLINE_CURVE((1.,0.707106781184277,1.))
REPRESENTATION_ITEM('')
);
#560=(
BOUNDED_CURVE()
B_SPLINE_CURVE(1,(#1118,#1119),.UNSPECIFIED.,.F.,.F.)
B_SPLINE_CURVE_WITH_KNOTS((2,2),(0.,73.5662538955148),.UNSPECIFIED.)
CURVE()
GEOMETRIC_REPRESENTATION_ITEM()
RATIONAL_B_SPLINE_CURVE((1.,1.))
REPRESENTATION_ITEM('')
);
#561=(
BOUNDED_CURVE()
B_SPLINE_CURVE(2,(#1120,#1121,#1122),.UNSPECIFIED.,.F.,.F.)
B_SPLINE_CURVE_WITH_KNOTS((3,3),(4.94619004010709,5.14253958095645),
 .UNSPECIFIED.)
CURVE()
GEOMETRIC_REPRESENTATION_ITEM()
RATIONAL_B_SPLINE_CURVE((1.,0.707106781184277,1.))
REPRESENTATION_ITEM('')
);
#562=(
BOUNDED_CURVE()
B_SPLINE_CURVE(2,(#1123,#1124,#1125),.UNSPECIFIED.,.F.,.F.)
B_SPLINE_CURVE_WITH_KNOTS((3,3),(5.14253958095645,9.64253958095645),
 .UNSPECIFIED.)
CURVE()
GEOMETRIC_REPRESENTATION_ITEM()
RATIONAL_B_SPLINE_CURVE((1.,1.,1.))
REPRESENTATION_ITEM('')
);
#563=(
BOUNDED_CURVE()
B_SPLINE_CURVE(1,(#1126,#1127),.UNSPECIFIED.,.F.,.F.)
B_SPLINE_CURVE_WITH_KNOTS((2,2),(0.,73.5662538955148),.UNSPECIFIED.)
CURVE()
GEOMETRIC_REPRESENTATION_ITEM()
RATIONAL_B_SPLINE_CURVE((1.,1.))
REPRESENTATION_ITEM('')
);
#564=(
BOUNDED_CURVE()
B_SPLINE_CURVE(2,(#1128,#1129,#1130),.UNSPECIFIED.,.F.,.F.)
B_SPLINE_CURVE_WITH_KNOTS((3,3),(5.14253958095645,9.64253958095645),
 .UNSPECIFIED.)
CURVE()
GEOMETRIC_REPRESENTATION_ITEM()
RATIONAL_B_SPLINE_CURVE((1.,1.,1.))
REPRESENTATION_ITEM('')
);
#565=(
BOUNDED_CURVE()
B_SPLINE_CURVE(2,(#1131,#1132,#1133),.UNSPECIFIED.,.F.,.F.)
B_SPLINE_CURVE_WITH_KNOTS((3,3),(9.64253958095645,9.83888912180581),
 .UNSPECIFIED.)
CURVE()
GEOMETRIC_REPRESENTATION_ITEM()
RATIONAL_B_SPLINE_CURVE((1.,0.707106781187874,1.))
REPRESENTATION_ITEM('')
);
#566=(
BOUNDED_CURVE()
B_SPLINE_CURVE(1,(#1134,#1135),.UNSPECIFIED.,.F.,.F.)
B_SPLINE_CURVE_WITH_KNOTS((2,2),(0.,73.5662538955148),.UNSPECIFIED.)
CURVE()
GEOMETRIC_REPRESENTATION_ITEM()
RATIONAL_B_SPLINE_CURVE((1.,1.))
REPRESENTATION_ITEM('')
);
#567=(
BOUNDED_CURVE()
B_SPLINE_CURVE(2,(#1136,#1137,#1138),.UNSPECIFIED.,.F.,.F.)
B_SPLINE_CURVE_WITH_KNOTS((3,3),(9.64253958095645,9.83888912180581),
 .UNSPECIFIED.)
CURVE()
GEOMETRIC_REPRESENTATION_ITEM()
RATIONAL_B_SPLINE_CURVE((1.,0.707106781187874,1.))
REPRESENTATION_ITEM('')
);
#568=(
BOUNDED_CURVE()
B_SPLINE_CURVE(2,(#1139,#1140,#1141),.UNSPECIFIED.,.F.,.F.)
B_SPLINE_CURVE_WITH_KNOTS((3,3),(9.83888912180581,11.3388891218058),
 .UNSPECIFIED.)
CURVE()
GEOMETRIC_REPRESENTATION_ITEM()
RATIONAL_B_SPLINE_CURVE((1.,1.,1.))
REPRESENTATION_ITEM('')
);
#569=(
BOUNDED_CURVE()
B_SPLINE_CURVE(1,(#1142,#1143),.UNSPECIFIED.,.F.,.F.)
B_SPLINE_CURVE_WITH_KNOTS((2,2),(0.,73.5662538955148),.UNSPECIFIED.)
CURVE()
GEOMETRIC_REPRESENTATION_ITEM()
RATIONAL_B_SPLINE_CURVE((1.,1.))
REPRESENTATION_ITEM('')
);
#570=(
BOUNDED_CURVE()
B_SPLINE_CURVE(2,(#1144,#1145,#1146),.UNSPECIFIED.,.F.,.F.)
B_SPLINE_CURVE_WITH_KNOTS((3,3),(9.83888912180581,11.3388891218058),
 .UNSPECIFIED.)
CURVE()
GEOMETRIC_REPRESENTATION_ITEM()
RATIONAL_B_SPLINE_CURVE((1.,1.,1.))
REPRESENTATION_ITEM('')
);
#571=(
BOUNDED_CURVE()
B_SPLINE_CURVE(2,(#1147,#1148,#1149),.UNSPECIFIED.,.F.,.F.)
B_SPLINE_CURVE_WITH_KNOTS((3,3),(11.3388891218058,11.5352386626552),
 .UNSPECIFIED.)
CURVE()
GEOMETRIC_REPRESENTATION_ITEM()
RATIONAL_B_SPLINE_CURVE((1.,0.707106781186548,1.))
REPRESENTATION_ITEM('')
);
#572=(
BOUNDED_CURVE()
B_SPLINE_CURVE(1,(#1150,#1151),.UNSPECIFIED.,.F.,.F.)
B_SPLINE_CURVE_WITH_KNOTS((2,2),(0.,73.5662538955148),.UNSPECIFIED.)
CURVE()
GEOMETRIC_REPRESENTATION_ITEM()
RATIONAL_B_SPLINE_CURVE((1.,1.))
REPRESENTATION_ITEM('')
);
#573=(
BOUNDED_CURVE()
B_SPLINE_CURVE(2,(#1152,#1153,#1154),.UNSPECIFIED.,.F.,.F.)
B_SPLINE_CURVE_WITH_KNOTS((3,3),(11.3388891218058,11.5352386626552),
 .UNSPECIFIED.)
CURVE()
GEOMETRIC_REPRESENTATION_ITEM()
RATIONAL_B_SPLINE_CURVE((1.,0.707106781186548,1.))
REPRESENTATION_ITEM('')
);
#574=(
BOUNDED_CURVE()
B_SPLINE_CURVE(2,(#1155,#1156,#1157),.UNSPECIFIED.,.F.,.F.)
B_SPLINE_CURVE_WITH_KNOTS((3,3),(11.5352386626552,16.0352386626549),
 .UNSPECIFIED.)
CURVE()
GEOMETRIC_REPRESENTATION_ITEM()
RATIONAL_B_SPLINE_CURVE((1.,1.,1.))
REPRESENTATION_ITEM('')
);
#575=(
BOUNDED_CURVE()
B_SPLINE_CURVE(2,(#1158,#1159,#1160),.UNSPECIFIED.,.F.,.F.)
B_SPLINE_CURVE_WITH_KNOTS((3,3),(11.5352386626552,16.0352386626549),
 .UNSPECIFIED.)
CURVE()
GEOMETRIC_REPRESENTATION_ITEM()
RATIONAL_B_SPLINE_CURVE((1.,1.,1.))
REPRESENTATION_ITEM('')
);
#576=(
BOUNDED_CURVE()
B_SPLINE_CURVE(2,(#1161,#1162,#1163),.UNSPECIFIED.,.F.,.F.)
B_SPLINE_CURVE_WITH_KNOTS((3,3),(16.0352386626549,16.1012121083803),
 .UNSPECIFIED.)
CURVE()
GEOMETRIC_REPRESENTATION_ITEM()
RATIONAL_B_SPLINE_CURVE((1.,0.707106781188641,1.))
REPRESENTATION_ITEM('')
);
#577=(
BOUNDED_CURVE()
B_SPLINE_CURVE(1,(#1164,#1165),.UNSPECIFIED.,.F.,.F.)
B_SPLINE_CURVE_WITH_KNOTS((2,2),(0.,73.5662538955148),.UNSPECIFIED.)
CURVE()
GEOMETRIC_REPRESENTATION_ITEM()
RATIONAL_B_SPLINE_CURVE((1.,1.))
REPRESENTATION_ITEM('')
);
#578=(
BOUNDED_CURVE()
B_SPLINE_CURVE(2,(#1166,#1167,#1168),.UNSPECIFIED.,.F.,.F.)
B_SPLINE_CURVE_WITH_KNOTS((3,3),(16.0352386626549,16.1012121083803),
 .UNSPECIFIED.)
CURVE()
GEOMETRIC_REPRESENTATION_ITEM()
RATIONAL_B_SPLINE_CURVE((1.,0.707106781188641,1.))
REPRESENTATION_ITEM('')
);
#579=(
BOUNDED_CURVE()
B_SPLINE_CURVE(1,(#1169,#1170),.UNSPECIFIED.,.F.,.F.)
B_SPLINE_CURVE_WITH_KNOTS((2,2),(0.,73.5662538955148),.UNSPECIFIED.)
CURVE()
GEOMETRIC_REPRESENTATION_ITEM()
RATIONAL_B_SPLINE_CURVE((1.,1.))
REPRESENTATION_ITEM('')
);
#580=(
BOUNDED_CURVE()
B_SPLINE_CURVE(2,(#1171,#1172,#1173),.UNSPECIFIED.,.F.,.F.)
B_SPLINE_CURVE_WITH_KNOTS((3,3),(16.1012121083803,20.6012121083802),
 .UNSPECIFIED.)
CURVE()
GEOMETRIC_REPRESENTATION_ITEM()
RATIONAL_B_SPLINE_CURVE((1.,1.,1.))
REPRESENTATION_ITEM('')
);
#581=(
BOUNDED_CURVE()
B_SPLINE_CURVE(1,(#1174,#1175),.UNSPECIFIED.,.F.,.F.)
B_SPLINE_CURVE_WITH_KNOTS((2,2),(0.,73.5662538955148),.UNSPECIFIED.)
CURVE()
GEOMETRIC_REPRESENTATION_ITEM()
RATIONAL_B_SPLINE_CURVE((1.,1.))
REPRESENTATION_ITEM('')
);
#582=(
BOUNDED_CURVE()
B_SPLINE_CURVE(2,(#1176,#1177,#1178),.UNSPECIFIED.,.F.,.F.)
B_SPLINE_CURVE_WITH_KNOTS((3,3),(16.1012121083803,20.6012121083802),
 .UNSPECIFIED.)
CURVE()
GEOMETRIC_REPRESENTATION_ITEM()
RATIONAL_B_SPLINE_CURVE((1.,1.,1.))
REPRESENTATION_ITEM('')
);
#583=(
BOUNDED_CURVE()
B_SPLINE_CURVE(2,(#1179,#1180,#1181),.UNSPECIFIED.,.F.,.F.)
B_SPLINE_CURVE_WITH_KNOTS((3,3),(20.6012121083802,20.6671855541056),
 .UNSPECIFIED.)
CURVE()
GEOMETRIC_REPRESENTATION_ITEM()
RATIONAL_B_SPLINE_CURVE((1.,0.707106781188103,1.))
REPRESENTATION_ITEM('')
);
#584=(
BOUNDED_CURVE()
B_SPLINE_CURVE(1,(#1182,#1183),.UNSPECIFIED.,.F.,.F.)
B_SPLINE_CURVE_WITH_KNOTS((2,2),(0.,73.5662538955148),.UNSPECIFIED.)
CURVE()
GEOMETRIC_REPRESENTATION_ITEM()
RATIONAL_B_SPLINE_CURVE((1.,1.))
REPRESENTATION_ITEM('')
);
#585=(
BOUNDED_CURVE()
B_SPLINE_CURVE(2,(#1184,#1185,#1186),.UNSPECIFIED.,.F.,.F.)
B_SPLINE_CURVE_WITH_KNOTS((3,3),(20.6012121083802,20.6671855541056),
 .UNSPECIFIED.)
CURVE()
GEOMETRIC_REPRESENTATION_ITEM()
RATIONAL_B_SPLINE_CURVE((1.,0.707106781188103,1.))
REPRESENTATION_ITEM('')
);
#586=(
BOUNDED_CURVE()
B_SPLINE_CURVE(2,(#1187,#1188,#1189),.UNSPECIFIED.,.F.,.F.)
B_SPLINE_CURVE_WITH_KNOTS((3,3),(20.6671855541056,22.1671855541056),
 .UNSPECIFIED.)
CURVE()
GEOMETRIC_REPRESENTATION_ITEM()
RATIONAL_B_SPLINE_CURVE((1.,1.,1.))
REPRESENTATION_ITEM('')
);
#587=(
BOUNDED_CURVE()
B_SPLINE_CURVE(1,(#1190,#1191),.UNSPECIFIED.,.F.,.F.)
B_SPLINE_CURVE_WITH_KNOTS((2,2),(0.,73.5662538955148),.UNSPECIFIED.)
CURVE()
GEOMETRIC_REPRESENTATION_ITEM()
RATIONAL_B_SPLINE_CURVE((1.,1.))
REPRESENTATION_ITEM('')
);
#588=(
BOUNDED_CURVE()
B_SPLINE_CURVE(2,(#1192,#1193,#1194),.UNSPECIFIED.,.F.,.F.)
B_SPLINE_CURVE_WITH_KNOTS((3,3),(20.6671855541056,22.1671855541056),
 .UNSPECIFIED.)
CURVE()
GEOMETRIC_REPRESENTATION_ITEM()
RATIONAL_B_SPLINE_CURVE((1.,1.,1.))
REPRESENTATION_ITEM('')
);
#589=(
BOUNDED_CURVE()
B_SPLINE_CURVE(2,(#1195,#1196,#1197),.UNSPECIFIED.,.F.,.F.)
B_SPLINE_CURVE_WITH_KNOTS((3,3),(22.1671855541056,22.233158999831),
 .UNSPECIFIED.)
CURVE()
GEOMETRIC_REPRESENTATION_ITEM()
RATIONAL_B_SPLINE_CURVE((1.,0.707106781181643,1.))
REPRESENTATION_ITEM('')
);
#590=(
BOUNDED_CURVE()
B_SPLINE_CURVE(1,(#1198,#1199),.UNSPECIFIED.,.F.,.F.)
B_SPLINE_CURVE_WITH_KNOTS((2,2),(0.,73.5662538955148),.UNSPECIFIED.)
CURVE()
GEOMETRIC_REPRESENTATION_ITEM()
RATIONAL_B_SPLINE_CURVE((1.,1.))
REPRESENTATION_ITEM('')
);
#591=(
BOUNDED_CURVE()
B_SPLINE_CURVE(2,(#1200,#1201,#1202),.UNSPECIFIED.,.F.,.F.)
B_SPLINE_CURVE_WITH_KNOTS((3,3),(22.1671855541056,22.233158999831),
 .UNSPECIFIED.)
CURVE()
GEOMETRIC_REPRESENTATION_ITEM()
RATIONAL_B_SPLINE_CURVE((1.,0.707106781181643,1.))
REPRESENTATION_ITEM('')
);
#592=(
BOUNDED_CURVE()
B_SPLINE_CURVE(2,(#1203,#1204,#1205),.UNSPECIFIED.,.F.,.F.)
B_SPLINE_CURVE_WITH_KNOTS((3,3),(22.233158999831,26.733158999831),
 .UNSPECIFIED.)
CURVE()
GEOMETRIC_REPRESENTATION_ITEM()
RATIONAL_B_SPLINE_CURVE((1.,1.,1.))
REPRESENTATION_ITEM('')
);
#593=(
BOUNDED_CURVE()
B_SPLINE_CURVE(1,(#1206,#1207),.UNSPECIFIED.,.F.,.F.)
B_SPLINE_CURVE_WITH_KNOTS((2,2),(0.,73.5662538955148),.UNSPECIFIED.)
CURVE()
GEOMETRIC_REPRESENTATION_ITEM()
RATIONAL_B_SPLINE_CURVE((1.,1.))
REPRESENTATION_ITEM('')
);
#594=(
BOUNDED_CURVE()
B_SPLINE_CURVE(2,(#1208,#1209,#1210),.UNSPECIFIED.,.F.,.F.)
B_SPLINE_CURVE_WITH_KNOTS((3,3),(22.233158999831,26.733158999831),
 .UNSPECIFIED.)
CURVE()
GEOMETRIC_REPRESENTATION_ITEM()
RATIONAL_B_SPLINE_CURVE((1.,1.,1.))
REPRESENTATION_ITEM('')
);
#595=(
BOUNDED_CURVE()
B_SPLINE_CURVE(2,(#1211,#1212,#1213),.UNSPECIFIED.,.F.,.F.)
B_SPLINE_CURVE_WITH_KNOTS((3,3),(26.733158999831,26.7991324455564),
 .UNSPECIFIED.)
CURVE()
GEOMETRIC_REPRESENTATION_ITEM()
RATIONAL_B_SPLINE_CURVE((1.,0.707106781185591,1.))
REPRESENTATION_ITEM('')
);
#596=(
BOUNDED_CURVE()
B_SPLINE_CURVE(1,(#1214,#1215),.UNSPECIFIED.,.F.,.F.)
B_SPLINE_CURVE_WITH_KNOTS((2,2),(0.,73.5662538955148),.UNSPECIFIED.)
CURVE()
GEOMETRIC_REPRESENTATION_ITEM()
RATIONAL_B_SPLINE_CURVE((1.,1.))
REPRESENTATION_ITEM('')
);
#597=(
BOUNDED_CURVE()
B_SPLINE_CURVE(2,(#1216,#1217,#1218),.UNSPECIFIED.,.F.,.F.)
B_SPLINE_CURVE_WITH_KNOTS((3,3),(26.733158999831,26.7991324455564),
 .UNSPECIFIED.)
CURVE()
GEOMETRIC_REPRESENTATION_ITEM()
RATIONAL_B_SPLINE_CURVE((1.,0.707106781185591,1.))
REPRESENTATION_ITEM('')
);
#598=(
BOUNDED_CURVE()
B_SPLINE_CURVE(2,(#1219,#1220,#1221),.UNSPECIFIED.,.F.,.F.)
B_SPLINE_CURVE_WITH_KNOTS((3,3),(26.7991324455564,28.2991324455564),
 .UNSPECIFIED.)
CURVE()
GEOMETRIC_REPRESENTATION_ITEM()
RATIONAL_B_SPLINE_CURVE((1.,1.,1.))
REPRESENTATION_ITEM('')
);
#599=(
BOUNDED_CURVE()
B_SPLINE_CURVE(2,(#1222,#1223,#1224),.UNSPECIFIED.,.F.,.F.)
B_SPLINE_CURVE_WITH_KNOTS((3,3),(26.7991324455564,28.2991324455564),
 .UNSPECIFIED.)
CURVE()
GEOMETRIC_REPRESENTATION_ITEM()
RATIONAL_B_SPLINE_CURVE((1.,1.,1.))
REPRESENTATION_ITEM('')
);
#600=(
BOUNDED_CURVE()
B_SPLINE_CURVE(2,(#1225,#1226,#1227,#1228,#1229),.UNSPECIFIED.,.F.,.F.)
B_SPLINE_CURVE_WITH_KNOTS((3,2,3),(0.,0.269980618667873,0.539961237335746),
 .UNSPECIFIED.)
CURVE()
GEOMETRIC_REPRESENTATION_ITEM()
RATIONAL_B_SPLINE_CURVE((1.,0.707106781186548,1.,0.707106781186547,1.))
REPRESENTATION_ITEM('')
);
#601=(
BOUNDED_CURVE()
B_SPLINE_CURVE(2,(#1230,#1231,#1232,#1233,#1234),.UNSPECIFIED.,.F.,.F.)
B_SPLINE_CURVE_WITH_KNOTS((3,2,3),(-1.07992247467149,-0.809941856003618,
-0.539961237335746),.UNSPECIFIED.)
CURVE()
GEOMETRIC_REPRESENTATION_ITEM()
RATIONAL_B_SPLINE_CURVE((1.,0.707106781186548,1.,0.707106781186548,1.))
REPRESENTATION_ITEM('')
);
#602=(
BOUNDED_CURVE()
B_SPLINE_CURVE(1,(#1235,#1236),.UNSPECIFIED.,.F.,.F.)
B_SPLINE_CURVE_WITH_KNOTS((2,2),(0.334000000000011,0.500000000000025),
 .UNSPECIFIED.)
CURVE()
GEOMETRIC_REPRESENTATION_ITEM()
RATIONAL_B_SPLINE_CURVE((1.,1.))
REPRESENTATION_ITEM('')
);
#603=(
BOUNDED_CURVE()
B_SPLINE_CURVE(2,(#1237,#1238,#1239,#1240,#1241),.UNSPECIFIED.,.F.,.F.)
B_SPLINE_CURVE_WITH_KNOTS((3,2,3),(0.,0.269980618667873,0.539961237335746),
 .UNSPECIFIED.)
CURVE()
GEOMETRIC_REPRESENTATION_ITEM()
RATIONAL_B_SPLINE_CURVE((1.,0.707106781186548,1.,0.707106781186547,1.))
REPRESENTATION_ITEM('')
);
#604=(
BOUNDED_CURVE()
B_SPLINE_CURVE(2,(#1242,#1243,#1244,#1245,#1246),.UNSPECIFIED.,.F.,.F.)
B_SPLINE_CURVE_WITH_KNOTS((3,2,3),(-1.07992247467149,-0.809941856003618,
-0.539961237335746),.UNSPECIFIED.)
CURVE()
GEOMETRIC_REPRESENTATION_ITEM()
RATIONAL_B_SPLINE_CURVE((1.,0.707106781186548,1.,0.707106781186548,1.))
REPRESENTATION_ITEM('')
);
#605=(
BOUNDED_CURVE()
B_SPLINE_CURVE(1,(#1247,#1248),.UNSPECIFIED.,.F.,.F.)
B_SPLINE_CURVE_WITH_KNOTS((2,2),(0.334000000000011,0.500000000000025),
 .UNSPECIFIED.)
CURVE()
GEOMETRIC_REPRESENTATION_ITEM()
RATIONAL_B_SPLINE_CURVE((1.,1.))
REPRESENTATION_ITEM('')
);
#606=(
BOUNDED_CURVE()
B_SPLINE_CURVE(2,(#1249,#1250,#1251,#1252,#1253),.UNSPECIFIED.,.F.,.F.)
B_SPLINE_CURVE_WITH_KNOTS((3,2,3),(0.,0.490873852123405,0.98174770424681),
 .UNSPECIFIED.)
CURVE()
GEOMETRIC_REPRESENTATION_ITEM()
RATIONAL_B_SPLINE_CURVE((1.,0.707106781186548,1.,0.707106781186548,1.))
REPRESENTATION_ITEM('')
);
#607=(
BOUNDED_CURVE()
B_SPLINE_CURVE(2,(#1254,#1255,#1256,#1257,#1258),.UNSPECIFIED.,.F.,.F.)
B_SPLINE_CURVE_WITH_KNOTS((3,2,3),(-1.96349540849362,-1.47262155637022,
-0.98174770424681),.UNSPECIFIED.)
CURVE()
GEOMETRIC_REPRESENTATION_ITEM()
RATIONAL_B_SPLINE_CURVE((1.,0.707106781186548,1.,0.707106781186548,1.))
REPRESENTATION_ITEM('')
);
#608=(
BOUNDED_CURVE()
B_SPLINE_CURVE(1,(#1259,#1260),.UNSPECIFIED.,.F.,.F.)
B_SPLINE_CURVE_WITH_KNOTS((2,2),(0.334000000000011,0.500000000000025),
 .UNSPECIFIED.)
CURVE()
GEOMETRIC_REPRESENTATION_ITEM()
RATIONAL_B_SPLINE_CURVE((1.,1.))
REPRESENTATION_ITEM('')
);
#609=(
BOUNDED_CURVE()
B_SPLINE_CURVE(2,(#1261,#1262,#1263,#1264,#1265),.UNSPECIFIED.,.F.,.F.)
B_SPLINE_CURVE_WITH_KNOTS((3,2,3),(0.,0.490873852123405,0.98174770424681),
 .UNSPECIFIED.)
CURVE()
GEOMETRIC_REPRESENTATION_ITEM()
RATIONAL_B_SPLINE_CURVE((1.,0.707106781186548,1.,0.707106781186548,1.))
REPRESENTATION_ITEM('')
);
#610=(
BOUNDED_CURVE()
B_SPLINE_CURVE(2,(#1266,#1267,#1268,#1269,#1270),.UNSPECIFIED.,.F.,.F.)
B_SPLINE_CURVE_WITH_KNOTS((3,2,3),(-1.96349540849362,-1.47262155637022,
-0.98174770424681),.UNSPECIFIED.)
CURVE()
GEOMETRIC_REPRESENTATION_ITEM()
RATIONAL_B_SPLINE_CURVE((1.,0.707106781186548,1.,0.707106781186548,1.))
REPRESENTATION_ITEM('')
);
#611=(
BOUNDED_CURVE()
B_SPLINE_CURVE(1,(#1271,#1272),.UNSPECIFIED.,.F.,.F.)
B_SPLINE_CURVE_WITH_KNOTS((2,2),(0.334000000000011,0.500000000000025),
 .UNSPECIFIED.)
CURVE()
GEOMETRIC_REPRESENTATION_ITEM()
RATIONAL_B_SPLINE_CURVE((1.,1.))
REPRESENTATION_ITEM('')
);
#612=(
BOUNDED_CURVE()
B_SPLINE_CURVE(2,(#1273,#1274,#1275,#1276,#1277),.UNSPECIFIED.,.F.,.F.)
B_SPLINE_CURVE_WITH_KNOTS((3,2,3),(0.,0.490873852123405,0.98174770424681),
 .UNSPECIFIED.)
CURVE()
GEOMETRIC_REPRESENTATION_ITEM()
RATIONAL_B_SPLINE_CURVE((1.,0.707106781186548,1.,0.707106781186548,1.))
REPRESENTATION_ITEM('')
);
#613=(
BOUNDED_CURVE()
B_SPLINE_CURVE(2,(#1278,#1279,#1280,#1281,#1282),.UNSPECIFIED.,.F.,.F.)
B_SPLINE_CURVE_WITH_KNOTS((3,2,3),(-1.96349540849362,-1.47262155637022,
-0.98174770424681),.UNSPECIFIED.)
CURVE()
GEOMETRIC_REPRESENTATION_ITEM()
RATIONAL_B_SPLINE_CURVE((1.,0.707106781186548,1.,0.707106781186548,1.))
REPRESENTATION_ITEM('')
);
#614=(
BOUNDED_CURVE()
B_SPLINE_CURVE(1,(#1283,#1284),.UNSPECIFIED.,.F.,.F.)
B_SPLINE_CURVE_WITH_KNOTS((2,2),(0.334000000000011,0.500000000000025),
 .UNSPECIFIED.)
CURVE()
GEOMETRIC_REPRESENTATION_ITEM()
RATIONAL_B_SPLINE_CURVE((1.,1.))
REPRESENTATION_ITEM('')
);
#615=(
BOUNDED_CURVE()
B_SPLINE_CURVE(2,(#1285,#1286,#1287,#1288,#1289),.UNSPECIFIED.,.F.,.F.)
B_SPLINE_CURVE_WITH_KNOTS((3,2,3),(0.,0.245436926061703,0.490873852123405),
 .UNSPECIFIED.)
CURVE()
GEOMETRIC_REPRESENTATION_ITEM()
RATIONAL_B_SPLINE_CURVE((1.,0.707106781186548,1.,0.707106781186548,1.))
REPRESENTATION_ITEM('')
);
#616=(
BOUNDED_CURVE()
B_SPLINE_CURVE(2,(#1290,#1291,#1292,#1293,#1294),.UNSPECIFIED.,.F.,.F.)
B_SPLINE_CURVE_WITH_KNOTS((3,2,3),(-0.98174770424681,-0.736310778185108,
-0.490873852123405),.UNSPECIFIED.)
CURVE()
GEOMETRIC_REPRESENTATION_ITEM()
RATIONAL_B_SPLINE_CURVE((1.,0.707106781186548,1.,0.707106781186548,1.))
REPRESENTATION_ITEM('')
);
#617=(
BOUNDED_CURVE()
B_SPLINE_CURVE(1,(#1295,#1296),.UNSPECIFIED.,.F.,.F.)
B_SPLINE_CURVE_WITH_KNOTS((2,2),(0.334000000000025,0.49999999999999),
 .UNSPECIFIED.)
CURVE()
GEOMETRIC_REPRESENTATION_ITEM()
RATIONAL_B_SPLINE_CURVE((1.,1.))
REPRESENTATION_ITEM('')
);
#618=(
BOUNDED_CURVE()
B_SPLINE_CURVE(2,(#1297,#1298,#1299,#1300,#1301),.UNSPECIFIED.,.F.,.F.)
B_SPLINE_CURVE_WITH_KNOTS((3,2,3),(0.,0.245436926061703,0.490873852123405),
 .UNSPECIFIED.)
CURVE()
GEOMETRIC_REPRESENTATION_ITEM()
RATIONAL_B_SPLINE_CURVE((1.,0.707106781186548,1.,0.707106781186548,1.))
REPRESENTATION_ITEM('')
);
#619=(
BOUNDED_CURVE()
B_SPLINE_CURVE(2,(#1302,#1303,#1304,#1305,#1306),.UNSPECIFIED.,.F.,.F.)
B_SPLINE_CURVE_WITH_KNOTS((3,2,3),(-0.98174770424681,-0.736310778185108,
-0.490873852123405),.UNSPECIFIED.)
CURVE()
GEOMETRIC_REPRESENTATION_ITEM()
RATIONAL_B_SPLINE_CURVE((1.,0.707106781186548,1.,0.707106781186548,1.))
REPRESENTATION_ITEM('')
);
#620=(
BOUNDED_CURVE()
B_SPLINE_CURVE(1,(#1307,#1308),.UNSPECIFIED.,.F.,.F.)
B_SPLINE_CURVE_WITH_KNOTS((2,2),(0.334000000000025,0.49999999999999),
 .UNSPECIFIED.)
CURVE()
GEOMETRIC_REPRESENTATION_ITEM()
RATIONAL_B_SPLINE_CURVE((1.,1.))
REPRESENTATION_ITEM('')
);
#621=(
BOUNDED_CURVE()
B_SPLINE_CURVE(2,(#1309,#1310,#1311,#1312,#1313),.UNSPECIFIED.,.F.,.F.)
B_SPLINE_CURVE_WITH_KNOTS((3,2,3),(-0.98174770424681,-0.736310778185108,
-0.490873852123405),.UNSPECIFIED.)
CURVE()
GEOMETRIC_REPRESENTATION_ITEM()
RATIONAL_B_SPLINE_CURVE((1.,0.707106781186548,1.,0.707106781186548,1.))
REPRESENTATION_ITEM('')
);
#622=(
BOUNDED_CURVE()
B_SPLINE_CURVE(2,(#1314,#1315,#1316,#1317,#1318),.UNSPECIFIED.,.F.,.F.)
B_SPLINE_CURVE_WITH_KNOTS((3,2,3),(0.,0.245436926061703,0.490873852123405),
 .UNSPECIFIED.)
CURVE()
GEOMETRIC_REPRESENTATION_ITEM()
RATIONAL_B_SPLINE_CURVE((1.,0.707106781186548,1.,0.707106781186548,1.))
REPRESENTATION_ITEM('')
);
#623=(
BOUNDED_CURVE()
B_SPLINE_CURVE(1,(#1319,#1320),.UNSPECIFIED.,.F.,.F.)
B_SPLINE_CURVE_WITH_KNOTS((2,2),(0.334000000000025,0.500000000000004),
 .UNSPECIFIED.)
CURVE()
GEOMETRIC_REPRESENTATION_ITEM()
RATIONAL_B_SPLINE_CURVE((1.,1.))
REPRESENTATION_ITEM('')
);
#624=(
BOUNDED_CURVE()
B_SPLINE_CURVE(2,(#1321,#1322,#1323,#1324,#1325),.UNSPECIFIED.,.F.,.F.)
B_SPLINE_CURVE_WITH_KNOTS((3,2,3),(0.,0.245436926061703,0.490873852123405),
 .UNSPECIFIED.)
CURVE()
GEOMETRIC_REPRESENTATION_ITEM()
RATIONAL_B_SPLINE_CURVE((1.,0.707106781186548,1.,0.707106781186548,1.))
REPRESENTATION_ITEM('')
);
#625=(
BOUNDED_CURVE()
B_SPLINE_CURVE(2,(#1326,#1327,#1328,#1329,#1330),.UNSPECIFIED.,.F.,.F.)
B_SPLINE_CURVE_WITH_KNOTS((3,2,3),(-0.98174770424681,-0.736310778185108,
-0.490873852123405),.UNSPECIFIED.)
CURVE()
GEOMETRIC_REPRESENTATION_ITEM()
RATIONAL_B_SPLINE_CURVE((1.,0.707106781186548,1.,0.707106781186548,1.))
REPRESENTATION_ITEM('')
);
#626=(
BOUNDED_CURVE()
B_SPLINE_CURVE(1,(#1331,#1332),.UNSPECIFIED.,.F.,.F.)
B_SPLINE_CURVE_WITH_KNOTS((2,2),(0.250000000000005,0.415999999999977),
 .UNSPECIFIED.)
CURVE()
GEOMETRIC_REPRESENTATION_ITEM()
RATIONAL_B_SPLINE_CURVE((1.,1.))
REPRESENTATION_ITEM('')
);
#627=(
BOUNDED_CURVE()
B_SPLINE_CURVE(2,(#1333,#1334,#1335,#1336,#1337),.UNSPECIFIED.,.F.,.F.)
B_SPLINE_CURVE_WITH_KNOTS((3,2,3),(0.,0.490873852123405,0.98174770424681),
 .UNSPECIFIED.)
CURVE()
GEOMETRIC_REPRESENTATION_ITEM()
RATIONAL_B_SPLINE_CURVE((1.,0.707106781186548,1.,0.707106781186548,1.))
REPRESENTATION_ITEM('')
);
#628=(
BOUNDED_CURVE()
B_SPLINE_CURVE(2,(#1338,#1339,#1340,#1341,#1342),.UNSPECIFIED.,.F.,.F.)
B_SPLINE_CURVE_WITH_KNOTS((3,2,3),(-1.96349540849362,-1.47262155637022,
-0.98174770424681),.UNSPECIFIED.)
CURVE()
GEOMETRIC_REPRESENTATION_ITEM()
RATIONAL_B_SPLINE_CURVE((1.,0.707106781186548,1.,0.707106781186548,1.))
REPRESENTATION_ITEM('')
);
#629=(
BOUNDED_CURVE()
B_SPLINE_CURVE(1,(#1343,#1344),.UNSPECIFIED.,.F.,.F.)
B_SPLINE_CURVE_WITH_KNOTS((2,2),(0.250000000000005,0.415999999999991),
 .UNSPECIFIED.)
CURVE()
GEOMETRIC_REPRESENTATION_ITEM()
RATIONAL_B_SPLINE_CURVE((1.,1.))
REPRESENTATION_ITEM('')
);
#630=(
BOUNDED_CURVE()
B_SPLINE_CURVE(2,(#1345,#1346,#1347,#1348,#1349),.UNSPECIFIED.,.F.,.F.)
B_SPLINE_CURVE_WITH_KNOTS((3,2,3),(0.,0.490873852123405,0.98174770424681),
 .UNSPECIFIED.)
CURVE()
GEOMETRIC_REPRESENTATION_ITEM()
RATIONAL_B_SPLINE_CURVE((1.,0.707106781186548,1.,0.707106781186548,1.))
REPRESENTATION_ITEM('')
);
#631=(
BOUNDED_CURVE()
B_SPLINE_CURVE(2,(#1350,#1351,#1352,#1353,#1354),.UNSPECIFIED.,.F.,.F.)
B_SPLINE_CURVE_WITH_KNOTS((3,2,3),(-1.96349540849362,-1.47262155637022,
-0.98174770424681),.UNSPECIFIED.)
CURVE()
GEOMETRIC_REPRESENTATION_ITEM()
RATIONAL_B_SPLINE_CURVE((1.,0.707106781186548,1.,0.707106781186548,1.))
REPRESENTATION_ITEM('')
);
#632=(
BOUNDED_CURVE()
B_SPLINE_CURVE(1,(#1355,#1356),.UNSPECIFIED.,.F.,.F.)
B_SPLINE_CURVE_WITH_KNOTS((2,2),(0.250000000000019,0.416000000000005),
 .UNSPECIFIED.)
CURVE()
GEOMETRIC_REPRESENTATION_ITEM()
RATIONAL_B_SPLINE_CURVE((1.,1.))
REPRESENTATION_ITEM('')
);
#633=(
BOUNDED_CURVE()
B_SPLINE_CURVE(2,(#1357,#1358,#1359,#1360,#1361),.UNSPECIFIED.,.F.,.F.)
B_SPLINE_CURVE_WITH_KNOTS((3,2,3),(0.,0.245436926061703,0.490873852123405),
 .UNSPECIFIED.)
CURVE()
GEOMETRIC_REPRESENTATION_ITEM()
RATIONAL_B_SPLINE_CURVE((1.,0.707106781186548,1.,0.707106781186548,1.))
REPRESENTATION_ITEM('')
);
#634=(
BOUNDED_CURVE()
B_SPLINE_CURVE(2,(#1362,#1363,#1364,#1365,#1366),.UNSPECIFIED.,.F.,.F.)
B_SPLINE_CURVE_WITH_KNOTS((3,2,3),(-0.98174770424681,-0.736310778185108,
-0.490873852123405),.UNSPECIFIED.)
CURVE()
GEOMETRIC_REPRESENTATION_ITEM()
RATIONAL_B_SPLINE_CURVE((1.,0.707106781186548,1.,0.707106781186548,1.))
REPRESENTATION_ITEM('')
);
#635=(
BOUNDED_CURVE()
B_SPLINE_CURVE(1,(#1367,#1368),.UNSPECIFIED.,.F.,.F.)
B_SPLINE_CURVE_WITH_KNOTS((2,2),(0.250000000000005,0.415999999999956),
 .UNSPECIFIED.)
CURVE()
GEOMETRIC_REPRESENTATION_ITEM()
RATIONAL_B_SPLINE_CURVE((1.,1.))
REPRESENTATION_ITEM('')
);
#636=(
BOUNDED_CURVE()
B_SPLINE_CURVE(1,(#1369,#1370),.UNSPECIFIED.,.F.,.F.)
B_SPLINE_CURVE_WITH_KNOTS((2,2),(0.334000000000017,0.500000000000028),
 .UNSPECIFIED.)
CURVE()
GEOMETRIC_REPRESENTATION_ITEM()
RATIONAL_B_SPLINE_CURVE((1.,1.))
REPRESENTATION_ITEM('')
);
#637=(
BOUNDED_CURVE()
B_SPLINE_CURVE(2,(#1371,#1372,#1373,#1374,#1375),.UNSPECIFIED.,.F.,.F.)
B_SPLINE_CURVE_WITH_KNOTS((3,2,3),(0.539961237335746,0.809941856003618,
1.07992247467149),.UNSPECIFIED.)
CURVE()
GEOMETRIC_REPRESENTATION_ITEM()
RATIONAL_B_SPLINE_CURVE((1.,0.707106781186548,1.,0.707106781186548,1.))
REPRESENTATION_ITEM('')
);
#638=(
BOUNDED_CURVE()
B_SPLINE_CURVE(2,(#1376,#1377,#1378,#1379,#1380),.UNSPECIFIED.,.F.,.F.)
B_SPLINE_CURVE_WITH_KNOTS((3,2,3),(-0.539961237335746,-0.269980618667873,
0.),.UNSPECIFIED.)
CURVE()
GEOMETRIC_REPRESENTATION_ITEM()
RATIONAL_B_SPLINE_CURVE((1.,0.707106781186548,1.,0.707106781186548,1.))
REPRESENTATION_ITEM('')
);
#639=(
BOUNDED_CURVE()
B_SPLINE_CURVE(1,(#1381,#1382),.UNSPECIFIED.,.F.,.F.)
B_SPLINE_CURVE_WITH_KNOTS((2,2),(0.334000000000017,0.500000000000028),
 .UNSPECIFIED.)
CURVE()
GEOMETRIC_REPRESENTATION_ITEM()
RATIONAL_B_SPLINE_CURVE((1.,1.))
REPRESENTATION_ITEM('')
);
#640=(
BOUNDED_CURVE()
B_SPLINE_CURVE(2,(#1383,#1384,#1385,#1386,#1387),.UNSPECIFIED.,.F.,.F.)
B_SPLINE_CURVE_WITH_KNOTS((3,2,3),(0.539961237335746,0.809941856003618,
1.07992247467149),.UNSPECIFIED.)
CURVE()
GEOMETRIC_REPRESENTATION_ITEM()
RATIONAL_B_SPLINE_CURVE((1.,0.707106781186548,1.,0.707106781186548,1.))
REPRESENTATION_ITEM('')
);
#641=(
BOUNDED_CURVE()
B_SPLINE_CURVE(2,(#1388,#1389,#1390,#1391,#1392),.UNSPECIFIED.,.F.,.F.)
B_SPLINE_CURVE_WITH_KNOTS((3,2,3),(-0.539961237335746,-0.269980618667873,
0.),.UNSPECIFIED.)
CURVE()
GEOMETRIC_REPRESENTATION_ITEM()
RATIONAL_B_SPLINE_CURVE((1.,0.707106781186548,1.,0.707106781186548,1.))
REPRESENTATION_ITEM('')
);
#642=(
BOUNDED_CURVE()
B_SPLINE_CURVE(1,(#1393,#1394),.UNSPECIFIED.,.F.,.F.)
B_SPLINE_CURVE_WITH_KNOTS((2,2),(0.334000000000015,0.500000000000025),
 .UNSPECIFIED.)
CURVE()
GEOMETRIC_REPRESENTATION_ITEM()
RATIONAL_B_SPLINE_CURVE((1.,1.))
REPRESENTATION_ITEM('')
);
#643=(
BOUNDED_CURVE()
B_SPLINE_CURVE(2,(#1395,#1396,#1397,#1398,#1399),.UNSPECIFIED.,.F.,.F.)
B_SPLINE_CURVE_WITH_KNOTS((3,2,3),(0.98174770424681,1.47262155637022,1.96349540849362),
 .UNSPECIFIED.)
CURVE()
GEOMETRIC_REPRESENTATION_ITEM()
RATIONAL_B_SPLINE_CURVE((1.,0.707106781186548,1.,0.707106781186548,1.))
REPRESENTATION_ITEM('')
);
#644=(
BOUNDED_CURVE()
B_SPLINE_CURVE(2,(#1400,#1401,#1402,#1403,#1404),.UNSPECIFIED.,.F.,.F.)
B_SPLINE_CURVE_WITH_KNOTS((3,2,3),(-0.98174770424681,-0.490873852123405,
0.),.UNSPECIFIED.)
CURVE()
GEOMETRIC_REPRESENTATION_ITEM()
RATIONAL_B_SPLINE_CURVE((1.,0.707106781186548,1.,0.707106781186548,1.))
REPRESENTATION_ITEM('')
);
#645=(
BOUNDED_CURVE()
B_SPLINE_CURVE(1,(#1405,#1406),.UNSPECIFIED.,.F.,.F.)
B_SPLINE_CURVE_WITH_KNOTS((2,2),(0.334000000000015,0.500000000000025),
 .UNSPECIFIED.)
CURVE()
GEOMETRIC_REPRESENTATION_ITEM()
RATIONAL_B_SPLINE_CURVE((1.,1.))
REPRESENTATION_ITEM('')
);
#646=(
BOUNDED_CURVE()
B_SPLINE_CURVE(2,(#1407,#1408,#1409,#1410,#1411),.UNSPECIFIED.,.F.,.F.)
B_SPLINE_CURVE_WITH_KNOTS((3,2,3),(0.98174770424681,1.47262155637022,1.96349540849362),
 .UNSPECIFIED.)
CURVE()
GEOMETRIC_REPRESENTATION_ITEM()
RATIONAL_B_SPLINE_CURVE((1.,0.707106781186548,1.,0.707106781186548,1.))
REPRESENTATION_ITEM('')
);
#647=(
BOUNDED_CURVE()
B_SPLINE_CURVE(2,(#1412,#1413,#1414,#1415,#1416),.UNSPECIFIED.,.F.,.F.)
B_SPLINE_CURVE_WITH_KNOTS((3,2,3),(-0.98174770424681,-0.490873852123405,
0.),.UNSPECIFIED.)
CURVE()
GEOMETRIC_REPRESENTATION_ITEM()
RATIONAL_B_SPLINE_CURVE((1.,0.707106781186548,1.,0.707106781186548,1.))
REPRESENTATION_ITEM('')
);
#648=(
BOUNDED_CURVE()
B_SPLINE_CURVE(1,(#1417,#1418),.UNSPECIFIED.,.F.,.F.)
B_SPLINE_CURVE_WITH_KNOTS((2,2),(0.334000000000015,0.500000000000025),
 .UNSPECIFIED.)
CURVE()
GEOMETRIC_REPRESENTATION_ITEM()
RATIONAL_B_SPLINE_CURVE((1.,1.))
REPRESENTATION_ITEM('')
);
#649=(
BOUNDED_CURVE()
B_SPLINE_CURVE(2,(#1419,#1420,#1421,#1422,#1423),.UNSPECIFIED.,.F.,.F.)
B_SPLINE_CURVE_WITH_KNOTS((3,2,3),(0.98174770424681,1.47262155637022,1.96349540849362),
 .UNSPECIFIED.)
CURVE()
GEOMETRIC_REPRESENTATION_ITEM()
RATIONAL_B_SPLINE_CURVE((1.,0.707106781186548,1.,0.707106781186548,1.))
REPRESENTATION_ITEM('')
);
#650=(
BOUNDED_CURVE()
B_SPLINE_CURVE(2,(#1424,#1425,#1426,#1427,#1428),.UNSPECIFIED.,.F.,.F.)
B_SPLINE_CURVE_WITH_KNOTS((3,2,3),(-0.98174770424681,-0.490873852123405,
0.),.UNSPECIFIED.)
CURVE()
GEOMETRIC_REPRESENTATION_ITEM()
RATIONAL_B_SPLINE_CURVE((1.,0.707106781186548,1.,0.707106781186548,1.))
REPRESENTATION_ITEM('')
);
#651=(
BOUNDED_CURVE()
B_SPLINE_CURVE(1,(#1429,#1430),.UNSPECIFIED.,.F.,.F.)
B_SPLINE_CURVE_WITH_KNOTS((2,2),(0.334000000000017,0.499999999999986),
 .UNSPECIFIED.)
CURVE()
GEOMETRIC_REPRESENTATION_ITEM()
RATIONAL_B_SPLINE_CURVE((1.,1.))
REPRESENTATION_ITEM('')
);
#652=(
BOUNDED_CURVE()
B_SPLINE_CURVE(2,(#1431,#1432,#1433,#1434,#1435),.UNSPECIFIED.,.F.,.F.)
B_SPLINE_CURVE_WITH_KNOTS((3,2,3),(0.490873852123405,0.736310778185108,
0.98174770424681),.UNSPECIFIED.)
CURVE()
GEOMETRIC_REPRESENTATION_ITEM()
RATIONAL_B_SPLINE_CURVE((1.,0.707106781186548,1.,0.707106781186548,1.))
REPRESENTATION_ITEM('')
);
#653=(
BOUNDED_CURVE()
B_SPLINE_CURVE(2,(#1436,#1437,#1438,#1439,#1440),.UNSPECIFIED.,.F.,.F.)
B_SPLINE_CURVE_WITH_KNOTS((3,2,3),(-0.490873852123405,-0.245436926061703,
0.),.UNSPECIFIED.)
CURVE()
GEOMETRIC_REPRESENTATION_ITEM()
RATIONAL_B_SPLINE_CURVE((1.,0.707106781186548,1.,0.707106781186548,1.))
REPRESENTATION_ITEM('')
);
#654=(
BOUNDED_CURVE()
B_SPLINE_CURVE(1,(#1441,#1442),.UNSPECIFIED.,.F.,.F.)
B_SPLINE_CURVE_WITH_KNOTS((2,2),(0.334000000000017,0.499999999999986),
 .UNSPECIFIED.)
CURVE()
GEOMETRIC_REPRESENTATION_ITEM()
RATIONAL_B_SPLINE_CURVE((1.,1.))
REPRESENTATION_ITEM('')
);
#655=(
BOUNDED_CURVE()
B_SPLINE_CURVE(2,(#1443,#1444,#1445,#1446,#1447),.UNSPECIFIED.,.F.,.F.)
B_SPLINE_CURVE_WITH_KNOTS((3,2,3),(0.490873852123405,0.736310778185108,
0.98174770424681),.UNSPECIFIED.)
CURVE()
GEOMETRIC_REPRESENTATION_ITEM()
RATIONAL_B_SPLINE_CURVE((1.,0.707106781186548,1.,0.707106781186548,1.))
REPRESENTATION_ITEM('')
);
#656=(
BOUNDED_CURVE()
B_SPLINE_CURVE(2,(#1448,#1449,#1450,#1451,#1452),.UNSPECIFIED.,.F.,.F.)
B_SPLINE_CURVE_WITH_KNOTS((3,2,3),(-0.490873852123405,-0.245436926061703,
0.),.UNSPECIFIED.)
CURVE()
GEOMETRIC_REPRESENTATION_ITEM()
RATIONAL_B_SPLINE_CURVE((1.,0.707106781186548,1.,0.707106781186548,1.))
REPRESENTATION_ITEM('')
);
#657=(
BOUNDED_CURVE()
B_SPLINE_CURVE(1,(#1453,#1454),.UNSPECIFIED.,.F.,.F.)
B_SPLINE_CURVE_WITH_KNOTS((2,2),(0.334000000000017,0.500000000000014),
 .UNSPECIFIED.)
CURVE()
GEOMETRIC_REPRESENTATION_ITEM()
RATIONAL_B_SPLINE_CURVE((1.,1.))
REPRESENTATION_ITEM('')
);
#658=(
BOUNDED_CURVE()
B_SPLINE_CURVE(2,(#1455,#1456,#1457,#1458,#1459),.UNSPECIFIED.,.F.,.F.)
B_SPLINE_CURVE_WITH_KNOTS((3,2,3),(-0.490873852123405,-0.245436926061703,
0.),.UNSPECIFIED.)
CURVE()
GEOMETRIC_REPRESENTATION_ITEM()
RATIONAL_B_SPLINE_CURVE((1.,0.707106781186548,1.,0.707106781186548,1.))
REPRESENTATION_ITEM('')
);
#659=(
BOUNDED_CURVE()
B_SPLINE_CURVE(2,(#1460,#1461,#1462,#1463,#1464),.UNSPECIFIED.,.F.,.F.)
B_SPLINE_CURVE_WITH_KNOTS((3,2,3),(0.490873852123405,0.736310778185108,
0.98174770424681),.UNSPECIFIED.)
CURVE()
GEOMETRIC_REPRESENTATION_ITEM()
RATIONAL_B_SPLINE_CURVE((1.,0.707106781186548,1.,0.707106781186548,1.))
REPRESENTATION_ITEM('')
);
#660=(
BOUNDED_CURVE()
B_SPLINE_CURVE(1,(#1465,#1466),.UNSPECIFIED.,.F.,.F.)
B_SPLINE_CURVE_WITH_KNOTS((2,2),(0.25,0.415999999999983),.UNSPECIFIED.)
CURVE()
GEOMETRIC_REPRESENTATION_ITEM()
RATIONAL_B_SPLINE_CURVE((1.,1.))
REPRESENTATION_ITEM('')
);
#661=(
BOUNDED_CURVE()
B_SPLINE_CURVE(2,(#1467,#1468,#1469,#1470,#1471),.UNSPECIFIED.,.F.,.F.)
B_SPLINE_CURVE_WITH_KNOTS((3,2,3),(0.490873852123405,0.736310778185108,
0.98174770424681),.UNSPECIFIED.)
CURVE()
GEOMETRIC_REPRESENTATION_ITEM()
RATIONAL_B_SPLINE_CURVE((1.,0.707106781186548,1.,0.707106781186548,1.))
REPRESENTATION_ITEM('')
);
#662=(
BOUNDED_CURVE()
B_SPLINE_CURVE(2,(#1472,#1473,#1474,#1475,#1476),.UNSPECIFIED.,.F.,.F.)
B_SPLINE_CURVE_WITH_KNOTS((3,2,3),(-0.490873852123405,-0.245436926061703,
0.),.UNSPECIFIED.)
CURVE()
GEOMETRIC_REPRESENTATION_ITEM()
RATIONAL_B_SPLINE_CURVE((1.,0.707106781186548,1.,0.707106781186548,1.))
REPRESENTATION_ITEM('')
);
#663=(
BOUNDED_CURVE()
B_SPLINE_CURVE(1,(#1477,#1478),.UNSPECIFIED.,.F.,.F.)
B_SPLINE_CURVE_WITH_KNOTS((2,2),(0.25,0.415999999999997),.UNSPECIFIED.)
CURVE()
GEOMETRIC_REPRESENTATION_ITEM()
RATIONAL_B_SPLINE_CURVE((1.,1.))
REPRESENTATION_ITEM('')
);
#664=(
BOUNDED_CURVE()
B_SPLINE_CURVE(2,(#1479,#1480,#1481,#1482,#1483),.UNSPECIFIED.,.F.,.F.)
B_SPLINE_CURVE_WITH_KNOTS((3,2,3),(0.98174770424681,1.47262155637022,1.96349540849362),
 .UNSPECIFIED.)
CURVE()
GEOMETRIC_REPRESENTATION_ITEM()
RATIONAL_B_SPLINE_CURVE((1.,0.707106781186548,1.,0.707106781186548,1.))
REPRESENTATION_ITEM('')
);
#665=(
BOUNDED_CURVE()
B_SPLINE_CURVE(2,(#1484,#1485,#1486,#1487,#1488),.UNSPECIFIED.,.F.,.F.)
B_SPLINE_CURVE_WITH_KNOTS((3,2,3),(-0.98174770424681,-0.490873852123405,
0.),.UNSPECIFIED.)
CURVE()
GEOMETRIC_REPRESENTATION_ITEM()
RATIONAL_B_SPLINE_CURVE((1.,0.707106781186548,1.,0.707106781186548,1.))
REPRESENTATION_ITEM('')
);
#666=(
BOUNDED_CURVE()
B_SPLINE_CURVE(1,(#1489,#1490),.UNSPECIFIED.,.F.,.F.)
B_SPLINE_CURVE_WITH_KNOTS((2,2),(0.250000000000014,0.416000000000011),
 .UNSPECIFIED.)
CURVE()
GEOMETRIC_REPRESENTATION_ITEM()
RATIONAL_B_SPLINE_CURVE((1.,1.))
REPRESENTATION_ITEM('')
);
#667=(
BOUNDED_CURVE()
B_SPLINE_CURVE(2,(#1491,#1492,#1493,#1494,#1495),.UNSPECIFIED.,.F.,.F.)
B_SPLINE_CURVE_WITH_KNOTS((3,2,3),(0.98174770424681,1.47262155637022,1.96349540849362),
 .UNSPECIFIED.)
CURVE()
GEOMETRIC_REPRESENTATION_ITEM()
RATIONAL_B_SPLINE_CURVE((1.,0.707106781186548,1.,0.707106781186548,1.))
REPRESENTATION_ITEM('')
);
#668=(
BOUNDED_CURVE()
B_SPLINE_CURVE(2,(#1496,#1497,#1498,#1499,#1500),.UNSPECIFIED.,.F.,.F.)
B_SPLINE_CURVE_WITH_KNOTS((3,2,3),(-0.98174770424681,-0.490873852123405,
0.),.UNSPECIFIED.)
CURVE()
GEOMETRIC_REPRESENTATION_ITEM()
RATIONAL_B_SPLINE_CURVE((1.,0.707106781186548,1.,0.707106781186548,1.))
REPRESENTATION_ITEM('')
);
#669=(
BOUNDED_CURVE()
B_SPLINE_CURVE(1,(#1501,#1502),.UNSPECIFIED.,.F.,.F.)
B_SPLINE_CURVE_WITH_KNOTS((2,2),(0.25,0.415999999999954),.UNSPECIFIED.)
CURVE()
GEOMETRIC_REPRESENTATION_ITEM()
RATIONAL_B_SPLINE_CURVE((1.,1.))
REPRESENTATION_ITEM('')
);
#670=(
BOUNDED_CURVE()
B_SPLINE_CURVE(2,(#1503,#1504,#1505,#1506,#1507),.UNSPECIFIED.,.F.,.F.)
B_SPLINE_CURVE_WITH_KNOTS((3,2,3),(0.490873852123405,0.736310778185108,
0.98174770424681),.UNSPECIFIED.)
CURVE()
GEOMETRIC_REPRESENTATION_ITEM()
RATIONAL_B_SPLINE_CURVE((1.,0.707106781186548,1.,0.707106781186548,1.))
REPRESENTATION_ITEM('')
);
#671=(
BOUNDED_CURVE()
B_SPLINE_CURVE(2,(#1508,#1509,#1510,#1511,#1512),.UNSPECIFIED.,.F.,.F.)
B_SPLINE_CURVE_WITH_KNOTS((3,2,3),(-0.490873852123405,-0.245436926061703,
0.),.UNSPECIFIED.)
CURVE()
GEOMETRIC_REPRESENTATION_ITEM()
RATIONAL_B_SPLINE_CURVE((1.,0.707106781186548,1.,0.707106781186548,1.))
REPRESENTATION_ITEM('')
);
#672=VERTEX_POINT('',#1017);
#673=VERTEX_POINT('',#1018);
#674=VERTEX_POINT('',#1019);
#675=VERTEX_POINT('',#1020);
#676=VERTEX_POINT('',#1021);
#677=VERTEX_POINT('',#1022);
#678=VERTEX_POINT('',#1023);
#679=VERTEX_POINT('',#1024);
#680=VERTEX_POINT('',#1025);
#681=VERTEX_POINT('',#1026);
#682=VERTEX_POINT('',#1027);
#683=VERTEX_POINT('',#1028);
#684=VERTEX_POINT('',#1029);
#685=VERTEX_POINT('',#1030);
#686=VERTEX_POINT('',#1031);
#687=VERTEX_POINT('',#1032);
#688=VERTEX_POINT('',#1033);
#689=VERTEX_POINT('',#1034);
#690=VERTEX_POINT('',#1035);
#691=VERTEX_POINT('',#1036);
#692=VERTEX_POINT('',#1037);
#693=VERTEX_POINT('',#1038);
#694=VERTEX_POINT('',#1039);
#695=VERTEX_POINT('',#1040);
#696=VERTEX_POINT('',#1041);
#697=VERTEX_POINT('',#1042);
#698=VERTEX_POINT('',#1043);
#699=VERTEX_POINT('',#1044);
#700=VERTEX_POINT('',#1045);
#701=VERTEX_POINT('',#1046);
#702=VERTEX_POINT('',#1047);
#703=VERTEX_POINT('',#1048);
#704=VERTEX_POINT('',#1049);
#705=VERTEX_POINT('',#1050);
#706=VERTEX_POINT('',#1051);
#707=VERTEX_POINT('',#1052);
#708=VERTEX_POINT('',#1053);
#709=VERTEX_POINT('',#1054);
#710=VERTEX_POINT('',#1055);
#711=VERTEX_POINT('',#1056);
#712=VERTEX_POINT('',#1057);
#713=VERTEX_POINT('',#1058);
#714=VERTEX_POINT('',#1059);
#715=VERTEX_POINT('',#1060);
#716=VERTEX_POINT('',#1061);
#717=VERTEX_POINT('',#1062);
#718=VERTEX_POINT('',#1063);
#719=VERTEX_POINT('',#1064);
#720=VERTEX_POINT('',#1065);
#721=VERTEX_POINT('',#1066);
#722=VERTEX_POINT('',#1067);
#723=VERTEX_POINT('',#1068);
#724=VERTEX_POINT('',#1069);
#725=VERTEX_POINT('',#1070);
#726=VERTEX_POINT('',#1071);
#727=VERTEX_POINT('',#1072);
#728=VERTEX_POINT('',#1073);
#729=VERTEX_POINT('',#1074);
#730=VERTEX_POINT('',#1075);
#731=VERTEX_POINT('',#1076);
#732=VERTEX_POINT('',#1077);
#733=VERTEX_POINT('',#1078);
#734=VERTEX_POINT('',#1079);
#735=VERTEX_POINT('',#1080);
#736=VERTEX_POINT('',#1081);
#737=VERTEX_POINT('',#1082);
#738=VERTEX_POINT('',#1083);
#739=VERTEX_POINT('',#1084);
#740=VERTEX_POINT('',#1085);
#741=VERTEX_POINT('',#1086);
#742=VERTEX_POINT('',#1087);
#743=VERTEX_POINT('',#1088);
#744=VERTEX_POINT('',#1089);
#745=VERTEX_POINT('',#1090);
#746=VERTEX_POINT('',#1091);
#747=VERTEX_POINT('',#1092);
#748=VERTEX_POINT('',#1093);
#749=VERTEX_POINT('',#1094);
#750=VERTEX_POINT('',#1095);
#751=VERTEX_POINT('',#1096);
#752=PLANE('',#886);
#753=PLANE('',#888);
#754=PLANE('',#890);
#755=PLANE('',#892);
#756=PLANE('',#894);
#757=PLANE('',#896);
#758=PLANE('',#898);
#759=PLANE('',#900);
#760=PLANE('',#901);
#761=PLANE('',#902);
#762=CYLINDRICAL_SURFACE('',#885,0.250000000001104);
#763=CYLINDRICAL_SURFACE('',#887,0.249999999999773);
#764=CYLINDRICAL_SURFACE('',#889,0.250000000000128);
#765=CYLINDRICAL_SURFACE('',#891,0.250000000000227);
#766=CYLINDRICAL_SURFACE('',#893,0.08400000000006);
#767=CYLINDRICAL_SURFACE('',#895,0.0840000000007362);
#768=CYLINDRICAL_SURFACE('',#897,0.0839999999989232);
#769=CYLINDRICAL_SURFACE('',#899,0.0840000000004446);
#770=CYLINDRICAL_SURFACE('',#903,0.171875);
#771=CYLINDRICAL_SURFACE('',#904,0.171875);
#772=CYLINDRICAL_SURFACE('',#905,0.312500000000227);
#773=CYLINDRICAL_SURFACE('',#906,0.3125);
#774=CYLINDRICAL_SURFACE('',#907,0.3125);
#775=CYLINDRICAL_SURFACE('',#908,0.156249999999773);
#776=CYLINDRICAL_SURFACE('',#909,0.15625);
#777=CYLINDRICAL_SURFACE('',#910,0.15625);
#778=CYLINDRICAL_SURFACE('',#911,0.156250000000227);
#779=CYLINDRICAL_SURFACE('',#912,0.312500000000227);
#780=CYLINDRICAL_SURFACE('',#913,0.3125);
#781=CYLINDRICAL_SURFACE('',#914,0.15625);
#782=CYLINDRICAL_SURFACE('',#915,0.171875);
#783=CYLINDRICAL_SURFACE('',#916,0.171875);
#784=CYLINDRICAL_SURFACE('',#917,0.3125);
#785=CYLINDRICAL_SURFACE('',#918,0.3125);
#786=CYLINDRICAL_SURFACE('',#919,0.3125);
#787=CYLINDRICAL_SURFACE('',#920,0.15625);
#788=CYLINDRICAL_SURFACE('',#921,0.15625);
#789=CYLINDRICAL_SURFACE('',#922,0.15625);
#790=CYLINDRICAL_SURFACE('',#923,0.156249999999773);
#791=CYLINDRICAL_SURFACE('',#924,0.3125);
#792=CYLINDRICAL_SURFACE('',#925,0.3125);
#793=CYLINDRICAL_SURFACE('',#926,0.15625);
#794=SHAPE_DEFINITION_REPRESENTATION(#795,#883);
#795=PRODUCT_DEFINITION_SHAPE('Document','',#797);
#796=PRODUCT_DEFINITION_CONTEXT('3D Mechanical Parts',#869,'design');
#797=PRODUCT_DEFINITION('A','First version',#839,#796);
#798=DATE_TIME_ROLE('classification_date');
#799=DATE_TIME_ROLE('creation_date');
#800=APPLIED_DATE_AND_TIME_ASSIGNMENT(#824,#798,(#803));
#801=APPLIED_DATE_AND_TIME_ASSIGNMENT(#826,#799,(#797));
#802=SECURITY_CLASSIFICATION_LEVEL('unclassified');
#803=SECURITY_CLASSIFICATION('A','Security for version',#802);
#804=APPLIED_SECURITY_CLASSIFICATION_ASSIGNMENT(#803,(#839));
#805=APPROVAL_ROLE('Version approval');
#806=APPROVAL_ROLE('Version Security approval');
#807=APPROVAL_ROLE('Definition approval');
#808=APPROVAL_PERSON_ORGANIZATION(#857,#833,#805);
#809=APPROVAL_PERSON_ORGANIZATION(#858,#834,#806);
#810=APPROVAL_PERSON_ORGANIZATION(#861,#835,#807);
#811=COORDINATED_UNIVERSAL_TIME_OFFSET(5,0,.BEHIND.);
#812=LOCAL_TIME(0,0,0.,#811);
#813=LOCAL_TIME(0,0,0.,#811);
#814=LOCAL_TIME(0,0,0.,#811);
#815=LOCAL_TIME(0,0,0.,#811);
#816=LOCAL_TIME(0,0,0.,#811);
#817=CALENDAR_DATE(1999,1,1);
#818=CALENDAR_DATE(1999,1,1);
#819=CALENDAR_DATE(1999,1,1);
#820=CALENDAR_DATE(1999,1,1);
#821=CALENDAR_DATE(1999,1,1);
#822=DATE_AND_TIME(#817,#812);
#823=DATE_AND_TIME(#818,#813);
#824=DATE_AND_TIME(#819,#814);
#825=DATE_AND_TIME(#820,#815);
#826=DATE_AND_TIME(#821,#816);
#827=APPROVAL_DATE_TIME(#822,#833);
#828=APPROVAL_DATE_TIME(#823,#834);
#829=APPROVAL_DATE_TIME(#825,#835);
#830=APPROVAL_STATUS('not_yet_approved');
#831=APPROVAL_STATUS('not_yet_approved');
#832=APPROVAL_STATUS('approved');
#833=APPROVAL(#830,'Version approval');
#834=APPROVAL(#831,'Version Security approval');
#835=APPROVAL(#832,'Definition approval');
#836=APPLIED_APPROVAL_ASSIGNMENT(#833,(#839));
#837=APPLIED_APPROVAL_ASSIGNMENT(#834,(#803));
#838=APPLIED_APPROVAL_ASSIGNMENT(#835,(#797));
#839=PRODUCT_DEFINITION_FORMATION_WITH_SPECIFIED_SOURCE('A',
'First version',#871,.MADE.);
#840=PERSON_AND_ORGANIZATION_ROLE('design_owner');
#841=PERSON_AND_ORGANIZATION_ROLE('creator');
#842=PERSON_AND_ORGANIZATION_ROLE('design_supplier');
#843=PERSON_AND_ORGANIZATION_ROLE('classification_officer');
#844=PERSON_AND_ORGANIZATION_ROLE('creator');
#845=ORGANIZATION('STI','lab','lab');
#846=ORGANIZATION('STI','unknown','unknown');
#847=ORGANIZATION('STI','unknown','unknown');
#848=ORGANIZATION('STI','unknown','unknown');
#849=ORGANIZATION('STI','unknown','unknown');
#850=ORGANIZATION('STI','unknown','unknown');
#851=ORGANIZATION('STI','unknown','unknown');
#852=PERSON('1','Box','vc60',$,$,$);
#853=PERSON('2','last','first',$,$,$);
#854=PERSON('3','President','Mr.',$,$,$);
#855=PERSON_AND_ORGANIZATION(#852,#845);
#856=PERSON_AND_ORGANIZATION(#853,#846);
#857=PERSON_AND_ORGANIZATION(#854,#847);
#858=PERSON_AND_ORGANIZATION(#854,#848);
#859=PERSON_AND_ORGANIZATION(#854,#849);
#860=PERSON_AND_ORGANIZATION(#853,#850);
#861=PERSON_AND_ORGANIZATION(#854,#851);
#862=APPLIED_PERSON_AND_ORGANIZATION_ASSIGNMENT(#855,#840,(#871));
#863=APPLIED_PERSON_AND_ORGANIZATION_ASSIGNMENT(#856,#841,(#839));
#864=APPLIED_PERSON_AND_ORGANIZATION_ASSIGNMENT(#856,#842,(#839));
#865=APPLIED_PERSON_AND_ORGANIZATION_ASSIGNMENT(#859,#843,(#803));
#866=APPLIED_PERSON_AND_ORGANIZATION_ASSIGNMENT(#860,#844,(#797));
#867=PRODUCT_RELATED_PRODUCT_CATEGORY('detail','detail',(#871));
#868=APPLICATION_PROTOCOL_DEFINITION('International Standard',
'config_control_design',1994,#869);
#869=APPLICATION_CONTEXT(
'configuration controlled 3d designs of mechanical parts and assemblie
s');
#870=PRODUCT_CONTEXT('3D Mechanical Parts',#869,'mechanical');
#871=PRODUCT('Document','Document','',(#870));
#872=(
LENGTH_UNIT()
NAMED_UNIT(*)
SI_UNIT(.CENTI.,.METRE.)
);
#873=LENGTH_MEASURE_WITH_UNIT(LENGTH_MEASURE(2.54),#872);
#874=(
CONVERSION_BASED_UNIT('INCH',#873)
LENGTH_UNIT()
NAMED_UNIT(#877)
);
#875=(
NAMED_UNIT(*)
PLANE_ANGLE_UNIT()
SI_UNIT($,.RADIAN.)
);
#876=DIMENSIONAL_EXPONENTS(0.,0.,0.,0.,0.,0.,0.);
#877=DIMENSIONAL_EXPONENTS(1.,0.,0.,0.,0.,0.,0.);
#878=PLANE_ANGLE_MEASURE_WITH_UNIT(PLANE_ANGLE_MEASURE(0.01745329252),#875);
#879=(
CONVERSION_BASED_UNIT('DEGREES',#878)
NAMED_UNIT(#876)
PLANE_ANGLE_UNIT()
);
#880=(
NAMED_UNIT(*)
SI_UNIT($,.STERADIAN.)
SOLID_ANGLE_UNIT()
);
#881=UNCERTAINTY_MEASURE_WITH_UNIT(LENGTH_MEASURE(0.000393700787401575),
#874,'DISTANCE_ACCURACY_VALUE',
'Maximum model space distance between geometric entities at asserted c
onnectivities');
#882=(
GEOMETRIC_REPRESENTATION_CONTEXT(3)
GLOBAL_UNCERTAINTY_ASSIGNED_CONTEXT((#881))
GLOBAL_UNIT_ASSIGNED_CONTEXT((#880,#879,#874))
REPRESENTATION_CONTEXT('ID1','3D')
);
#883=SHAPE_REPRESENTATION('Document',(#884,#927),#882);
#884=AXIS2_PLACEMENT_3D('',#974,#928,#929);
#885=AXIS2_PLACEMENT_3D('',#975,#930,$);
#886=AXIS2_PLACEMENT_3D('',#976,#931,$);
#887=AXIS2_PLACEMENT_3D('',#977,#932,$);
#888=AXIS2_PLACEMENT_3D('',#978,#933,$);
#889=AXIS2_PLACEMENT_3D('',#979,#934,$);
#890=AXIS2_PLACEMENT_3D('',#980,#935,$);
#891=AXIS2_PLACEMENT_3D('',#981,#936,$);
#892=AXIS2_PLACEMENT_3D('',#982,#937,$);
#893=AXIS2_PLACEMENT_3D('',#983,#938,$);
#894=AXIS2_PLACEMENT_3D('',#984,#939,$);
#895=AXIS2_PLACEMENT_3D('',#985,#940,$);
#896=AXIS2_PLACEMENT_3D('',#986,#941,$);
#897=AXIS2_PLACEMENT_3D('',#987,#942,$);
#898=AXIS2_PLACEMENT_3D('',#988,#943,$);
#899=AXIS2_PLACEMENT_3D('',#989,#944,$);
#900=AXIS2_PLACEMENT_3D('',#990,#945,$);
#901=AXIS2_PLACEMENT_3D('',#991,#946,$);
#902=AXIS2_PLACEMENT_3D('',#992,#947,$);
#903=AXIS2_PLACEMENT_3D('',#993,#948,$);
#904=AXIS2_PLACEMENT_3D('',#994,#949,$);
#905=AXIS2_PLACEMENT_3D('',#995,#950,$);
#906=AXIS2_PLACEMENT_3D('',#996,#951,$);
#907=AXIS2_PLACEMENT_3D('',#997,#952,$);
#908=AXIS2_PLACEMENT_3D('',#998,#953,$);
#909=AXIS2_PLACEMENT_3D('',#999,#954,$);
#910=AXIS2_PLACEMENT_3D('',#1000,#955,$);
#911=AXIS2_PLACEMENT_3D('',#1001,#956,$);
#912=AXIS2_PLACEMENT_3D('',#1002,#957,$);
#913=AXIS2_PLACEMENT_3D('',#1003,#958,$);
#914=AXIS2_PLACEMENT_3D('',#1004,#959,$);
#915=AXIS2_PLACEMENT_3D('',#1005,#960,$);
#916=AXIS2_PLACEMENT_3D('',#1006,#961,$);
#917=AXIS2_PLACEMENT_3D('',#1007,#962,$);
#918=AXIS2_PLACEMENT_3D('',#1008,#963,$);
#919=AXIS2_PLACEMENT_3D('',#1009,#964,$);
#920=AXIS2_PLACEMENT_3D('',#1010,#965,$);
#921=AXIS2_PLACEMENT_3D('',#1011,#966,$);
#922=AXIS2_PLACEMENT_3D('',#1012,#967,$);
#923=AXIS2_PLACEMENT_3D('',#1013,#968,$);
#924=AXIS2_PLACEMENT_3D('',#1014,#969,$);
#925=AXIS2_PLACEMENT_3D('',#1015,#970,$);
#926=AXIS2_PLACEMENT_3D('',#1016,#971,$);
#927=AXIS2_PLACEMENT_3D('',#1513,#972,#973);
#928=DIRECTION('',(0.,0.,1.));
#929=DIRECTION('',(1.,0.,0.));
#930=DIRECTION('',(1.,2.1957144439373E-12,-2.19571444393929E-12));
#931=DIRECTION('',(0.,1.,0.));
#932=DIRECTION('',(1.,2.19571444391654E-12,2.19571444391841E-12));
#933=DIRECTION('',(0.,0.,1.));
#934=DIRECTION('',(1.,2.1957144439378E-12,-2.19571444393355E-12));
#935=DIRECTION('',(0.,-1.,0.));
#936=DIRECTION('',(1.,-2.1957144439357E-12,-2.19571444393171E-12));
#937=DIRECTION('',(0.,0.,-1.));
#938=DIRECTION('',(-1.,-6.53486441645778E-12,6.53486441644672E-12));
#939=DIRECTION('',(0.,0.,1.));
#940=DIRECTION('',(-1.,0.,0.));
#941=DIRECTION('',(0.,1.,0.));
#942=DIRECTION('',(-1.,0.,0.));
#943=DIRECTION('',(0.,0.,-1.));
#944=DIRECTION('',(-1.,0.,0.));
#945=DIRECTION('',(0.,-1.,0.));
#946=DIRECTION('',(-1.,0.,0.));
#947=DIRECTION('',(1.,0.,0.));
#948=DIRECTION('',(0.,0.,-1.));
#949=DIRECTION('',(0.,0.,-1.));
#950=DIRECTION('',(0.,0.,-1.));
#951=DIRECTION('',(0.,0.,-1.));
#952=DIRECTION('',(0.,0.,-1.));
#953=DIRECTION('',(0.,0.,1.));
#954=DIRECTION('',(0.,0.,1.));
#955=DIRECTION('',(0.,0.,1.));
#956=DIRECTION('',(0.,0.,1.));
#957=DIRECTION('',(0.,0.,1.));
#958=DIRECTION('',(0.,0.,1.));
#959=DIRECTION('',(0.,0.,1.));
#960=DIRECTION('',(0.,0.,-1.));
#961=DIRECTION('',(0.,0.,-1.));
#962=DIRECTION('',(0.,0.,-1.));
#963=DIRECTION('',(0.,0.,-1.));
#964=DIRECTION('',(0.,0.,-1.));
#965=DIRECTION('',(0.,0.,1.));
#966=DIRECTION('',(0.,0.,1.));
#967=DIRECTION('',(0.,0.,1.));
#968=DIRECTION('',(0.,0.,1.));
#969=DIRECTION('',(0.,0.,1.));
#970=DIRECTION('',(0.,0.,1.));
#971=DIRECTION('',(0.,2.84217094303626E-15,1.));
#972=DIRECTION('',(0.,0.,1.));
#973=DIRECTION('',(1.,0.,0.));
#974=CARTESIAN_POINT('',(0.,0.,0.));
#975=CARTESIAN_POINT('',(1187.80109208768,-1445.55655263372,1.00000111490645));
#976=CARTESIAN_POINT('',(1151.01796513992,-1445.30655263371,1.00000111490534));
#977=CARTESIAN_POINT('',(1187.80109208768,-1445.55655263371,2.50000111490562));
#978=CARTESIAN_POINT('',(1151.01796513992,-1445.55655263371,2.75000111490534));
#979=CARTESIAN_POINT('',(1187.80109208768,-1450.05655263371,2.50000111490522));
#980=CARTESIAN_POINT('',(1151.01796513992,-1450.30655263371,2.50000111490532));
#981=CARTESIAN_POINT('',(1187.80109208768,-1450.05655263371,1.00000111490544));
#982=CARTESIAN_POINT('',(1151.01796513992,-1450.05655263371,0.750001114905345));
#983=CARTESIAN_POINT('',(1187.80109208768,-1445.55655263371,1.00000111490533));
#984=CARTESIAN_POINT('',(1151.01796513992,-1445.55655263371,0.916001114905342));
#985=CARTESIAN_POINT('',(1187.80109208768,-1450.05655263371,1.00000111490608));
#986=CARTESIAN_POINT('',(1151.01796513992,-1450.14055263371,1.00000111490532));
#987=CARTESIAN_POINT('',(1187.80109208768,-1450.05655263372,2.50000111490635));
#988=CARTESIAN_POINT('',(1151.01796513992,-1450.05655263371,2.58400111490538));
#989=CARTESIAN_POINT('',(1187.80109208768,-1445.55655263372,2.50000111490493));
#990=CARTESIAN_POINT('',(1151.01796513992,-1445.47255263371,2.50000111490534));
#991=CARTESIAN_POINT('',(1151.01796513992,-1450.93155263371,0.500001114905345));
#992=CARTESIAN_POINT('',(1224.58421903544,-1450.93155263371,0.500001114905345));
#993=CARTESIAN_POINT('',(1221.33553357277,-1447.80670261716,0.750001114905359));
#994=CARTESIAN_POINT('',(1154.26665060259,-1447.80670261716,0.750001114905359));
#995=CARTESIAN_POINT('',(1187.80109208768,-1447.80655263371,0.750001114905359));
#996=CARTESIAN_POINT('',(1207.58421903544,-1447.80655263371,0.750001114905359));
#997=CARTESIAN_POINT('',(1168.01796513992,-1447.80655263371,0.750001114905359));
#998=CARTESIAN_POINT('',(1187.7997747194,-1447.80654311643,2.75000111490534));
#999=CARTESIAN_POINT('',(1207.58290166716,-1447.80654311643,2.75000111490534));
#1000=CARTESIAN_POINT('',(1168.01664777164,-1447.80654311643,2.75000111490534));
#1001=CARTESIAN_POINT('',(1224.08290166716,-1447.80654311643,2.81157952636981));
#1002=CARTESIAN_POINT('',(1224.08421903544,-1447.80655263371,0.97757952636978));
#1003=CARTESIAN_POINT('',(1151.51796513992,-1447.80655263371,0.97757952636978));
#1004=CARTESIAN_POINT('',(1151.5192825082,-1447.80654311643,2.81157952636981));
#1005=CARTESIAN_POINT('',(1221.33553357277,-1447.80670261716,0.750001114905359));
#1006=CARTESIAN_POINT('',(1154.26665060259,-1447.80670261716,0.750001114905359));
#1007=CARTESIAN_POINT('',(1187.80109208768,-1447.80655263371,0.750001114905359));
#1008=CARTESIAN_POINT('',(1207.58421903544,-1447.80655263371,0.750001114905359));
#1009=CARTESIAN_POINT('',(1168.01796513992,-1447.80655263371,0.750001114905359));
#1010=CARTESIAN_POINT('',(1187.7997747194,-1447.80654311643,2.75000111490534));
#1011=CARTESIAN_POINT('',(1207.58290166716,-1447.80654311643,2.75000111490534));
#1012=CARTESIAN_POINT('',(1168.01664777164,-1447.80654311643,2.75000111490534));
#1013=CARTESIAN_POINT('',(1224.08290166716,-1447.80654311643,2.81157952636981));
#1014=CARTESIAN_POINT('',(1224.08421903544,-1447.80655263371,0.97757952636978));
#1015=CARTESIAN_POINT('',(1151.51796513992,-1447.80655263371,0.97757952636978));
#1016=CARTESIAN_POINT('',(1151.5192825082,-1447.80654311643,2.81157952636981));
#1017=CARTESIAN_POINT('',(1151.01796513992,-1445.55655263371,0.750001114905345));
#1018=CARTESIAN_POINT('',(1151.01796513992,-1445.30655263371,1.00000111490534));
#1019=CARTESIAN_POINT('',(1224.58421903544,-1445.30655263371,1.00000111490534));
#1020=CARTESIAN_POINT('',(1224.58421903544,-1445.55655263371,0.750001114905345));
#1021=CARTESIAN_POINT('',(1151.01796513992,-1445.30655263371,2.50000111490533));
#1022=CARTESIAN_POINT('',(1224.58421903544,-1445.30655263371,2.50000111490533));
#1023=CARTESIAN_POINT('',(1151.01796513992,-1445.55655263371,2.75000111490534));
#1024=CARTESIAN_POINT('',(1224.58421903544,-1445.55655263371,2.75000111490534));
#1025=CARTESIAN_POINT('',(1151.01796513992,-1450.05655263371,2.75000111490534));
#1026=CARTESIAN_POINT('',(1224.58421903544,-1450.05655263371,2.75000111490534));
#1027=CARTESIAN_POINT('',(1151.01796513992,-1450.30655263371,2.50000111490532));
#1028=CARTESIAN_POINT('',(1224.58421903544,-1450.30655263371,2.50000111490532));
#1029=CARTESIAN_POINT('',(1151.01796513992,-1450.30655263371,1.00000111490534));
#1030=CARTESIAN_POINT('',(1224.58421903544,-1450.30655263371,1.00000111490534));
#1031=CARTESIAN_POINT('',(1151.01796513992,-1450.05655263371,0.750001114905345));
#1032=CARTESIAN_POINT('',(1224.58421903544,-1450.05655263371,0.750001114905345));
#1033=CARTESIAN_POINT('',(1151.01796513992,-1445.47255263371,1.00000111490532));
#1034=CARTESIAN_POINT('',(1151.01796513992,-1445.55655263371,0.916001114905342));
#1035=CARTESIAN_POINT('',(1224.58421903544,-1445.55655263371,0.916001114905342));
#1036=CARTESIAN_POINT('',(1224.58421903544,-1445.47255263371,1.00000111490532));
#1037=CARTESIAN_POINT('',(1151.01796513992,-1450.05655263371,0.916001114905342));
#1038=CARTESIAN_POINT('',(1224.58421903544,-1450.05655263371,0.916001114905342));
#1039=CARTESIAN_POINT('',(1151.01796513992,-1450.14055263371,1.00000111490532));
#1040=CARTESIAN_POINT('',(1224.58421903544,-1450.14055263371,1.00000111490532));
#1041=CARTESIAN_POINT('',(1151.01796513992,-1450.14055263371,2.50000111490533));
#1042=CARTESIAN_POINT('',(1224.58421903544,-1450.14055263371,2.50000111490533));
#1043=CARTESIAN_POINT('',(1151.01796513992,-1450.05655263371,2.58400111490538));
#1044=CARTESIAN_POINT('',(1224.58421903544,-1450.05655263371,2.58400111490538));
#1045=CARTESIAN_POINT('',(1151.01796513992,-1445.55655263371,2.58400111490538));
#1046=CARTESIAN_POINT('',(1224.58421903544,-1445.55655263371,2.58400111490538));
#1047=CARTESIAN_POINT('',(1151.01796513992,-1445.47255263371,2.50000111490534));
#1048=CARTESIAN_POINT('',(1224.58421903544,-1445.47255263371,2.50000111490534));
#1049=CARTESIAN_POINT('',(1221.50740857277,-1447.80670261716,0.750001114905331));
#1050=CARTESIAN_POINT('',(1221.50740857277,-1447.80670261716,0.916001114905342));
#1051=CARTESIAN_POINT('',(1154.09477560259,-1447.80670261716,0.750001114905359));
#1052=CARTESIAN_POINT('',(1154.09477560259,-1447.80670261716,0.916001114905342));
#1053=CARTESIAN_POINT('',(1188.11359208768,-1447.80655263371,0.750001114905345));
#1054=CARTESIAN_POINT('',(1188.11359208768,-1447.80655263371,0.916001114905328));
#1055=CARTESIAN_POINT('',(1207.89671903544,-1447.80655263371,0.750001114905345));
#1056=CARTESIAN_POINT('',(1207.89671903544,-1447.80655263371,0.916001114905356));
#1057=CARTESIAN_POINT('',(1168.33046513992,-1447.80655263371,0.750001114905331));
#1058=CARTESIAN_POINT('',(1168.33046513992,-1447.80655263371,0.916001114905342));
#1059=CARTESIAN_POINT('',(1187.6435247194,-1447.80654311643,2.75000111490534));
#1060=CARTESIAN_POINT('',(1187.6435247194,-1447.80654311643,2.58400111490536));
#1061=CARTESIAN_POINT('',(1207.42665166716,-1447.80654311643,2.75000111490533));
#1062=CARTESIAN_POINT('',(1207.42665166716,-1447.80654311643,2.58400111490538));
#1063=CARTESIAN_POINT('',(1168.17289777164,-1447.80654311643,2.75000111490536));
#1064=CARTESIAN_POINT('',(1168.17289777164,-1447.80654311643,2.58400111490536));
#1065=CARTESIAN_POINT('',(1223.92665166716,-1447.80654311643,2.75000111490536));
#1066=CARTESIAN_POINT('',(1223.92665166716,-1447.80654311643,2.58400111490536));
#1067=CARTESIAN_POINT('',(1224.39671903544,-1447.80655263371,0.750001114905359));
#1068=CARTESIAN_POINT('',(1224.39671903544,-1447.80655263371,0.916001114905328));
#1069=CARTESIAN_POINT('',(1151.20546513992,-1447.80655263371,0.750001114905359));
#1070=CARTESIAN_POINT('',(1151.20546513992,-1447.80655263371,0.916001114905356));
#1071=CARTESIAN_POINT('',(1151.6755325082,-1447.80654311643,2.75000111490534));
#1072=CARTESIAN_POINT('',(1151.6755325082,-1447.80654311643,2.58400111490539));
#1073=CARTESIAN_POINT('',(1221.16365857277,-1447.80670261716,0.916001114905356));
#1074=CARTESIAN_POINT('',(1221.16365857277,-1447.80670261716,0.750001114905359));
#1075=CARTESIAN_POINT('',(1154.43852560259,-1447.80670261716,0.916001114905356));
#1076=CARTESIAN_POINT('',(1154.43852560259,-1447.80670261716,0.750001114905359));
#1077=CARTESIAN_POINT('',(1187.48859208768,-1447.80655263371,0.916001114905342));
#1078=CARTESIAN_POINT('',(1187.48859208768,-1447.80655263371,0.750001114905345));
#1079=CARTESIAN_POINT('',(1207.27171903544,-1447.80655263371,0.916001114905342));
#1080=CARTESIAN_POINT('',(1207.27171903544,-1447.80655263371,0.750001114905345));
#1081=CARTESIAN_POINT('',(1167.70546513992,-1447.80655263371,0.916001114905342));
#1082=CARTESIAN_POINT('',(1167.70546513992,-1447.80655263371,0.750001114905359));
#1083=CARTESIAN_POINT('',(1187.9560247194,-1447.80654311643,2.58400111490538));
#1084=CARTESIAN_POINT('',(1187.9560247194,-1447.80654311643,2.75000111490534));
#1085=CARTESIAN_POINT('',(1207.73915166716,-1447.80654311643,2.58400111490538));
#1086=CARTESIAN_POINT('',(1207.73915166716,-1447.80654311643,2.75000111490536));
#1087=CARTESIAN_POINT('',(1167.86039777164,-1447.80654311643,2.58400111490538));
#1088=CARTESIAN_POINT('',(1167.86039777164,-1447.80654311643,2.75000111490534));
#1089=CARTESIAN_POINT('',(1224.23915166716,-1447.80654311643,2.58400111490536));
#1090=CARTESIAN_POINT('',(1224.23915166716,-1447.80654311643,2.75000111490534));
#1091=CARTESIAN_POINT('',(1223.77171903544,-1447.80655263371,0.750001114905345));
#1092=CARTESIAN_POINT('',(1223.77171903544,-1447.80655263371,0.916001114905342));
#1093=CARTESIAN_POINT('',(1151.83046513992,-1447.80655263371,0.750001114905345));
#1094=CARTESIAN_POINT('',(1151.83046513992,-1447.80655263371,0.916001114905342));
#1095=CARTESIAN_POINT('',(1151.3630325082,-1447.80654311643,2.58400111490539));
#1096=CARTESIAN_POINT('',(1151.3630325082,-1447.80654311643,2.75000111490536));
#1097=CARTESIAN_POINT('',(1151.01796513992,-1445.55655263371,0.750001114905345));
#1098=CARTESIAN_POINT('',(1151.01796513992,-1445.30655263372,0.750001114906191));
#1099=CARTESIAN_POINT('',(1151.01796513992,-1445.30655263371,1.00000111490534));
#1100=CARTESIAN_POINT('',(1151.01796513992,-1445.30655263371,1.00000111490534));
#1101=CARTESIAN_POINT('',(1224.58421903544,-1445.30655263371,1.00000111490534));
#1102=CARTESIAN_POINT('',(1224.58421903544,-1445.55655263371,0.750001114905345));
#1103=CARTESIAN_POINT('',(1224.58421903544,-1445.30655263372,0.750001114906191));
#1104=CARTESIAN_POINT('',(1224.58421903544,-1445.30655263371,1.00000111490534));
#1105=CARTESIAN_POINT('',(1151.01796513992,-1445.55655263371,0.750001114905345));
#1106=CARTESIAN_POINT('',(1224.58421903544,-1445.55655263371,0.750001114905345));
#1107=CARTESIAN_POINT('',(1151.01796513992,-1445.30655263371,1.00000111490534));
#1108=CARTESIAN_POINT('',(1151.01796513992,-1445.30655263371,1.75000111490533));
#1109=CARTESIAN_POINT('',(1151.01796513992,-1445.30655263371,2.50000111490533));
#1110=CARTESIAN_POINT('',(1151.01796513992,-1445.30655263371,2.50000111490533));
#1111=CARTESIAN_POINT('',(1224.58421903544,-1445.30655263371,2.50000111490533));
#1112=CARTESIAN_POINT('',(1224.58421903544,-1445.30655263371,1.00000111490534));
#1113=CARTESIAN_POINT('',(1224.58421903544,-1445.30655263371,1.75000111490533));
#1114=CARTESIAN_POINT('',(1224.58421903544,-1445.30655263371,2.50000111490533));
#1115=CARTESIAN_POINT('',(1151.01796513992,-1445.30655263371,2.50000111490533));
#1116=CARTESIAN_POINT('',(1151.01796513992,-1445.30655263371,2.75000111490628));
#1117=CARTESIAN_POINT('',(1151.01796513992,-1445.55655263371,2.75000111490534));
#1118=CARTESIAN_POINT('',(1151.01796513992,-1445.55655263371,2.75000111490534));
#1119=CARTESIAN_POINT('',(1224.58421903544,-1445.55655263371,2.75000111490534));
#1120=CARTESIAN_POINT('',(1224.58421903544,-1445.30655263371,2.50000111490533));
#1121=CARTESIAN_POINT('',(1224.58421903544,-1445.30655263371,2.75000111490628));
#1122=CARTESIAN_POINT('',(1224.58421903544,-1445.55655263371,2.75000111490534));
#1123=CARTESIAN_POINT('',(1151.01796513992,-1445.55655263371,2.75000111490534));
#1124=CARTESIAN_POINT('',(1151.01796513992,-1447.80655263371,2.75000111490534));
#1125=CARTESIAN_POINT('',(1151.01796513992,-1450.05655263371,2.75000111490534));
#1126=CARTESIAN_POINT('',(1151.01796513992,-1450.05655263371,2.75000111490534));
#1127=CARTESIAN_POINT('',(1224.58421903544,-1450.05655263371,2.75000111490534));
#1128=CARTESIAN_POINT('',(1224.58421903544,-1445.55655263371,2.75000111490534));
#1129=CARTESIAN_POINT('',(1224.58421903544,-1447.80655263371,2.75000111490534));
#1130=CARTESIAN_POINT('',(1224.58421903544,-1450.05655263371,2.75000111490534));
#1131=CARTESIAN_POINT('',(1151.01796513992,-1450.05655263371,2.75000111490534));
#1132=CARTESIAN_POINT('',(1151.01796513992,-1450.30655263371,2.75000111490465));
#1133=CARTESIAN_POINT('',(1151.01796513992,-1450.30655263371,2.50000111490532));
#1134=CARTESIAN_POINT('',(1151.01796513992,-1450.30655263371,2.50000111490532));
#1135=CARTESIAN_POINT('',(1224.58421903544,-1450.30655263371,2.50000111490532));
#1136=CARTESIAN_POINT('',(1224.58421903544,-1450.05655263371,2.75000111490534));
#1137=CARTESIAN_POINT('',(1224.58421903544,-1450.30655263371,2.75000111490465));
#1138=CARTESIAN_POINT('',(1224.58421903544,-1450.30655263371,2.50000111490532));
#1139=CARTESIAN_POINT('',(1151.01796513992,-1450.30655263371,2.50000111490532));
#1140=CARTESIAN_POINT('',(1151.01796513992,-1450.30655263371,1.75000111490533));
#1141=CARTESIAN_POINT('',(1151.01796513992,-1450.30655263371,1.00000111490534));
#1142=CARTESIAN_POINT('',(1151.01796513992,-1450.30655263371,1.00000111490534));
#1143=CARTESIAN_POINT('',(1224.58421903544,-1450.30655263371,1.00000111490534));
#1144=CARTESIAN_POINT('',(1224.58421903544,-1450.30655263371,2.50000111490532));
#1145=CARTESIAN_POINT('',(1224.58421903544,-1450.30655263371,1.75000111490533));
#1146=CARTESIAN_POINT('',(1224.58421903544,-1450.30655263371,1.00000111490534));
#1147=CARTESIAN_POINT('',(1151.01796513992,-1450.30655263371,1.00000111490534));
#1148=CARTESIAN_POINT('',(1151.01796513992,-1450.30655263371,0.750001114905669));
#1149=CARTESIAN_POINT('',(1151.01796513992,-1450.05655263371,0.750001114905345));
#1150=CARTESIAN_POINT('',(1151.01796513992,-1450.05655263371,0.750001114905345));
#1151=CARTESIAN_POINT('',(1224.58421903544,-1450.05655263371,0.750001114905345));
#1152=CARTESIAN_POINT('',(1224.58421903544,-1450.30655263371,1.00000111490534));
#1153=CARTESIAN_POINT('',(1224.58421903544,-1450.30655263371,0.750001114905669));
#1154=CARTESIAN_POINT('',(1224.58421903544,-1450.05655263371,0.750001114905345));
#1155=CARTESIAN_POINT('',(1151.01796513992,-1450.05655263371,0.750001114905345));
#1156=CARTESIAN_POINT('',(1151.01796513992,-1447.80655263371,0.750001114905345));
#1157=CARTESIAN_POINT('',(1151.01796513992,-1445.55655263371,0.750001114905345));
#1158=CARTESIAN_POINT('',(1224.58421903544,-1450.05655263371,0.750001114905345));
#1159=CARTESIAN_POINT('',(1224.58421903544,-1447.80655263371,0.750001114905345));
#1160=CARTESIAN_POINT('',(1224.58421903544,-1445.55655263371,0.750001114905345));
#1161=CARTESIAN_POINT('',(1151.01796513992,-1445.47255263371,1.00000111490532));
#1162=CARTESIAN_POINT('',(1151.01796513992,-1445.47255263371,0.916001114905693));
#1163=CARTESIAN_POINT('',(1151.01796513992,-1445.55655263371,0.916001114905342));
#1164=CARTESIAN_POINT('',(1151.01796513992,-1445.55655263371,0.916001114905342));
#1165=CARTESIAN_POINT('',(1224.58421903544,-1445.55655263371,0.916001114905342));
#1166=CARTESIAN_POINT('',(1224.58421903544,-1445.47255263371,1.00000111490532));
#1167=CARTESIAN_POINT('',(1224.58421903544,-1445.47255263371,0.916001114905693));
#1168=CARTESIAN_POINT('',(1224.58421903544,-1445.55655263371,0.916001114905342));
#1169=CARTESIAN_POINT('',(1151.01796513992,-1445.47255263371,1.00000111490532));
#1170=CARTESIAN_POINT('',(1224.58421903544,-1445.47255263371,1.00000111490532));
#1171=CARTESIAN_POINT('',(1151.01796513992,-1445.55655263371,0.916001114905342));
#1172=CARTESIAN_POINT('',(1151.01796513992,-1447.80655263371,0.916001114905342));
#1173=CARTESIAN_POINT('',(1151.01796513992,-1450.05655263371,0.916001114905342));
#1174=CARTESIAN_POINT('',(1151.01796513992,-1450.05655263371,0.916001114905342));
#1175=CARTESIAN_POINT('',(1224.58421903544,-1450.05655263371,0.916001114905342));
#1176=CARTESIAN_POINT('',(1224.58421903544,-1445.55655263371,0.916001114905342));
#1177=CARTESIAN_POINT('',(1224.58421903544,-1447.80655263371,0.916001114905342));
#1178=CARTESIAN_POINT('',(1224.58421903544,-1450.05655263371,0.916001114905342));
#1179=CARTESIAN_POINT('',(1151.01796513992,-1450.05655263371,0.916001114905342));
#1180=CARTESIAN_POINT('',(1151.01796513992,-1450.14055263371,0.916001114905606));
#1181=CARTESIAN_POINT('',(1151.01796513992,-1450.14055263371,1.00000111490532));
#1182=CARTESIAN_POINT('',(1151.01796513992,-1450.14055263371,1.00000111490532));
#1183=CARTESIAN_POINT('',(1224.58421903544,-1450.14055263371,1.00000111490532));
#1184=CARTESIAN_POINT('',(1224.58421903544,-1450.05655263371,0.916001114905342));
#1185=CARTESIAN_POINT('',(1224.58421903544,-1450.14055263371,0.916001114905606));
#1186=CARTESIAN_POINT('',(1224.58421903544,-1450.14055263371,1.00000111490532));
#1187=CARTESIAN_POINT('',(1151.01796513992,-1450.14055263371,1.00000111490532));
#1188=CARTESIAN_POINT('',(1151.01796513992,-1450.14055263371,1.75000111490533));
#1189=CARTESIAN_POINT('',(1151.01796513992,-1450.14055263371,2.50000111490533));
#1190=CARTESIAN_POINT('',(1151.01796513992,-1450.14055263371,2.50000111490533));
#1191=CARTESIAN_POINT('',(1224.58421903544,-1450.14055263371,2.50000111490533));
#1192=CARTESIAN_POINT('',(1224.58421903544,-1450.14055263371,1.00000111490532));
#1193=CARTESIAN_POINT('',(1224.58421903544,-1450.14055263371,1.75000111490533));
#1194=CARTESIAN_POINT('',(1224.58421903544,-1450.14055263371,2.50000111490533));
#1195=CARTESIAN_POINT('',(1151.01796513992,-1450.14055263371,2.50000111490533));
#1196=CARTESIAN_POINT('',(1151.01796513992,-1450.14055263372,2.5840011149059));
#1197=CARTESIAN_POINT('',(1151.01796513992,-1450.05655263371,2.58400111490538));
#1198=CARTESIAN_POINT('',(1151.01796513992,-1450.05655263371,2.58400111490538));
#1199=CARTESIAN_POINT('',(1224.58421903544,-1450.05655263371,2.58400111490538));
#1200=CARTESIAN_POINT('',(1224.58421903544,-1450.14055263371,2.50000111490533));
#1201=CARTESIAN_POINT('',(1224.58421903544,-1450.14055263372,2.5840011149059));
#1202=CARTESIAN_POINT('',(1224.58421903544,-1450.05655263371,2.58400111490538));
#1203=CARTESIAN_POINT('',(1151.01796513992,-1450.05655263371,2.58400111490538));
#1204=CARTESIAN_POINT('',(1151.01796513992,-1447.80655263371,2.58400111490538));
#1205=CARTESIAN_POINT('',(1151.01796513992,-1445.55655263371,2.58400111490538));
#1206=CARTESIAN_POINT('',(1151.01796513992,-1445.55655263371,2.58400111490538));
#1207=CARTESIAN_POINT('',(1224.58421903544,-1445.55655263371,2.58400111490538));
#1208=CARTESIAN_POINT('',(1224.58421903544,-1450.05655263371,2.58400111490538));
#1209=CARTESIAN_POINT('',(1224.58421903544,-1447.80655263371,2.58400111490538));
#1210=CARTESIAN_POINT('',(1224.58421903544,-1445.55655263371,2.58400111490538));
#1211=CARTESIAN_POINT('',(1151.01796513992,-1445.55655263371,2.58400111490538));
#1212=CARTESIAN_POINT('',(1151.01796513992,-1445.47255263371,2.58400111490538));
#1213=CARTESIAN_POINT('',(1151.01796513992,-1445.47255263371,2.50000111490534));
#1214=CARTESIAN_POINT('',(1151.01796513992,-1445.47255263371,2.50000111490534));
#1215=CARTESIAN_POINT('',(1224.58421903544,-1445.47255263371,2.50000111490534));
#1216=CARTESIAN_POINT('',(1224.58421903544,-1445.55655263371,2.58400111490538));
#1217=CARTESIAN_POINT('',(1224.58421903544,-1445.47255263371,2.58400111490538));
#1218=CARTESIAN_POINT('',(1224.58421903544,-1445.47255263371,2.50000111490534));
#1219=CARTESIAN_POINT('',(1151.01796513992,-1445.47255263371,2.50000111490534));
#1220=CARTESIAN_POINT('',(1151.01796513992,-1445.47255263371,1.75000111490533));
#1221=CARTESIAN_POINT('',(1151.01796513992,-1445.47255263371,1.00000111490532));
#1222=CARTESIAN_POINT('',(1224.58421903544,-1445.47255263371,2.50000111490534));
#1223=CARTESIAN_POINT('',(1224.58421903544,-1445.47255263371,1.75000111490533));
#1224=CARTESIAN_POINT('',(1224.58421903544,-1445.47255263371,1.00000111490532));
#1225=CARTESIAN_POINT('',(1221.50740857277,-1447.80670261716,0.750001114905359));
#1226=CARTESIAN_POINT('',(1221.50740857277,-1447.63482761716,0.750001114905367));
#1227=CARTESIAN_POINT('',(1221.33553357277,-1447.63482761716,0.750001114905359));
#1228=CARTESIAN_POINT('',(1221.16365857277,-1447.63482761716,0.750001114905367));
#1229=CARTESIAN_POINT('',(1221.16365857277,-1447.80670261716,0.750001114905359));
#1230=CARTESIAN_POINT('',(1221.50740857277,-1447.80670261716,0.916001114905356));
#1231=CARTESIAN_POINT('',(1221.50740857277,-1447.97857761716,0.91600111490535));
#1232=CARTESIAN_POINT('',(1221.33553357277,-1447.97857761716,0.916001114905356));
#1233=CARTESIAN_POINT('',(1221.16365857277,-1447.97857761716,0.91600111490535));
#1234=CARTESIAN_POINT('',(1221.16365857277,-1447.80670261716,0.916001114905356));
#1235=CARTESIAN_POINT('',(1221.50740857277,-1447.80670261716,0.916001114905342));
#1236=CARTESIAN_POINT('',(1221.50740857277,-1447.80670261716,0.750001114905331));
#1237=CARTESIAN_POINT('',(1154.09477560259,-1447.80670261716,0.750001114905359));
#1238=CARTESIAN_POINT('',(1154.09477560259,-1447.97857761716,0.750001114905347));
#1239=CARTESIAN_POINT('',(1154.26665060259,-1447.97857761716,0.750001114905359));
#1240=CARTESIAN_POINT('',(1154.43852560259,-1447.97857761716,0.750001114905347));
#1241=CARTESIAN_POINT('',(1154.43852560259,-1447.80670261716,0.750001114905359));
#1242=CARTESIAN_POINT('',(1154.09477560259,-1447.80670261716,0.916001114905356));
#1243=CARTESIAN_POINT('',(1154.09477560259,-1447.63482761716,0.91600111490535));
#1244=CARTESIAN_POINT('',(1154.26665060259,-1447.63482761716,0.916001114905356));
#1245=CARTESIAN_POINT('',(1154.43852560259,-1447.63482761716,0.91600111490535));
#1246=CARTESIAN_POINT('',(1154.43852560259,-1447.80670261716,0.916001114905356));
#1247=CARTESIAN_POINT('',(1154.09477560259,-1447.80670261716,0.916001114905342));
#1248=CARTESIAN_POINT('',(1154.09477560259,-1447.80670261716,0.750001114905359));
#1249=CARTESIAN_POINT('',(1188.11359208768,-1447.80655263371,0.750001114905345));
#1250=CARTESIAN_POINT('',(1188.11359208768,-1447.49405263371,0.750001114905347));
#1251=CARTESIAN_POINT('',(1187.80109208768,-1447.49405263371,0.750001114905345));
#1252=CARTESIAN_POINT('',(1187.48859208768,-1447.49405263371,0.750001114905347));
#1253=CARTESIAN_POINT('',(1187.48859208768,-1447.80655263371,0.750001114905345));
#1254=CARTESIAN_POINT('',(1188.11359208768,-1447.80655263371,0.916001114905342));
#1255=CARTESIAN_POINT('',(1188.11359208768,-1448.11905263371,0.91600111490535));
#1256=CARTESIAN_POINT('',(1187.80109208768,-1448.11905263371,0.916001114905342));
#1257=CARTESIAN_POINT('',(1187.48859208768,-1448.11905263371,0.91600111490535));
#1258=CARTESIAN_POINT('',(1187.48859208768,-1447.80655263371,0.916001114905342));
#1259=CARTESIAN_POINT('',(1188.11359208768,-1447.80655263371,0.916001114905328));
#1260=CARTESIAN_POINT('',(1188.11359208768,-1447.80655263371,0.750001114905345));
#1261=CARTESIAN_POINT('',(1207.89671903544,-1447.80655263371,0.750001114905345));
#1262=CARTESIAN_POINT('',(1207.89671903544,-1447.49405263371,0.750001114905347));
#1263=CARTESIAN_POINT('',(1207.58421903544,-1447.49405263371,0.750001114905345));
#1264=CARTESIAN_POINT('',(1207.27171903544,-1447.49405263371,0.750001114905347));
#1265=CARTESIAN_POINT('',(1207.27171903544,-1447.80655263371,0.750001114905345));
#1266=CARTESIAN_POINT('',(1207.89671903544,-1447.80655263371,0.916001114905342));
#1267=CARTESIAN_POINT('',(1207.89671903544,-1448.11905263371,0.91600111490535));
#1268=CARTESIAN_POINT('',(1207.58421903544,-1448.11905263371,0.916001114905342));
#1269=CARTESIAN_POINT('',(1207.27171903544,-1448.11905263371,0.91600111490535));
#1270=CARTESIAN_POINT('',(1207.27171903544,-1447.80655263371,0.916001114905342));
#1271=CARTESIAN_POINT('',(1207.89671903544,-1447.80655263371,0.916001114905356));
#1272=CARTESIAN_POINT('',(1207.89671903544,-1447.80655263371,0.750001114905345));
#1273=CARTESIAN_POINT('',(1168.33046513992,-1447.80655263371,0.750001114905359));
#1274=CARTESIAN_POINT('',(1168.33046513992,-1447.49405263371,0.750001114905347));
#1275=CARTESIAN_POINT('',(1168.01796513992,-1447.49405263371,0.750001114905359));
#1276=CARTESIAN_POINT('',(1167.70546513992,-1447.49405263371,0.750001114905347));
#1277=CARTESIAN_POINT('',(1167.70546513992,-1447.80655263371,0.750001114905359));
#1278=CARTESIAN_POINT('',(1168.33046513992,-1447.80655263371,0.916001114905342));
#1279=CARTESIAN_POINT('',(1168.33046513992,-1448.11905263371,0.91600111490535));
#1280=CARTESIAN_POINT('',(1168.01796513992,-1448.11905263371,0.916001114905342));
#1281=CARTESIAN_POINT('',(1167.70546513992,-1448.11905263371,0.91600111490535));
#1282=CARTESIAN_POINT('',(1167.70546513992,-1447.80655263371,0.916001114905342));
#1283=CARTESIAN_POINT('',(1168.33046513992,-1447.80655263371,0.916001114905342));
#1284=CARTESIAN_POINT('',(1168.33046513992,-1447.80655263371,0.750001114905331));
#1285=CARTESIAN_POINT('',(1187.6435247194,-1447.80654311643,2.75000111490534));
#1286=CARTESIAN_POINT('',(1187.6435247194,-1447.65029311643,2.75000111490534));
#1287=CARTESIAN_POINT('',(1187.7997747194,-1447.65029311643,2.75000111490534));
#1288=CARTESIAN_POINT('',(1187.9560247194,-1447.65029311643,2.75000111490534));
#1289=CARTESIAN_POINT('',(1187.9560247194,-1447.80654311643,2.75000111490534));
#1290=CARTESIAN_POINT('',(1187.6435247194,-1447.80654311643,2.58400111490538));
#1291=CARTESIAN_POINT('',(1187.6435247194,-1447.96279311643,2.58400111490536));
#1292=CARTESIAN_POINT('',(1187.7997747194,-1447.96279311643,2.58400111490538));
#1293=CARTESIAN_POINT('',(1187.9560247194,-1447.96279311643,2.58400111490536));
#1294=CARTESIAN_POINT('',(1187.9560247194,-1447.80654311643,2.58400111490538));
#1295=CARTESIAN_POINT('',(1187.6435247194,-1447.80654311643,2.58400111490536));
#1296=CARTESIAN_POINT('',(1187.6435247194,-1447.80654311643,2.75000111490534));
#1297=CARTESIAN_POINT('',(1207.42665166716,-1447.80654311643,2.75000111490536));
#1298=CARTESIAN_POINT('',(1207.42665166716,-1447.65029311643,2.75000111490534));
#1299=CARTESIAN_POINT('',(1207.58290166716,-1447.65029311643,2.75000111490536));
#1300=CARTESIAN_POINT('',(1207.73915166716,-1447.65029311643,2.75000111490534));
#1301=CARTESIAN_POINT('',(1207.73915166716,-1447.80654311643,2.75000111490536));
#1302=CARTESIAN_POINT('',(1207.42665166716,-1447.80654311643,2.58400111490538));
#1303=CARTESIAN_POINT('',(1207.42665166716,-1447.96279311643,2.58400111490536));
#1304=CARTESIAN_POINT('',(1207.58290166716,-1447.96279311643,2.58400111490538));
#1305=CARTESIAN_POINT('',(1207.73915166716,-1447.96279311643,2.58400111490536));
#1306=CARTESIAN_POINT('',(1207.73915166716,-1447.80654311643,2.58400111490538));
#1307=CARTESIAN_POINT('',(1207.42665166716,-1447.80654311643,2.58400111490538));
#1308=CARTESIAN_POINT('',(1207.42665166716,-1447.80654311643,2.75000111490533));
#1309=CARTESIAN_POINT('',(1168.17289777164,-1447.80654311643,2.75000111490534));
#1310=CARTESIAN_POINT('',(1168.17289777164,-1447.96279311643,2.75000111490534));
#1311=CARTESIAN_POINT('',(1168.01664777164,-1447.96279311643,2.75000111490534));
#1312=CARTESIAN_POINT('',(1167.86039777164,-1447.96279311643,2.75000111490534));
#1313=CARTESIAN_POINT('',(1167.86039777164,-1447.80654311643,2.75000111490534));
#1314=CARTESIAN_POINT('',(1168.17289777164,-1447.80654311643,2.58400111490538));
#1315=CARTESIAN_POINT('',(1168.17289777164,-1447.65029311643,2.58400111490536));
#1316=CARTESIAN_POINT('',(1168.01664777164,-1447.65029311643,2.58400111490538));
#1317=CARTESIAN_POINT('',(1167.86039777164,-1447.65029311643,2.58400111490536));
#1318=CARTESIAN_POINT('',(1167.86039777164,-1447.80654311643,2.58400111490538));
#1319=CARTESIAN_POINT('',(1168.17289777164,-1447.80654311643,2.58400111490536));
#1320=CARTESIAN_POINT('',(1168.17289777164,-1447.80654311643,2.75000111490536));
#1321=CARTESIAN_POINT('',(1223.92665166716,-1447.80654311643,2.75000111490534));
#1322=CARTESIAN_POINT('',(1223.92665166716,-1447.65029311643,2.75000111490534));
#1323=CARTESIAN_POINT('',(1224.08290166716,-1447.65029311643,2.75000111490534));
#1324=CARTESIAN_POINT('',(1224.23915166716,-1447.65029311643,2.75000111490534));
#1325=CARTESIAN_POINT('',(1224.23915166716,-1447.80654311643,2.75000111490534));
#1326=CARTESIAN_POINT('',(1223.92665166716,-1447.80654311643,2.58400111490536));
#1327=CARTESIAN_POINT('',(1223.92665166716,-1447.96279311643,2.58400111490536));
#1328=CARTESIAN_POINT('',(1224.08290166716,-1447.96279311643,2.58400111490536));
#1329=CARTESIAN_POINT('',(1224.23915166716,-1447.96279311643,2.58400111490536));
#1330=CARTESIAN_POINT('',(1224.23915166716,-1447.80654311643,2.58400111490536));
#1331=CARTESIAN_POINT('',(1223.92665166716,-1447.80654311643,2.58400111490536));
#1332=CARTESIAN_POINT('',(1223.92665166716,-1447.80654311643,2.75000111490536));
#1333=CARTESIAN_POINT('',(1224.39671903544,-1447.80655263371,0.750001114905345));
#1334=CARTESIAN_POINT('',(1224.39671903544,-1447.49405263371,0.750001114905347));
#1335=CARTESIAN_POINT('',(1224.08421903544,-1447.49405263371,0.750001114905345));
#1336=CARTESIAN_POINT('',(1223.77171903544,-1447.49405263371,0.750001114905347));
#1337=CARTESIAN_POINT('',(1223.77171903544,-1447.80655263371,0.750001114905345));
#1338=CARTESIAN_POINT('',(1224.39671903544,-1447.80655263371,0.916001114905342));
#1339=CARTESIAN_POINT('',(1224.39671903544,-1448.11905263371,0.91600111490535));
#1340=CARTESIAN_POINT('',(1224.08421903544,-1448.11905263371,0.916001114905342));
#1341=CARTESIAN_POINT('',(1223.77171903544,-1448.11905263371,0.91600111490535));
#1342=CARTESIAN_POINT('',(1223.77171903544,-1447.80655263371,0.916001114905342));
#1343=CARTESIAN_POINT('',(1224.39671903544,-1447.80655263371,0.750001114905359));
#1344=CARTESIAN_POINT('',(1224.39671903544,-1447.80655263371,0.916001114905328));
#1345=CARTESIAN_POINT('',(1151.20546513992,-1447.80655263371,0.750001114905345));
#1346=CARTESIAN_POINT('',(1151.20546513992,-1448.11905263371,0.750001114905347));
#1347=CARTESIAN_POINT('',(1151.51796513992,-1448.11905263371,0.750001114905345));
#1348=CARTESIAN_POINT('',(1151.83046513992,-1448.11905263371,0.750001114905347));
#1349=CARTESIAN_POINT('',(1151.83046513992,-1447.80655263371,0.750001114905345));
#1350=CARTESIAN_POINT('',(1151.20546513992,-1447.80655263371,0.916001114905342));
#1351=CARTESIAN_POINT('',(1151.20546513992,-1447.49405263371,0.91600111490535));
#1352=CARTESIAN_POINT('',(1151.51796513992,-1447.49405263371,0.916001114905342));
#1353=CARTESIAN_POINT('',(1151.83046513992,-1447.49405263371,0.91600111490535));
#1354=CARTESIAN_POINT('',(1151.83046513992,-1447.80655263371,0.916001114905342));
#1355=CARTESIAN_POINT('',(1151.20546513992,-1447.80655263371,0.750001114905359));
#1356=CARTESIAN_POINT('',(1151.20546513992,-1447.80655263371,0.916001114905356));
#1357=CARTESIAN_POINT('',(1151.6755325082,-1447.80654311643,2.75000111490536));
#1358=CARTESIAN_POINT('',(1151.6755325082,-1447.96279311643,2.75000111490534));
#1359=CARTESIAN_POINT('',(1151.5192825082,-1447.96279311643,2.75000111490536));
#1360=CARTESIAN_POINT('',(1151.3630325082,-1447.96279311643,2.75000111490534));
#1361=CARTESIAN_POINT('',(1151.3630325082,-1447.80654311643,2.75000111490536));
#1362=CARTESIAN_POINT('',(1151.6755325082,-1447.80654311643,2.58400111490539));
#1363=CARTESIAN_POINT('',(1151.6755325082,-1447.65029311643,2.58400111490538));
#1364=CARTESIAN_POINT('',(1151.5192825082,-1447.65029311643,2.58400111490539));
#1365=CARTESIAN_POINT('',(1151.3630325082,-1447.65029311643,2.58400111490538));
#1366=CARTESIAN_POINT('',(1151.3630325082,-1447.80654311643,2.58400111490539));
#1367=CARTESIAN_POINT('',(1151.6755325082,-1447.80654311643,2.58400111490539));
#1368=CARTESIAN_POINT('',(1151.6755325082,-1447.80654311643,2.75000111490534));
#1369=CARTESIAN_POINT('',(1221.16365857277,-1447.80670261716,0.916001114905342));
#1370=CARTESIAN_POINT('',(1221.16365857277,-1447.80670261716,0.750001114905331));
#1371=CARTESIAN_POINT('',(1221.16365857277,-1447.80670261716,0.750001114905359));
#1372=CARTESIAN_POINT('',(1221.16365857277,-1447.97857761716,0.750001114905367));
#1373=CARTESIAN_POINT('',(1221.33553357277,-1447.97857761716,0.750001114905359));
#1374=CARTESIAN_POINT('',(1221.50740857277,-1447.97857761716,0.750001114905367));
#1375=CARTESIAN_POINT('',(1221.50740857277,-1447.80670261716,0.750001114905359));
#1376=CARTESIAN_POINT('',(1221.16365857277,-1447.80670261716,0.916001114905356));
#1377=CARTESIAN_POINT('',(1221.16365857277,-1447.63482761716,0.91600111490535));
#1378=CARTESIAN_POINT('',(1221.33553357277,-1447.63482761716,0.916001114905356));
#1379=CARTESIAN_POINT('',(1221.50740857277,-1447.63482761716,0.91600111490535));
#1380=CARTESIAN_POINT('',(1221.50740857277,-1447.80670261716,0.916001114905356));
#1381=CARTESIAN_POINT('',(1154.43852560259,-1447.80670261716,0.916001114905342));
#1382=CARTESIAN_POINT('',(1154.43852560259,-1447.80670261716,0.750001114905331));
#1383=CARTESIAN_POINT('',(1154.43852560259,-1447.80670261716,0.750001114905359));
#1384=CARTESIAN_POINT('',(1154.43852560259,-1447.63482761716,0.750001114905347));
#1385=CARTESIAN_POINT('',(1154.26665060259,-1447.63482761716,0.750001114905359));
#1386=CARTESIAN_POINT('',(1154.09477560259,-1447.63482761716,0.750001114905347));
#1387=CARTESIAN_POINT('',(1154.09477560259,-1447.80670261716,0.750001114905359));
#1388=CARTESIAN_POINT('',(1154.43852560259,-1447.80670261716,0.916001114905356));
#1389=CARTESIAN_POINT('',(1154.43852560259,-1447.97857761716,0.91600111490535));
#1390=CARTESIAN_POINT('',(1154.26665060259,-1447.97857761716,0.916001114905356));
#1391=CARTESIAN_POINT('',(1154.09477560259,-1447.97857761716,0.91600111490535));
#1392=CARTESIAN_POINT('',(1154.09477560259,-1447.80670261716,0.916001114905356));
#1393=CARTESIAN_POINT('',(1187.48859208768,-1447.80655263371,0.916001114905344));
#1394=CARTESIAN_POINT('',(1187.48859208768,-1447.80655263371,0.750001114905334));
#1395=CARTESIAN_POINT('',(1187.48859208768,-1447.80655263371,0.750001114905345));
#1396=CARTESIAN_POINT('',(1187.48859208768,-1448.11905263371,0.750001114905347));
#1397=CARTESIAN_POINT('',(1187.80109208768,-1448.11905263371,0.750001114905345));
#1398=CARTESIAN_POINT('',(1188.11359208768,-1448.11905263371,0.750001114905347));
#1399=CARTESIAN_POINT('',(1188.11359208768,-1447.80655263371,0.750001114905345));
#1400=CARTESIAN_POINT('',(1187.48859208768,-1447.80655263371,0.916001114905342));
#1401=CARTESIAN_POINT('',(1187.48859208768,-1447.49405263371,0.91600111490535));
#1402=CARTESIAN_POINT('',(1187.80109208768,-1447.49405263371,0.916001114905342));
#1403=CARTESIAN_POINT('',(1188.11359208768,-1447.49405263371,0.91600111490535));
#1404=CARTESIAN_POINT('',(1188.11359208768,-1447.80655263371,0.916001114905342));
#1405=CARTESIAN_POINT('',(1207.27171903544,-1447.80655263371,0.916001114905344));
#1406=CARTESIAN_POINT('',(1207.27171903544,-1447.80655263371,0.750001114905334));
#1407=CARTESIAN_POINT('',(1207.27171903544,-1447.80655263371,0.750001114905345));
#1408=CARTESIAN_POINT('',(1207.27171903544,-1448.11905263371,0.750001114905347));
#1409=CARTESIAN_POINT('',(1207.58421903544,-1448.11905263371,0.750001114905345));
#1410=CARTESIAN_POINT('',(1207.89671903544,-1448.11905263371,0.750001114905347));
#1411=CARTESIAN_POINT('',(1207.89671903544,-1447.80655263371,0.750001114905345));
#1412=CARTESIAN_POINT('',(1207.27171903544,-1447.80655263371,0.916001114905342));
#1413=CARTESIAN_POINT('',(1207.27171903544,-1447.49405263371,0.91600111490535));
#1414=CARTESIAN_POINT('',(1207.58421903544,-1447.49405263371,0.916001114905342));
#1415=CARTESIAN_POINT('',(1207.89671903544,-1447.49405263371,0.91600111490535));
#1416=CARTESIAN_POINT('',(1207.89671903544,-1447.80655263371,0.916001114905342));
#1417=CARTESIAN_POINT('',(1167.70546513992,-1447.80655263371,0.916001114905344));
#1418=CARTESIAN_POINT('',(1167.70546513992,-1447.80655263371,0.750001114905334));
#1419=CARTESIAN_POINT('',(1167.70546513992,-1447.80655263371,0.750001114905359));
#1420=CARTESIAN_POINT('',(1167.70546513992,-1448.11905263371,0.750001114905347));
#1421=CARTESIAN_POINT('',(1168.01796513992,-1448.11905263371,0.750001114905359));
#1422=CARTESIAN_POINT('',(1168.33046513992,-1448.11905263371,0.750001114905347));
#1423=CARTESIAN_POINT('',(1168.33046513992,-1447.80655263371,0.750001114905359));
#1424=CARTESIAN_POINT('',(1167.70546513992,-1447.80655263371,0.916001114905342));
#1425=CARTESIAN_POINT('',(1167.70546513992,-1447.49405263371,0.91600111490535));
#1426=CARTESIAN_POINT('',(1168.01796513992,-1447.49405263371,0.916001114905342));
#1427=CARTESIAN_POINT('',(1168.33046513992,-1447.49405263371,0.91600111490535));
#1428=CARTESIAN_POINT('',(1168.33046513992,-1447.80655263371,0.916001114905342));
#1429=CARTESIAN_POINT('',(1187.9560247194,-1447.80654311643,2.58400111490536));
#1430=CARTESIAN_POINT('',(1187.9560247194,-1447.80654311643,2.75000111490533));
#1431=CARTESIAN_POINT('',(1187.9560247194,-1447.80654311643,2.75000111490534));
#1432=CARTESIAN_POINT('',(1187.9560247194,-1447.96279311643,2.75000111490534));
#1433=CARTESIAN_POINT('',(1187.7997747194,-1447.96279311643,2.75000111490534));
#1434=CARTESIAN_POINT('',(1187.6435247194,-1447.96279311643,2.75000111490534));
#1435=CARTESIAN_POINT('',(1187.6435247194,-1447.80654311643,2.75000111490534));
#1436=CARTESIAN_POINT('',(1187.9560247194,-1447.80654311643,2.58400111490538));
#1437=CARTESIAN_POINT('',(1187.9560247194,-1447.65029311643,2.58400111490536));
#1438=CARTESIAN_POINT('',(1187.7997747194,-1447.65029311643,2.58400111490538));
#1439=CARTESIAN_POINT('',(1187.6435247194,-1447.65029311643,2.58400111490536));
#1440=CARTESIAN_POINT('',(1187.6435247194,-1447.80654311643,2.58400111490538));
#1441=CARTESIAN_POINT('',(1207.73915166716,-1447.80654311643,2.58400111490536));
#1442=CARTESIAN_POINT('',(1207.73915166716,-1447.80654311643,2.75000111490533));
#1443=CARTESIAN_POINT('',(1207.73915166716,-1447.80654311643,2.75000111490536));
#1444=CARTESIAN_POINT('',(1207.73915166716,-1447.96279311643,2.75000111490534));
#1445=CARTESIAN_POINT('',(1207.58290166716,-1447.96279311643,2.75000111490536));
#1446=CARTESIAN_POINT('',(1207.42665166716,-1447.96279311643,2.75000111490534));
#1447=CARTESIAN_POINT('',(1207.42665166716,-1447.80654311643,2.75000111490536));
#1448=CARTESIAN_POINT('',(1207.73915166716,-1447.80654311643,2.58400111490538));
#1449=CARTESIAN_POINT('',(1207.73915166716,-1447.65029311643,2.58400111490536));
#1450=CARTESIAN_POINT('',(1207.58290166716,-1447.65029311643,2.58400111490538));
#1451=CARTESIAN_POINT('',(1207.42665166716,-1447.65029311643,2.58400111490536));
#1452=CARTESIAN_POINT('',(1207.42665166716,-1447.80654311643,2.58400111490538));
#1453=CARTESIAN_POINT('',(1167.86039777164,-1447.80654311643,2.58400111490536));
#1454=CARTESIAN_POINT('',(1167.86039777164,-1447.80654311643,2.75000111490536));
#1455=CARTESIAN_POINT('',(1167.86039777164,-1447.80654311643,2.75000111490534));
#1456=CARTESIAN_POINT('',(1167.86039777164,-1447.65029311643,2.75000111490534));
#1457=CARTESIAN_POINT('',(1168.01664777164,-1447.65029311643,2.75000111490534));
#1458=CARTESIAN_POINT('',(1168.17289777164,-1447.65029311643,2.75000111490534));
#1459=CARTESIAN_POINT('',(1168.17289777164,-1447.80654311643,2.75000111490534));
#1460=CARTESIAN_POINT('',(1167.86039777164,-1447.80654311643,2.58400111490538));
#1461=CARTESIAN_POINT('',(1167.86039777164,-1447.96279311643,2.58400111490536));
#1462=CARTESIAN_POINT('',(1168.01664777164,-1447.96279311643,2.58400111490538));
#1463=CARTESIAN_POINT('',(1168.17289777164,-1447.96279311643,2.58400111490536));
#1464=CARTESIAN_POINT('',(1168.17289777164,-1447.80654311643,2.58400111490538));
#1465=CARTESIAN_POINT('',(1224.23915166716,-1447.80654311643,2.58400111490538));
#1466=CARTESIAN_POINT('',(1224.23915166716,-1447.80654311643,2.75000111490536));
#1467=CARTESIAN_POINT('',(1224.23915166716,-1447.80654311643,2.75000111490534));
#1468=CARTESIAN_POINT('',(1224.23915166716,-1447.96279311643,2.75000111490534));
#1469=CARTESIAN_POINT('',(1224.08290166716,-1447.96279311643,2.75000111490534));
#1470=CARTESIAN_POINT('',(1223.92665166716,-1447.96279311643,2.75000111490534));
#1471=CARTESIAN_POINT('',(1223.92665166716,-1447.80654311643,2.75000111490534));
#1472=CARTESIAN_POINT('',(1224.23915166716,-1447.80654311643,2.58400111490536));
#1473=CARTESIAN_POINT('',(1224.23915166716,-1447.65029311643,2.58400111490536));
#1474=CARTESIAN_POINT('',(1224.08290166716,-1447.65029311643,2.58400111490536));
#1475=CARTESIAN_POINT('',(1223.92665166716,-1447.65029311643,2.58400111490536));
#1476=CARTESIAN_POINT('',(1223.92665166716,-1447.80654311643,2.58400111490536));
#1477=CARTESIAN_POINT('',(1223.77171903544,-1447.80655263371,0.750001114905345));
#1478=CARTESIAN_POINT('',(1223.77171903544,-1447.80655263371,0.916001114905342));
#1479=CARTESIAN_POINT('',(1223.77171903544,-1447.80655263371,0.750001114905345));
#1480=CARTESIAN_POINT('',(1223.77171903544,-1448.11905263371,0.750001114905347));
#1481=CARTESIAN_POINT('',(1224.08421903544,-1448.11905263371,0.750001114905345));
#1482=CARTESIAN_POINT('',(1224.39671903544,-1448.11905263371,0.750001114905347));
#1483=CARTESIAN_POINT('',(1224.39671903544,-1447.80655263371,0.750001114905345));
#1484=CARTESIAN_POINT('',(1223.77171903544,-1447.80655263371,0.916001114905342));
#1485=CARTESIAN_POINT('',(1223.77171903544,-1447.49405263371,0.91600111490535));
#1486=CARTESIAN_POINT('',(1224.08421903544,-1447.49405263371,0.916001114905342));
#1487=CARTESIAN_POINT('',(1224.39671903544,-1447.49405263371,0.91600111490535));
#1488=CARTESIAN_POINT('',(1224.39671903544,-1447.80655263371,0.916001114905342));
#1489=CARTESIAN_POINT('',(1151.83046513992,-1447.80655263371,0.750001114905359));
#1490=CARTESIAN_POINT('',(1151.83046513992,-1447.80655263371,0.916001114905356));
#1491=CARTESIAN_POINT('',(1151.83046513992,-1447.80655263371,0.750001114905345));
#1492=CARTESIAN_POINT('',(1151.83046513992,-1447.49405263371,0.750001114905347));
#1493=CARTESIAN_POINT('',(1151.51796513992,-1447.49405263371,0.750001114905345));
#1494=CARTESIAN_POINT('',(1151.20546513992,-1447.49405263371,0.750001114905347));
#1495=CARTESIAN_POINT('',(1151.20546513992,-1447.80655263371,0.750001114905345));
#1496=CARTESIAN_POINT('',(1151.83046513992,-1447.80655263371,0.916001114905342));
#1497=CARTESIAN_POINT('',(1151.83046513992,-1448.11905263371,0.91600111490535));
#1498=CARTESIAN_POINT('',(1151.51796513992,-1448.11905263371,0.916001114905342));
#1499=CARTESIAN_POINT('',(1151.20546513992,-1448.11905263371,0.91600111490535));
#1500=CARTESIAN_POINT('',(1151.20546513992,-1447.80655263371,0.916001114905342));
#1501=CARTESIAN_POINT('',(1151.3630325082,-1447.80654311643,2.58400111490538));
#1502=CARTESIAN_POINT('',(1151.3630325082,-1447.80654311643,2.75000111490533));
#1503=CARTESIAN_POINT('',(1151.3630325082,-1447.80654311643,2.75000111490536));
#1504=CARTESIAN_POINT('',(1151.3630325082,-1447.65029311643,2.75000111490534));
#1505=CARTESIAN_POINT('',(1151.5192825082,-1447.65029311643,2.75000111490536));
#1506=CARTESIAN_POINT('',(1151.6755325082,-1447.65029311643,2.75000111490534));
#1507=CARTESIAN_POINT('',(1151.6755325082,-1447.80654311643,2.75000111490536));
#1508=CARTESIAN_POINT('',(1151.3630325082,-1447.80654311643,2.58400111490539));
#1509=CARTESIAN_POINT('',(1151.3630325082,-1447.96279311643,2.58400111490538));
#1510=CARTESIAN_POINT('',(1151.5192825082,-1447.96279311643,2.58400111490539));
#1511=CARTESIAN_POINT('',(1151.6755325082,-1447.96279311643,2.58400111490538));
#1512=CARTESIAN_POINT('',(1151.6755325082,-1447.80654311643,2.58400111490539));
#1513=CARTESIAN_POINT('',(0.,0.,0.));
ENDSEC;
END-ISO-10303-21;
