ISO-10303-21;
HEADER;
/* Generated by software containing ST-Developer
 * from STEP Tools, Inc. (www.steptools.com) 
 */
/* OPTION: using custom schema-name function */

FILE_DESCRIPTION(
/* description */ (''),
/* implementation_level */ '2;1');

FILE_NAME(
/* name */ 'EL Header Type A x2',
/* time_stamp */ '2024-03-03T17:19:05-06:00',
/* author */ (''),
/* organization */ (''),
/* preprocessor_version */ 'ST-DEVELOPER v19.2',
/* originating_system */ 'Rhino 8.4',
/* authorisation */ '');

FILE_SCHEMA (('CONFIG_CONTROL_DESIGN'));
ENDSEC;

DATA;
#10=SHAPE_REPRESENTATION_RELATIONSHIP('','',#1239,#12);
#11=MANIFOLD_SOLID_BREP('brep_1',#13);
#12=ADVANCED_BREP_SHAPE_REPRESENTATION('brep_rep_0',(#11,#1385),#1238);
#13=CLOSED_SHELL('',(#14,#15,#16,#17,#18,#19,#20,#21,#22,#23,#24,#25,#26,
#27,#28,#29,#30,#31,#32,#33,#34,#35,#36,#37,#38,#39,#40,#41,#42,#43,#44,
#45,#46,#47,#48,#49,#50,#51,#52,#53,#54,#55,#56,#57,#58,#59,#60,#61,#62,
#63,#64,#65,#66,#67,#68,#69,#70,#71,#72,#73,#74,#75,#76,#77));
#14=ADVANCED_FACE('',(#110,#78,#79,#80,#81,#82,#83,#84,#85,#86,#87,#88,
#89),#1126,.T.);
#15=ADVANCED_FACE('',(#111),#1086,.T.);
#16=ADVANCED_FACE('',(#112),#1127,.T.);
#17=ADVANCED_FACE('',(#113),#1087,.T.);
#18=ADVANCED_FACE('',(#114,#90,#91,#92,#93),#1128,.T.);
#19=ADVANCED_FACE('',(#115),#1088,.T.);
#20=ADVANCED_FACE('',(#116),#1129,.T.);
#21=ADVANCED_FACE('',(#117),#1089,.T.);
#22=ADVANCED_FACE('',(#118,#94,#95,#96,#97,#98,#99,#100,#101,#102,#103,
#104,#105),#1130,.T.);
#23=ADVANCED_FACE('',(#119),#1090,.F.);
#24=ADVANCED_FACE('',(#120),#1131,.T.);
#25=ADVANCED_FACE('',(#121),#1091,.F.);
#26=ADVANCED_FACE('',(#122,#106,#107,#108,#109),#1132,.T.);
#27=ADVANCED_FACE('',(#123),#1092,.F.);
#28=ADVANCED_FACE('',(#124),#1133,.T.);
#29=ADVANCED_FACE('',(#125),#1093,.F.);
#30=ADVANCED_FACE('',(#126),#1134,.T.);
#31=ADVANCED_FACE('',(#127),#1135,.T.);
#32=ADVANCED_FACE('',(#128),#1136,.T.);
#33=ADVANCED_FACE('',(#129),#1137,.T.);
#34=ADVANCED_FACE('',(#130),#1138,.T.);
#35=ADVANCED_FACE('',(#131),#1139,.T.);
#36=ADVANCED_FACE('',(#132),#1140,.T.);
#37=ADVANCED_FACE('',(#133),#1141,.T.);
#38=ADVANCED_FACE('',(#134),#1142,.T.);
#39=ADVANCED_FACE('',(#135),#1143,.T.);
#40=ADVANCED_FACE('',(#136),#1144,.T.);
#41=ADVANCED_FACE('',(#137),#1145,.T.);
#42=ADVANCED_FACE('',(#138),#1146,.T.);
#43=ADVANCED_FACE('',(#139),#1147,.T.);
#44=ADVANCED_FACE('',(#140),#1148,.T.);
#45=ADVANCED_FACE('',(#141),#1149,.T.);
#46=ADVANCED_FACE('',(#142),#1094,.F.);
#47=ADVANCED_FACE('',(#143),#1095,.F.);
#48=ADVANCED_FACE('',(#144),#1096,.F.);
#49=ADVANCED_FACE('',(#145),#1097,.F.);
#50=ADVANCED_FACE('',(#146),#1098,.F.);
#51=ADVANCED_FACE('',(#147),#1099,.F.);
#52=ADVANCED_FACE('',(#148),#1100,.F.);
#53=ADVANCED_FACE('',(#149),#1101,.F.);
#54=ADVANCED_FACE('',(#150),#1102,.F.);
#55=ADVANCED_FACE('',(#151),#1103,.F.);
#56=ADVANCED_FACE('',(#152),#1104,.F.);
#57=ADVANCED_FACE('',(#153),#1105,.F.);
#58=ADVANCED_FACE('',(#154),#1106,.F.);
#59=ADVANCED_FACE('',(#155),#1107,.F.);
#60=ADVANCED_FACE('',(#156),#1108,.F.);
#61=ADVANCED_FACE('',(#157),#1109,.F.);
#62=ADVANCED_FACE('',(#158),#1110,.F.);
#63=ADVANCED_FACE('',(#159),#1111,.F.);
#64=ADVANCED_FACE('',(#160),#1112,.F.);
#65=ADVANCED_FACE('',(#161),#1113,.F.);
#66=ADVANCED_FACE('',(#162),#1114,.F.);
#67=ADVANCED_FACE('',(#163),#1115,.F.);
#68=ADVANCED_FACE('',(#164),#1116,.F.);
#69=ADVANCED_FACE('',(#165),#1117,.F.);
#70=ADVANCED_FACE('',(#166),#1118,.F.);
#71=ADVANCED_FACE('',(#167),#1119,.F.);
#72=ADVANCED_FACE('',(#168),#1120,.F.);
#73=ADVANCED_FACE('',(#169),#1121,.F.);
#74=ADVANCED_FACE('',(#170),#1122,.F.);
#75=ADVANCED_FACE('',(#171),#1123,.F.);
#76=ADVANCED_FACE('',(#172),#1124,.F.);
#77=ADVANCED_FACE('',(#173),#1125,.F.);
#78=FACE_BOUND('',#175,.T.);
#79=FACE_BOUND('',#176,.T.);
#80=FACE_BOUND('',#177,.T.);
#81=FACE_BOUND('',#178,.T.);
#82=FACE_BOUND('',#179,.T.);
#83=FACE_BOUND('',#180,.T.);
#84=FACE_BOUND('',#181,.T.);
#85=FACE_BOUND('',#182,.T.);
#86=FACE_BOUND('',#183,.T.);
#87=FACE_BOUND('',#184,.T.);
#88=FACE_BOUND('',#185,.T.);
#89=FACE_BOUND('',#186,.T.);
#90=FACE_BOUND('',#191,.T.);
#91=FACE_BOUND('',#192,.T.);
#92=FACE_BOUND('',#193,.T.);
#93=FACE_BOUND('',#194,.T.);
#94=FACE_BOUND('',#199,.T.);
#95=FACE_BOUND('',#200,.T.);
#96=FACE_BOUND('',#201,.T.);
#97=FACE_BOUND('',#202,.T.);
#98=FACE_BOUND('',#203,.T.);
#99=FACE_BOUND('',#204,.T.);
#100=FACE_BOUND('',#205,.T.);
#101=FACE_BOUND('',#206,.T.);
#102=FACE_BOUND('',#207,.T.);
#103=FACE_BOUND('',#208,.T.);
#104=FACE_BOUND('',#209,.T.);
#105=FACE_BOUND('',#210,.T.);
#106=FACE_BOUND('',#215,.T.);
#107=FACE_BOUND('',#216,.T.);
#108=FACE_BOUND('',#217,.T.);
#109=FACE_BOUND('',#218,.T.);
#110=FACE_OUTER_BOUND('',#174,.T.);
#111=FACE_OUTER_BOUND('',#187,.T.);
#112=FACE_OUTER_BOUND('',#188,.T.);
#113=FACE_OUTER_BOUND('',#189,.T.);
#114=FACE_OUTER_BOUND('',#190,.T.);
#115=FACE_OUTER_BOUND('',#195,.T.);
#116=FACE_OUTER_BOUND('',#196,.T.);
#117=FACE_OUTER_BOUND('',#197,.T.);
#118=FACE_OUTER_BOUND('',#198,.T.);
#119=FACE_OUTER_BOUND('',#211,.T.);
#120=FACE_OUTER_BOUND('',#212,.T.);
#121=FACE_OUTER_BOUND('',#213,.T.);
#122=FACE_OUTER_BOUND('',#214,.T.);
#123=FACE_OUTER_BOUND('',#219,.T.);
#124=FACE_OUTER_BOUND('',#220,.T.);
#125=FACE_OUTER_BOUND('',#221,.T.);
#126=FACE_OUTER_BOUND('',#222,.T.);
#127=FACE_OUTER_BOUND('',#223,.T.);
#128=FACE_OUTER_BOUND('',#224,.T.);
#129=FACE_OUTER_BOUND('',#225,.T.);
#130=FACE_OUTER_BOUND('',#226,.T.);
#131=FACE_OUTER_BOUND('',#227,.T.);
#132=FACE_OUTER_BOUND('',#228,.T.);
#133=FACE_OUTER_BOUND('',#229,.T.);
#134=FACE_OUTER_BOUND('',#230,.T.);
#135=FACE_OUTER_BOUND('',#231,.T.);
#136=FACE_OUTER_BOUND('',#232,.T.);
#137=FACE_OUTER_BOUND('',#233,.T.);
#138=FACE_OUTER_BOUND('',#234,.T.);
#139=FACE_OUTER_BOUND('',#235,.T.);
#140=FACE_OUTER_BOUND('',#236,.T.);
#141=FACE_OUTER_BOUND('',#237,.T.);
#142=FACE_OUTER_BOUND('',#238,.T.);
#143=FACE_OUTER_BOUND('',#239,.T.);
#144=FACE_OUTER_BOUND('',#240,.T.);
#145=FACE_OUTER_BOUND('',#241,.T.);
#146=FACE_OUTER_BOUND('',#242,.T.);
#147=FACE_OUTER_BOUND('',#243,.T.);
#148=FACE_OUTER_BOUND('',#244,.T.);
#149=FACE_OUTER_BOUND('',#245,.T.);
#150=FACE_OUTER_BOUND('',#246,.T.);
#151=FACE_OUTER_BOUND('',#247,.T.);
#152=FACE_OUTER_BOUND('',#248,.T.);
#153=FACE_OUTER_BOUND('',#249,.T.);
#154=FACE_OUTER_BOUND('',#250,.T.);
#155=FACE_OUTER_BOUND('',#251,.T.);
#156=FACE_OUTER_BOUND('',#252,.T.);
#157=FACE_OUTER_BOUND('',#253,.T.);
#158=FACE_OUTER_BOUND('',#254,.T.);
#159=FACE_OUTER_BOUND('',#255,.T.);
#160=FACE_OUTER_BOUND('',#256,.T.);
#161=FACE_OUTER_BOUND('',#257,.T.);
#162=FACE_OUTER_BOUND('',#258,.T.);
#163=FACE_OUTER_BOUND('',#259,.T.);
#164=FACE_OUTER_BOUND('',#260,.T.);
#165=FACE_OUTER_BOUND('',#261,.T.);
#166=FACE_OUTER_BOUND('',#262,.T.);
#167=FACE_OUTER_BOUND('',#263,.T.);
#168=FACE_OUTER_BOUND('',#264,.T.);
#169=FACE_OUTER_BOUND('',#265,.T.);
#170=FACE_OUTER_BOUND('',#266,.T.);
#171=FACE_OUTER_BOUND('',#267,.T.);
#172=FACE_OUTER_BOUND('',#268,.T.);
#173=FACE_OUTER_BOUND('',#269,.T.);
#174=EDGE_LOOP('',(#270,#271,#272,#273));
#175=EDGE_LOOP('',(#274,#275));
#176=EDGE_LOOP('',(#276,#277));
#177=EDGE_LOOP('',(#278,#279));
#178=EDGE_LOOP('',(#280,#281));
#179=EDGE_LOOP('',(#282,#283));
#180=EDGE_LOOP('',(#284,#285));
#181=EDGE_LOOP('',(#286,#287));
#182=EDGE_LOOP('',(#288,#289));
#183=EDGE_LOOP('',(#290,#291));
#184=EDGE_LOOP('',(#292,#293));
#185=EDGE_LOOP('',(#294,#295));
#186=EDGE_LOOP('',(#296,#297));
#187=EDGE_LOOP('',(#298,#299,#300,#301));
#188=EDGE_LOOP('',(#302,#303,#304,#305));
#189=EDGE_LOOP('',(#306,#307,#308,#309));
#190=EDGE_LOOP('',(#310,#311,#312,#313));
#191=EDGE_LOOP('',(#314,#315));
#192=EDGE_LOOP('',(#316,#317));
#193=EDGE_LOOP('',(#318,#319));
#194=EDGE_LOOP('',(#320,#321));
#195=EDGE_LOOP('',(#322,#323,#324,#325));
#196=EDGE_LOOP('',(#326,#327,#328,#329));
#197=EDGE_LOOP('',(#330,#331,#332,#333));
#198=EDGE_LOOP('',(#334,#335,#336,#337));
#199=EDGE_LOOP('',(#338,#339));
#200=EDGE_LOOP('',(#340,#341));
#201=EDGE_LOOP('',(#342,#343));
#202=EDGE_LOOP('',(#344,#345));
#203=EDGE_LOOP('',(#346,#347));
#204=EDGE_LOOP('',(#348,#349));
#205=EDGE_LOOP('',(#350,#351));
#206=EDGE_LOOP('',(#352,#353));
#207=EDGE_LOOP('',(#354,#355));
#208=EDGE_LOOP('',(#356,#357));
#209=EDGE_LOOP('',(#358,#359));
#210=EDGE_LOOP('',(#360,#361));
#211=EDGE_LOOP('',(#362,#363,#364,#365));
#212=EDGE_LOOP('',(#366,#367,#368,#369));
#213=EDGE_LOOP('',(#370,#371,#372,#373));
#214=EDGE_LOOP('',(#374,#375,#376,#377));
#215=EDGE_LOOP('',(#378,#379));
#216=EDGE_LOOP('',(#380,#381));
#217=EDGE_LOOP('',(#382,#383));
#218=EDGE_LOOP('',(#384,#385));
#219=EDGE_LOOP('',(#386,#387,#388,#389));
#220=EDGE_LOOP('',(#390,#391,#392,#393));
#221=EDGE_LOOP('',(#394,#395,#396,#397));
#222=EDGE_LOOP('',(#398,#399,#400,#401));
#223=EDGE_LOOP('',(#402,#403,#404,#405));
#224=EDGE_LOOP('',(#406,#407,#408,#409));
#225=EDGE_LOOP('',(#410,#411,#412,#413));
#226=EDGE_LOOP('',(#414,#415,#416,#417));
#227=EDGE_LOOP('',(#418,#419,#420,#421));
#228=EDGE_LOOP('',(#422,#423,#424,#425));
#229=EDGE_LOOP('',(#426,#427,#428,#429));
#230=EDGE_LOOP('',(#430,#431,#432,#433));
#231=EDGE_LOOP('',(#434,#435,#436,#437));
#232=EDGE_LOOP('',(#438,#439,#440,#441));
#233=EDGE_LOOP('',(#442,#443,#444,#445));
#234=EDGE_LOOP('',(#446,#447,#448,#449));
#235=EDGE_LOOP('',(#450,#451,#452,#453));
#236=EDGE_LOOP('',(#454,#455,#456,#457));
#237=EDGE_LOOP('',(#458,#459,#460,#461));
#238=EDGE_LOOP('',(#462,#463,#464,#465));
#239=EDGE_LOOP('',(#466,#467,#468,#469));
#240=EDGE_LOOP('',(#470,#471,#472,#473));
#241=EDGE_LOOP('',(#474,#475,#476,#477));
#242=EDGE_LOOP('',(#478,#479,#480,#481));
#243=EDGE_LOOP('',(#482,#483,#484,#485));
#244=EDGE_LOOP('',(#486,#487,#488,#489));
#245=EDGE_LOOP('',(#490,#491,#492,#493));
#246=EDGE_LOOP('',(#494,#495,#496,#497));
#247=EDGE_LOOP('',(#498,#499,#500,#501));
#248=EDGE_LOOP('',(#502,#503,#504,#505));
#249=EDGE_LOOP('',(#506,#507,#508,#509));
#250=EDGE_LOOP('',(#510,#511,#512,#513));
#251=EDGE_LOOP('',(#514,#515,#516,#517));
#252=EDGE_LOOP('',(#518,#519,#520,#521));
#253=EDGE_LOOP('',(#522,#523,#524,#525));
#254=EDGE_LOOP('',(#526,#527,#528,#529));
#255=EDGE_LOOP('',(#530,#531,#532,#533));
#256=EDGE_LOOP('',(#534,#535,#536,#537));
#257=EDGE_LOOP('',(#538,#539,#540,#541));
#258=EDGE_LOOP('',(#542,#543,#544,#545));
#259=EDGE_LOOP('',(#546,#547,#548,#549));
#260=EDGE_LOOP('',(#550,#551,#552,#553));
#261=EDGE_LOOP('',(#554,#555,#556,#557));
#262=EDGE_LOOP('',(#558,#559,#560,#561));
#263=EDGE_LOOP('',(#562,#563,#564,#565));
#264=EDGE_LOOP('',(#566,#567,#568,#569));
#265=EDGE_LOOP('',(#570,#571,#572,#573));
#266=EDGE_LOOP('',(#574,#575,#576,#577));
#267=EDGE_LOOP('',(#578,#579,#580,#581));
#268=EDGE_LOOP('',(#582,#583,#584,#585));
#269=EDGE_LOOP('',(#586,#587,#588,#589));
#270=ORIENTED_EDGE('',*,*,#592,.T.);
#271=ORIENTED_EDGE('',*,*,#590,.F.);
#272=ORIENTED_EDGE('',*,*,#593,.F.);
#273=ORIENTED_EDGE('',*,*,#591,.F.);
#274=ORIENTED_EDGE('',*,*,#654,.T.);
#275=ORIENTED_EDGE('',*,*,#703,.T.);
#276=ORIENTED_EDGE('',*,*,#657,.T.);
#277=ORIENTED_EDGE('',*,*,#706,.T.);
#278=ORIENTED_EDGE('',*,*,#660,.T.);
#279=ORIENTED_EDGE('',*,*,#709,.T.);
#280=ORIENTED_EDGE('',*,*,#663,.T.);
#281=ORIENTED_EDGE('',*,*,#712,.T.);
#282=ORIENTED_EDGE('',*,*,#666,.T.);
#283=ORIENTED_EDGE('',*,*,#715,.T.);
#284=ORIENTED_EDGE('',*,*,#669,.T.);
#285=ORIENTED_EDGE('',*,*,#718,.T.);
#286=ORIENTED_EDGE('',*,*,#672,.T.);
#287=ORIENTED_EDGE('',*,*,#721,.T.);
#288=ORIENTED_EDGE('',*,*,#675,.T.);
#289=ORIENTED_EDGE('',*,*,#724,.T.);
#290=ORIENTED_EDGE('',*,*,#678,.T.);
#291=ORIENTED_EDGE('',*,*,#727,.T.);
#292=ORIENTED_EDGE('',*,*,#681,.T.);
#293=ORIENTED_EDGE('',*,*,#730,.T.);
#294=ORIENTED_EDGE('',*,*,#684,.T.);
#295=ORIENTED_EDGE('',*,*,#733,.T.);
#296=ORIENTED_EDGE('',*,*,#687,.T.);
#297=ORIENTED_EDGE('',*,*,#736,.T.);
#298=ORIENTED_EDGE('',*,*,#596,.T.);
#299=ORIENTED_EDGE('',*,*,#594,.F.);
#300=ORIENTED_EDGE('',*,*,#592,.F.);
#301=ORIENTED_EDGE('',*,*,#595,.F.);
#302=ORIENTED_EDGE('',*,*,#599,.T.);
#303=ORIENTED_EDGE('',*,*,#597,.F.);
#304=ORIENTED_EDGE('',*,*,#596,.F.);
#305=ORIENTED_EDGE('',*,*,#598,.F.);
#306=ORIENTED_EDGE('',*,*,#602,.T.);
#307=ORIENTED_EDGE('',*,*,#600,.F.);
#308=ORIENTED_EDGE('',*,*,#599,.F.);
#309=ORIENTED_EDGE('',*,*,#601,.F.);
#310=ORIENTED_EDGE('',*,*,#605,.T.);
#311=ORIENTED_EDGE('',*,*,#603,.F.);
#312=ORIENTED_EDGE('',*,*,#602,.F.);
#313=ORIENTED_EDGE('',*,*,#604,.F.);
#314=ORIENTED_EDGE('',*,*,#690,.T.);
#315=ORIENTED_EDGE('',*,*,#739,.T.);
#316=ORIENTED_EDGE('',*,*,#693,.T.);
#317=ORIENTED_EDGE('',*,*,#742,.T.);
#318=ORIENTED_EDGE('',*,*,#696,.T.);
#319=ORIENTED_EDGE('',*,*,#745,.T.);
#320=ORIENTED_EDGE('',*,*,#699,.T.);
#321=ORIENTED_EDGE('',*,*,#748,.T.);
#322=ORIENTED_EDGE('',*,*,#608,.T.);
#323=ORIENTED_EDGE('',*,*,#606,.F.);
#324=ORIENTED_EDGE('',*,*,#605,.F.);
#325=ORIENTED_EDGE('',*,*,#607,.F.);
#326=ORIENTED_EDGE('',*,*,#611,.T.);
#327=ORIENTED_EDGE('',*,*,#609,.F.);
#328=ORIENTED_EDGE('',*,*,#608,.F.);
#329=ORIENTED_EDGE('',*,*,#610,.F.);
#330=ORIENTED_EDGE('',*,*,#593,.T.);
#331=ORIENTED_EDGE('',*,*,#612,.F.);
#332=ORIENTED_EDGE('',*,*,#611,.F.);
#333=ORIENTED_EDGE('',*,*,#613,.F.);
#334=ORIENTED_EDGE('',*,*,#615,.T.);
#335=ORIENTED_EDGE('',*,*,#617,.T.);
#336=ORIENTED_EDGE('',*,*,#614,.T.);
#337=ORIENTED_EDGE('',*,*,#616,.F.);
#338=ORIENTED_EDGE('',*,*,#704,.F.);
#339=ORIENTED_EDGE('',*,*,#656,.F.);
#340=ORIENTED_EDGE('',*,*,#707,.F.);
#341=ORIENTED_EDGE('',*,*,#659,.F.);
#342=ORIENTED_EDGE('',*,*,#710,.F.);
#343=ORIENTED_EDGE('',*,*,#662,.F.);
#344=ORIENTED_EDGE('',*,*,#713,.F.);
#345=ORIENTED_EDGE('',*,*,#665,.F.);
#346=ORIENTED_EDGE('',*,*,#716,.F.);
#347=ORIENTED_EDGE('',*,*,#668,.F.);
#348=ORIENTED_EDGE('',*,*,#719,.F.);
#349=ORIENTED_EDGE('',*,*,#671,.F.);
#350=ORIENTED_EDGE('',*,*,#722,.F.);
#351=ORIENTED_EDGE('',*,*,#674,.F.);
#352=ORIENTED_EDGE('',*,*,#725,.F.);
#353=ORIENTED_EDGE('',*,*,#677,.F.);
#354=ORIENTED_EDGE('',*,*,#728,.F.);
#355=ORIENTED_EDGE('',*,*,#680,.F.);
#356=ORIENTED_EDGE('',*,*,#731,.F.);
#357=ORIENTED_EDGE('',*,*,#683,.F.);
#358=ORIENTED_EDGE('',*,*,#734,.F.);
#359=ORIENTED_EDGE('',*,*,#686,.F.);
#360=ORIENTED_EDGE('',*,*,#737,.F.);
#361=ORIENTED_EDGE('',*,*,#689,.F.);
#362=ORIENTED_EDGE('',*,*,#619,.T.);
#363=ORIENTED_EDGE('',*,*,#616,.T.);
#364=ORIENTED_EDGE('',*,*,#618,.T.);
#365=ORIENTED_EDGE('',*,*,#620,.F.);
#366=ORIENTED_EDGE('',*,*,#622,.T.);
#367=ORIENTED_EDGE('',*,*,#620,.T.);
#368=ORIENTED_EDGE('',*,*,#621,.T.);
#369=ORIENTED_EDGE('',*,*,#623,.F.);
#370=ORIENTED_EDGE('',*,*,#625,.T.);
#371=ORIENTED_EDGE('',*,*,#623,.T.);
#372=ORIENTED_EDGE('',*,*,#624,.T.);
#373=ORIENTED_EDGE('',*,*,#626,.F.);
#374=ORIENTED_EDGE('',*,*,#628,.T.);
#375=ORIENTED_EDGE('',*,*,#626,.T.);
#376=ORIENTED_EDGE('',*,*,#627,.T.);
#377=ORIENTED_EDGE('',*,*,#629,.F.);
#378=ORIENTED_EDGE('',*,*,#740,.F.);
#379=ORIENTED_EDGE('',*,*,#692,.F.);
#380=ORIENTED_EDGE('',*,*,#743,.F.);
#381=ORIENTED_EDGE('',*,*,#695,.F.);
#382=ORIENTED_EDGE('',*,*,#746,.F.);
#383=ORIENTED_EDGE('',*,*,#698,.F.);
#384=ORIENTED_EDGE('',*,*,#749,.F.);
#385=ORIENTED_EDGE('',*,*,#701,.F.);
#386=ORIENTED_EDGE('',*,*,#631,.T.);
#387=ORIENTED_EDGE('',*,*,#629,.T.);
#388=ORIENTED_EDGE('',*,*,#630,.T.);
#389=ORIENTED_EDGE('',*,*,#632,.F.);
#390=ORIENTED_EDGE('',*,*,#634,.T.);
#391=ORIENTED_EDGE('',*,*,#632,.T.);
#392=ORIENTED_EDGE('',*,*,#633,.T.);
#393=ORIENTED_EDGE('',*,*,#635,.F.);
#394=ORIENTED_EDGE('',*,*,#637,.T.);
#395=ORIENTED_EDGE('',*,*,#635,.T.);
#396=ORIENTED_EDGE('',*,*,#636,.T.);
#397=ORIENTED_EDGE('',*,*,#617,.F.);
#398=ORIENTED_EDGE('',*,*,#639,.F.);
#399=ORIENTED_EDGE('',*,*,#614,.F.);
#400=ORIENTED_EDGE('',*,*,#638,.F.);
#401=ORIENTED_EDGE('',*,*,#590,.T.);
#402=ORIENTED_EDGE('',*,*,#640,.T.);
#403=ORIENTED_EDGE('',*,*,#618,.F.);
#404=ORIENTED_EDGE('',*,*,#639,.T.);
#405=ORIENTED_EDGE('',*,*,#594,.T.);
#406=ORIENTED_EDGE('',*,*,#641,.F.);
#407=ORIENTED_EDGE('',*,*,#621,.F.);
#408=ORIENTED_EDGE('',*,*,#640,.F.);
#409=ORIENTED_EDGE('',*,*,#597,.T.);
#410=ORIENTED_EDGE('',*,*,#642,.T.);
#411=ORIENTED_EDGE('',*,*,#624,.F.);
#412=ORIENTED_EDGE('',*,*,#641,.T.);
#413=ORIENTED_EDGE('',*,*,#600,.T.);
#414=ORIENTED_EDGE('',*,*,#643,.F.);
#415=ORIENTED_EDGE('',*,*,#627,.F.);
#416=ORIENTED_EDGE('',*,*,#642,.F.);
#417=ORIENTED_EDGE('',*,*,#603,.T.);
#418=ORIENTED_EDGE('',*,*,#644,.T.);
#419=ORIENTED_EDGE('',*,*,#630,.F.);
#420=ORIENTED_EDGE('',*,*,#643,.T.);
#421=ORIENTED_EDGE('',*,*,#606,.T.);
#422=ORIENTED_EDGE('',*,*,#645,.F.);
#423=ORIENTED_EDGE('',*,*,#633,.F.);
#424=ORIENTED_EDGE('',*,*,#644,.F.);
#425=ORIENTED_EDGE('',*,*,#609,.T.);
#426=ORIENTED_EDGE('',*,*,#638,.T.);
#427=ORIENTED_EDGE('',*,*,#636,.F.);
#428=ORIENTED_EDGE('',*,*,#645,.T.);
#429=ORIENTED_EDGE('',*,*,#612,.T.);
#430=ORIENTED_EDGE('',*,*,#646,.T.);
#431=ORIENTED_EDGE('',*,*,#619,.F.);
#432=ORIENTED_EDGE('',*,*,#653,.T.);
#433=ORIENTED_EDGE('',*,*,#595,.T.);
#434=ORIENTED_EDGE('',*,*,#647,.F.);
#435=ORIENTED_EDGE('',*,*,#615,.F.);
#436=ORIENTED_EDGE('',*,*,#646,.F.);
#437=ORIENTED_EDGE('',*,*,#591,.T.);
#438=ORIENTED_EDGE('',*,*,#648,.T.);
#439=ORIENTED_EDGE('',*,*,#637,.F.);
#440=ORIENTED_EDGE('',*,*,#647,.T.);
#441=ORIENTED_EDGE('',*,*,#613,.T.);
#442=ORIENTED_EDGE('',*,*,#649,.F.);
#443=ORIENTED_EDGE('',*,*,#634,.F.);
#444=ORIENTED_EDGE('',*,*,#648,.F.);
#445=ORIENTED_EDGE('',*,*,#610,.T.);
#446=ORIENTED_EDGE('',*,*,#650,.T.);
#447=ORIENTED_EDGE('',*,*,#631,.F.);
#448=ORIENTED_EDGE('',*,*,#649,.T.);
#449=ORIENTED_EDGE('',*,*,#607,.T.);
#450=ORIENTED_EDGE('',*,*,#651,.F.);
#451=ORIENTED_EDGE('',*,*,#628,.F.);
#452=ORIENTED_EDGE('',*,*,#650,.F.);
#453=ORIENTED_EDGE('',*,*,#604,.T.);
#454=ORIENTED_EDGE('',*,*,#652,.T.);
#455=ORIENTED_EDGE('',*,*,#625,.F.);
#456=ORIENTED_EDGE('',*,*,#651,.T.);
#457=ORIENTED_EDGE('',*,*,#601,.T.);
#458=ORIENTED_EDGE('',*,*,#653,.F.);
#459=ORIENTED_EDGE('',*,*,#622,.F.);
#460=ORIENTED_EDGE('',*,*,#652,.F.);
#461=ORIENTED_EDGE('',*,*,#598,.T.);
#462=ORIENTED_EDGE('',*,*,#654,.F.);
#463=ORIENTED_EDGE('',*,*,#655,.T.);
#464=ORIENTED_EDGE('',*,*,#656,.T.);
#465=ORIENTED_EDGE('',*,*,#702,.F.);
#466=ORIENTED_EDGE('',*,*,#657,.F.);
#467=ORIENTED_EDGE('',*,*,#658,.T.);
#468=ORIENTED_EDGE('',*,*,#659,.T.);
#469=ORIENTED_EDGE('',*,*,#705,.F.);
#470=ORIENTED_EDGE('',*,*,#660,.F.);
#471=ORIENTED_EDGE('',*,*,#661,.T.);
#472=ORIENTED_EDGE('',*,*,#662,.T.);
#473=ORIENTED_EDGE('',*,*,#708,.F.);
#474=ORIENTED_EDGE('',*,*,#663,.F.);
#475=ORIENTED_EDGE('',*,*,#664,.T.);
#476=ORIENTED_EDGE('',*,*,#665,.T.);
#477=ORIENTED_EDGE('',*,*,#711,.F.);
#478=ORIENTED_EDGE('',*,*,#666,.F.);
#479=ORIENTED_EDGE('',*,*,#667,.T.);
#480=ORIENTED_EDGE('',*,*,#668,.T.);
#481=ORIENTED_EDGE('',*,*,#714,.F.);
#482=ORIENTED_EDGE('',*,*,#669,.F.);
#483=ORIENTED_EDGE('',*,*,#670,.T.);
#484=ORIENTED_EDGE('',*,*,#671,.T.);
#485=ORIENTED_EDGE('',*,*,#717,.F.);
#486=ORIENTED_EDGE('',*,*,#672,.F.);
#487=ORIENTED_EDGE('',*,*,#673,.T.);
#488=ORIENTED_EDGE('',*,*,#674,.T.);
#489=ORIENTED_EDGE('',*,*,#720,.F.);
#490=ORIENTED_EDGE('',*,*,#675,.F.);
#491=ORIENTED_EDGE('',*,*,#676,.T.);
#492=ORIENTED_EDGE('',*,*,#677,.T.);
#493=ORIENTED_EDGE('',*,*,#723,.F.);
#494=ORIENTED_EDGE('',*,*,#678,.F.);
#495=ORIENTED_EDGE('',*,*,#679,.T.);
#496=ORIENTED_EDGE('',*,*,#680,.T.);
#497=ORIENTED_EDGE('',*,*,#726,.F.);
#498=ORIENTED_EDGE('',*,*,#681,.F.);
#499=ORIENTED_EDGE('',*,*,#682,.T.);
#500=ORIENTED_EDGE('',*,*,#683,.T.);
#501=ORIENTED_EDGE('',*,*,#729,.F.);
#502=ORIENTED_EDGE('',*,*,#684,.F.);
#503=ORIENTED_EDGE('',*,*,#685,.T.);
#504=ORIENTED_EDGE('',*,*,#686,.T.);
#505=ORIENTED_EDGE('',*,*,#732,.F.);
#506=ORIENTED_EDGE('',*,*,#687,.F.);
#507=ORIENTED_EDGE('',*,*,#688,.T.);
#508=ORIENTED_EDGE('',*,*,#689,.T.);
#509=ORIENTED_EDGE('',*,*,#735,.F.);
#510=ORIENTED_EDGE('',*,*,#690,.F.);
#511=ORIENTED_EDGE('',*,*,#691,.T.);
#512=ORIENTED_EDGE('',*,*,#692,.T.);
#513=ORIENTED_EDGE('',*,*,#738,.F.);
#514=ORIENTED_EDGE('',*,*,#693,.F.);
#515=ORIENTED_EDGE('',*,*,#694,.T.);
#516=ORIENTED_EDGE('',*,*,#695,.T.);
#517=ORIENTED_EDGE('',*,*,#741,.F.);
#518=ORIENTED_EDGE('',*,*,#696,.F.);
#519=ORIENTED_EDGE('',*,*,#697,.T.);
#520=ORIENTED_EDGE('',*,*,#698,.T.);
#521=ORIENTED_EDGE('',*,*,#744,.F.);
#522=ORIENTED_EDGE('',*,*,#699,.F.);
#523=ORIENTED_EDGE('',*,*,#700,.T.);
#524=ORIENTED_EDGE('',*,*,#701,.T.);
#525=ORIENTED_EDGE('',*,*,#747,.F.);
#526=ORIENTED_EDGE('',*,*,#702,.T.);
#527=ORIENTED_EDGE('',*,*,#704,.T.);
#528=ORIENTED_EDGE('',*,*,#655,.F.);
#529=ORIENTED_EDGE('',*,*,#703,.F.);
#530=ORIENTED_EDGE('',*,*,#705,.T.);
#531=ORIENTED_EDGE('',*,*,#707,.T.);
#532=ORIENTED_EDGE('',*,*,#658,.F.);
#533=ORIENTED_EDGE('',*,*,#706,.F.);
#534=ORIENTED_EDGE('',*,*,#708,.T.);
#535=ORIENTED_EDGE('',*,*,#710,.T.);
#536=ORIENTED_EDGE('',*,*,#661,.F.);
#537=ORIENTED_EDGE('',*,*,#709,.F.);
#538=ORIENTED_EDGE('',*,*,#711,.T.);
#539=ORIENTED_EDGE('',*,*,#713,.T.);
#540=ORIENTED_EDGE('',*,*,#664,.F.);
#541=ORIENTED_EDGE('',*,*,#712,.F.);
#542=ORIENTED_EDGE('',*,*,#714,.T.);
#543=ORIENTED_EDGE('',*,*,#716,.T.);
#544=ORIENTED_EDGE('',*,*,#667,.F.);
#545=ORIENTED_EDGE('',*,*,#715,.F.);
#546=ORIENTED_EDGE('',*,*,#717,.T.);
#547=ORIENTED_EDGE('',*,*,#719,.T.);
#548=ORIENTED_EDGE('',*,*,#670,.F.);
#549=ORIENTED_EDGE('',*,*,#718,.F.);
#550=ORIENTED_EDGE('',*,*,#720,.T.);
#551=ORIENTED_EDGE('',*,*,#722,.T.);
#552=ORIENTED_EDGE('',*,*,#673,.F.);
#553=ORIENTED_EDGE('',*,*,#721,.F.);
#554=ORIENTED_EDGE('',*,*,#723,.T.);
#555=ORIENTED_EDGE('',*,*,#725,.T.);
#556=ORIENTED_EDGE('',*,*,#676,.F.);
#557=ORIENTED_EDGE('',*,*,#724,.F.);
#558=ORIENTED_EDGE('',*,*,#726,.T.);
#559=ORIENTED_EDGE('',*,*,#728,.T.);
#560=ORIENTED_EDGE('',*,*,#679,.F.);
#561=ORIENTED_EDGE('',*,*,#727,.F.);
#562=ORIENTED_EDGE('',*,*,#729,.T.);
#563=ORIENTED_EDGE('',*,*,#731,.T.);
#564=ORIENTED_EDGE('',*,*,#682,.F.);
#565=ORIENTED_EDGE('',*,*,#730,.F.);
#566=ORIENTED_EDGE('',*,*,#732,.T.);
#567=ORIENTED_EDGE('',*,*,#734,.T.);
#568=ORIENTED_EDGE('',*,*,#685,.F.);
#569=ORIENTED_EDGE('',*,*,#733,.F.);
#570=ORIENTED_EDGE('',*,*,#735,.T.);
#571=ORIENTED_EDGE('',*,*,#737,.T.);
#572=ORIENTED_EDGE('',*,*,#688,.F.);
#573=ORIENTED_EDGE('',*,*,#736,.F.);
#574=ORIENTED_EDGE('',*,*,#738,.T.);
#575=ORIENTED_EDGE('',*,*,#740,.T.);
#576=ORIENTED_EDGE('',*,*,#691,.F.);
#577=ORIENTED_EDGE('',*,*,#739,.F.);
#578=ORIENTED_EDGE('',*,*,#741,.T.);
#579=ORIENTED_EDGE('',*,*,#743,.T.);
#580=ORIENTED_EDGE('',*,*,#694,.F.);
#581=ORIENTED_EDGE('',*,*,#742,.F.);
#582=ORIENTED_EDGE('',*,*,#744,.T.);
#583=ORIENTED_EDGE('',*,*,#746,.T.);
#584=ORIENTED_EDGE('',*,*,#697,.F.);
#585=ORIENTED_EDGE('',*,*,#745,.F.);
#586=ORIENTED_EDGE('',*,*,#747,.T.);
#587=ORIENTED_EDGE('',*,*,#749,.T.);
#588=ORIENTED_EDGE('',*,*,#700,.F.);
#589=ORIENTED_EDGE('',*,*,#748,.F.);
#590=EDGE_CURVE('',#991,#990,#945,.T.);
#591=EDGE_CURVE('',#992,#993,#946,.T.);
#592=EDGE_CURVE('',#992,#990,#947,.T.);
#593=EDGE_CURVE('',#993,#991,#948,.T.);
#594=EDGE_CURVE('',#990,#1006,#785,.T.);
#595=EDGE_CURVE('',#1007,#992,#786,.T.);
#596=EDGE_CURVE('',#1007,#1006,#750,.T.);
#597=EDGE_CURVE('',#1006,#1008,#949,.T.);
#598=EDGE_CURVE('',#1009,#1007,#950,.T.);
#599=EDGE_CURVE('',#1009,#1008,#951,.T.);
#600=EDGE_CURVE('',#1008,#1010,#787,.T.);
#601=EDGE_CURVE('',#1011,#1009,#788,.T.);
#602=EDGE_CURVE('',#1011,#1010,#751,.T.);
#603=EDGE_CURVE('',#1010,#1012,#952,.T.);
#604=EDGE_CURVE('',#1013,#1011,#953,.T.);
#605=EDGE_CURVE('',#1013,#1012,#954,.T.);
#606=EDGE_CURVE('',#1012,#1018,#789,.T.);
#607=EDGE_CURVE('',#1019,#1013,#790,.T.);
#608=EDGE_CURVE('',#1019,#1018,#752,.T.);
#609=EDGE_CURVE('',#1018,#1020,#955,.T.);
#610=EDGE_CURVE('',#1021,#1019,#956,.T.);
#611=EDGE_CURVE('',#1021,#1020,#957,.T.);
#612=EDGE_CURVE('',#1020,#991,#791,.T.);
#613=EDGE_CURVE('',#993,#1021,#792,.T.);
#614=EDGE_CURVE('',#1023,#1022,#958,.T.);
#615=EDGE_CURVE('',#1024,#1025,#959,.T.);
#616=EDGE_CURVE('',#1024,#1022,#960,.T.);
#617=EDGE_CURVE('',#1025,#1023,#961,.T.);
#618=EDGE_CURVE('',#1022,#1038,#793,.T.);
#619=EDGE_CURVE('',#1039,#1024,#794,.T.);
#620=EDGE_CURVE('',#1039,#1038,#962,.T.);
#621=EDGE_CURVE('',#1038,#1040,#963,.T.);
#622=EDGE_CURVE('',#1041,#1039,#964,.T.);
#623=EDGE_CURVE('',#1041,#1040,#965,.T.);
#624=EDGE_CURVE('',#1040,#1042,#795,.T.);
#625=EDGE_CURVE('',#1043,#1041,#796,.T.);
#626=EDGE_CURVE('',#1043,#1042,#966,.T.);
#627=EDGE_CURVE('',#1042,#1044,#967,.T.);
#628=EDGE_CURVE('',#1045,#1043,#968,.T.);
#629=EDGE_CURVE('',#1045,#1044,#969,.T.);
#630=EDGE_CURVE('',#1044,#1050,#797,.T.);
#631=EDGE_CURVE('',#1051,#1045,#798,.T.);
#632=EDGE_CURVE('',#1051,#1050,#970,.T.);
#633=EDGE_CURVE('',#1050,#1052,#971,.T.);
#634=EDGE_CURVE('',#1053,#1051,#972,.T.);
#635=EDGE_CURVE('',#1053,#1052,#973,.T.);
#636=EDGE_CURVE('',#1052,#1023,#799,.T.);
#637=EDGE_CURVE('',#1025,#1053,#800,.T.);
#638=EDGE_CURVE('',#991,#1023,#974,.T.);
#639=EDGE_CURVE('',#1022,#990,#975,.T.);
#640=EDGE_CURVE('',#1006,#1038,#976,.T.);
#641=EDGE_CURVE('',#1040,#1008,#977,.T.);
#642=EDGE_CURVE('',#1010,#1042,#978,.T.);
#643=EDGE_CURVE('',#1044,#1012,#979,.T.);
#644=EDGE_CURVE('',#1018,#1050,#980,.T.);
#645=EDGE_CURVE('',#1052,#1020,#981,.T.);
#646=EDGE_CURVE('',#992,#1024,#982,.T.);
#647=EDGE_CURVE('',#1025,#993,#983,.T.);
#648=EDGE_CURVE('',#1021,#1053,#984,.T.);
#649=EDGE_CURVE('',#1051,#1019,#985,.T.);
#650=EDGE_CURVE('',#1013,#1045,#986,.T.);
#651=EDGE_CURVE('',#1043,#1011,#987,.T.);
#652=EDGE_CURVE('',#1009,#1041,#988,.T.);
#653=EDGE_CURVE('',#1039,#1007,#989,.T.);
#654=EDGE_CURVE('',#994,#1054,#801,.T.);
#655=EDGE_CURVE('',#994,#1026,#753,.T.);
#656=EDGE_CURVE('',#1026,#1055,#802,.T.);
#657=EDGE_CURVE('',#995,#1056,#803,.T.);
#658=EDGE_CURVE('',#995,#1027,#754,.T.);
#659=EDGE_CURVE('',#1027,#1057,#804,.T.);
#660=EDGE_CURVE('',#996,#1058,#805,.T.);
#661=EDGE_CURVE('',#996,#1028,#755,.T.);
#662=EDGE_CURVE('',#1028,#1059,#806,.T.);
#663=EDGE_CURVE('',#997,#1060,#807,.T.);
#664=EDGE_CURVE('',#997,#1029,#756,.T.);
#665=EDGE_CURVE('',#1029,#1061,#808,.T.);
#666=EDGE_CURVE('',#998,#1062,#809,.T.);
#667=EDGE_CURVE('',#998,#1030,#757,.T.);
#668=EDGE_CURVE('',#1030,#1063,#810,.T.);
#669=EDGE_CURVE('',#999,#1064,#811,.T.);
#670=EDGE_CURVE('',#999,#1031,#758,.T.);
#671=EDGE_CURVE('',#1031,#1065,#812,.T.);
#672=EDGE_CURVE('',#1000,#1066,#813,.T.);
#673=EDGE_CURVE('',#1000,#1032,#759,.T.);
#674=EDGE_CURVE('',#1032,#1067,#814,.T.);
#675=EDGE_CURVE('',#1001,#1068,#815,.T.);
#676=EDGE_CURVE('',#1001,#1033,#760,.T.);
#677=EDGE_CURVE('',#1033,#1069,#816,.T.);
#678=EDGE_CURVE('',#1002,#1070,#817,.T.);
#679=EDGE_CURVE('',#1002,#1034,#761,.T.);
#680=EDGE_CURVE('',#1034,#1071,#818,.T.);
#681=EDGE_CURVE('',#1003,#1072,#819,.T.);
#682=EDGE_CURVE('',#1003,#1035,#762,.T.);
#683=EDGE_CURVE('',#1035,#1073,#820,.T.);
#684=EDGE_CURVE('',#1004,#1074,#821,.T.);
#685=EDGE_CURVE('',#1004,#1036,#763,.T.);
#686=EDGE_CURVE('',#1036,#1075,#822,.T.);
#687=EDGE_CURVE('',#1005,#1076,#823,.T.);
#688=EDGE_CURVE('',#1005,#1037,#764,.T.);
#689=EDGE_CURVE('',#1037,#1077,#824,.T.);
#690=EDGE_CURVE('',#1014,#1078,#825,.T.);
#691=EDGE_CURVE('',#1014,#1046,#765,.T.);
#692=EDGE_CURVE('',#1046,#1079,#826,.T.);
#693=EDGE_CURVE('',#1015,#1080,#827,.T.);
#694=EDGE_CURVE('',#1015,#1047,#766,.T.);
#695=EDGE_CURVE('',#1047,#1081,#828,.T.);
#696=EDGE_CURVE('',#1016,#1082,#829,.T.);
#697=EDGE_CURVE('',#1016,#1048,#767,.T.);
#698=EDGE_CURVE('',#1048,#1083,#830,.T.);
#699=EDGE_CURVE('',#1017,#1084,#831,.T.);
#700=EDGE_CURVE('',#1017,#1049,#768,.T.);
#701=EDGE_CURVE('',#1049,#1085,#832,.T.);
#702=EDGE_CURVE('',#1054,#1055,#769,.T.);
#703=EDGE_CURVE('',#1054,#994,#833,.T.);
#704=EDGE_CURVE('',#1055,#1026,#834,.T.);
#705=EDGE_CURVE('',#1056,#1057,#770,.T.);
#706=EDGE_CURVE('',#1056,#995,#835,.T.);
#707=EDGE_CURVE('',#1057,#1027,#836,.T.);
#708=EDGE_CURVE('',#1058,#1059,#771,.T.);
#709=EDGE_CURVE('',#1058,#996,#837,.T.);
#710=EDGE_CURVE('',#1059,#1028,#838,.T.);
#711=EDGE_CURVE('',#1060,#1061,#772,.T.);
#712=EDGE_CURVE('',#1060,#997,#839,.T.);
#713=EDGE_CURVE('',#1061,#1029,#840,.T.);
#714=EDGE_CURVE('',#1062,#1063,#773,.T.);
#715=EDGE_CURVE('',#1062,#998,#841,.T.);
#716=EDGE_CURVE('',#1063,#1030,#842,.T.);
#717=EDGE_CURVE('',#1064,#1065,#774,.T.);
#718=EDGE_CURVE('',#1064,#999,#843,.T.);
#719=EDGE_CURVE('',#1065,#1031,#844,.T.);
#720=EDGE_CURVE('',#1066,#1067,#775,.T.);
#721=EDGE_CURVE('',#1066,#1000,#845,.T.);
#722=EDGE_CURVE('',#1067,#1032,#846,.T.);
#723=EDGE_CURVE('',#1068,#1069,#776,.T.);
#724=EDGE_CURVE('',#1068,#1001,#847,.T.);
#725=EDGE_CURVE('',#1069,#1033,#848,.T.);
#726=EDGE_CURVE('',#1070,#1071,#777,.T.);
#727=EDGE_CURVE('',#1070,#1002,#849,.T.);
#728=EDGE_CURVE('',#1071,#1034,#850,.T.);
#729=EDGE_CURVE('',#1072,#1073,#778,.T.);
#730=EDGE_CURVE('',#1072,#1003,#851,.T.);
#731=EDGE_CURVE('',#1073,#1035,#852,.T.);
#732=EDGE_CURVE('',#1074,#1075,#779,.T.);
#733=EDGE_CURVE('',#1074,#1004,#853,.T.);
#734=EDGE_CURVE('',#1075,#1036,#854,.T.);
#735=EDGE_CURVE('',#1076,#1077,#780,.T.);
#736=EDGE_CURVE('',#1076,#1005,#855,.T.);
#737=EDGE_CURVE('',#1077,#1037,#856,.T.);
#738=EDGE_CURVE('',#1078,#1079,#781,.T.);
#739=EDGE_CURVE('',#1078,#1014,#857,.T.);
#740=EDGE_CURVE('',#1079,#1046,#858,.T.);
#741=EDGE_CURVE('',#1080,#1081,#782,.T.);
#742=EDGE_CURVE('',#1080,#1015,#859,.T.);
#743=EDGE_CURVE('',#1081,#1047,#860,.T.);
#744=EDGE_CURVE('',#1082,#1083,#783,.T.);
#745=EDGE_CURVE('',#1082,#1016,#861,.T.);
#746=EDGE_CURVE('',#1083,#1048,#862,.T.);
#747=EDGE_CURVE('',#1084,#1085,#784,.T.);
#748=EDGE_CURVE('',#1084,#1017,#863,.T.);
#749=EDGE_CURVE('',#1085,#1049,#864,.T.);
#750=(
BOUNDED_CURVE()
B_SPLINE_CURVE(1,(#1789,#1790),.UNSPECIFIED.,.F.,.F.)
B_SPLINE_CURVE_WITH_KNOTS((2,2),(50.4103110263165,77.1480695194928),
 .UNSPECIFIED.)
CURVE()
GEOMETRIC_REPRESENTATION_ITEM()
RATIONAL_B_SPLINE_CURVE((1.,1.))
REPRESENTATION_ITEM('')
);
#751=(
BOUNDED_CURVE()
B_SPLINE_CURVE(1,(#1803,#1804),.UNSPECIFIED.,.F.,.F.)
B_SPLINE_CURVE_WITH_KNOTS((2,2),(50.4103110263165,77.1480695194928),
 .UNSPECIFIED.)
CURVE()
GEOMETRIC_REPRESENTATION_ITEM()
RATIONAL_B_SPLINE_CURVE((1.,1.))
REPRESENTATION_ITEM('')
);
#752=(
BOUNDED_CURVE()
B_SPLINE_CURVE(1,(#1817,#1818),.UNSPECIFIED.,.F.,.F.)
B_SPLINE_CURVE_WITH_KNOTS((2,2),(50.4103110263164,77.1480695194928),
 .UNSPECIFIED.)
CURVE()
GEOMETRIC_REPRESENTATION_ITEM()
RATIONAL_B_SPLINE_CURVE((1.,1.))
REPRESENTATION_ITEM('')
);
#753=(
BOUNDED_CURVE()
B_SPLINE_CURVE(1,(#1938,#1939),.UNSPECIFIED.,.F.,.F.)
B_SPLINE_CURVE_WITH_KNOTS((2,2),(0.,1.),.UNSPECIFIED.)
CURVE()
GEOMETRIC_REPRESENTATION_ITEM()
RATIONAL_B_SPLINE_CURVE((1.,1.))
REPRESENTATION_ITEM('')
);
#754=(
BOUNDED_CURVE()
B_SPLINE_CURVE(1,(#1946,#1947),.UNSPECIFIED.,.F.,.F.)
B_SPLINE_CURVE_WITH_KNOTS((2,2),(0.,1.),.UNSPECIFIED.)
CURVE()
GEOMETRIC_REPRESENTATION_ITEM()
RATIONAL_B_SPLINE_CURVE((1.,1.))
REPRESENTATION_ITEM('')
);
#755=(
BOUNDED_CURVE()
B_SPLINE_CURVE(1,(#1954,#1955),.UNSPECIFIED.,.F.,.F.)
B_SPLINE_CURVE_WITH_KNOTS((2,2),(0.,1.),.UNSPECIFIED.)
CURVE()
GEOMETRIC_REPRESENTATION_ITEM()
RATIONAL_B_SPLINE_CURVE((1.,1.))
REPRESENTATION_ITEM('')
);
#756=(
BOUNDED_CURVE()
B_SPLINE_CURVE(1,(#1962,#1963),.UNSPECIFIED.,.F.,.F.)
B_SPLINE_CURVE_WITH_KNOTS((2,2),(0.,1.),.UNSPECIFIED.)
CURVE()
GEOMETRIC_REPRESENTATION_ITEM()
RATIONAL_B_SPLINE_CURVE((1.,1.))
REPRESENTATION_ITEM('')
);
#757=(
BOUNDED_CURVE()
B_SPLINE_CURVE(1,(#1970,#1971),.UNSPECIFIED.,.F.,.F.)
B_SPLINE_CURVE_WITH_KNOTS((2,2),(0.,1.),.UNSPECIFIED.)
CURVE()
GEOMETRIC_REPRESENTATION_ITEM()
RATIONAL_B_SPLINE_CURVE((1.,1.))
REPRESENTATION_ITEM('')
);
#758=(
BOUNDED_CURVE()
B_SPLINE_CURVE(1,(#1978,#1979),.UNSPECIFIED.,.F.,.F.)
B_SPLINE_CURVE_WITH_KNOTS((2,2),(0.,1.),.UNSPECIFIED.)
CURVE()
GEOMETRIC_REPRESENTATION_ITEM()
RATIONAL_B_SPLINE_CURVE((1.,1.))
REPRESENTATION_ITEM('')
);
#759=(
BOUNDED_CURVE()
B_SPLINE_CURVE(1,(#1986,#1987),.UNSPECIFIED.,.F.,.F.)
B_SPLINE_CURVE_WITH_KNOTS((2,2),(0.,1.),.UNSPECIFIED.)
CURVE()
GEOMETRIC_REPRESENTATION_ITEM()
RATIONAL_B_SPLINE_CURVE((1.,1.))
REPRESENTATION_ITEM('')
);
#760=(
BOUNDED_CURVE()
B_SPLINE_CURVE(1,(#1994,#1995),.UNSPECIFIED.,.F.,.F.)
B_SPLINE_CURVE_WITH_KNOTS((2,2),(0.,1.),.UNSPECIFIED.)
CURVE()
GEOMETRIC_REPRESENTATION_ITEM()
RATIONAL_B_SPLINE_CURVE((1.,1.))
REPRESENTATION_ITEM('')
);
#761=(
BOUNDED_CURVE()
B_SPLINE_CURVE(1,(#2002,#2003),.UNSPECIFIED.,.F.,.F.)
B_SPLINE_CURVE_WITH_KNOTS((2,2),(0.,1.),.UNSPECIFIED.)
CURVE()
GEOMETRIC_REPRESENTATION_ITEM()
RATIONAL_B_SPLINE_CURVE((1.,1.))
REPRESENTATION_ITEM('')
);
#762=(
BOUNDED_CURVE()
B_SPLINE_CURVE(1,(#2010,#2011),.UNSPECIFIED.,.F.,.F.)
B_SPLINE_CURVE_WITH_KNOTS((2,2),(0.,1.),.UNSPECIFIED.)
CURVE()
GEOMETRIC_REPRESENTATION_ITEM()
RATIONAL_B_SPLINE_CURVE((1.,1.))
REPRESENTATION_ITEM('')
);
#763=(
BOUNDED_CURVE()
B_SPLINE_CURVE(1,(#2018,#2019),.UNSPECIFIED.,.F.,.F.)
B_SPLINE_CURVE_WITH_KNOTS((2,2),(0.,1.),.UNSPECIFIED.)
CURVE()
GEOMETRIC_REPRESENTATION_ITEM()
RATIONAL_B_SPLINE_CURVE((1.,1.))
REPRESENTATION_ITEM('')
);
#764=(
BOUNDED_CURVE()
B_SPLINE_CURVE(1,(#2026,#2027),.UNSPECIFIED.,.F.,.F.)
B_SPLINE_CURVE_WITH_KNOTS((2,2),(0.,1.),.UNSPECIFIED.)
CURVE()
GEOMETRIC_REPRESENTATION_ITEM()
RATIONAL_B_SPLINE_CURVE((1.,1.))
REPRESENTATION_ITEM('')
);
#765=(
BOUNDED_CURVE()
B_SPLINE_CURVE(1,(#2034,#2035),.UNSPECIFIED.,.F.,.F.)
B_SPLINE_CURVE_WITH_KNOTS((2,2),(0.,1.),.UNSPECIFIED.)
CURVE()
GEOMETRIC_REPRESENTATION_ITEM()
RATIONAL_B_SPLINE_CURVE((1.,1.))
REPRESENTATION_ITEM('')
);
#766=(
BOUNDED_CURVE()
B_SPLINE_CURVE(1,(#2042,#2043),.UNSPECIFIED.,.F.,.F.)
B_SPLINE_CURVE_WITH_KNOTS((2,2),(0.,1.),.UNSPECIFIED.)
CURVE()
GEOMETRIC_REPRESENTATION_ITEM()
RATIONAL_B_SPLINE_CURVE((1.,1.))
REPRESENTATION_ITEM('')
);
#767=(
BOUNDED_CURVE()
B_SPLINE_CURVE(1,(#2050,#2051),.UNSPECIFIED.,.F.,.F.)
B_SPLINE_CURVE_WITH_KNOTS((2,2),(0.,1.),.UNSPECIFIED.)
CURVE()
GEOMETRIC_REPRESENTATION_ITEM()
RATIONAL_B_SPLINE_CURVE((1.,1.))
REPRESENTATION_ITEM('')
);
#768=(
BOUNDED_CURVE()
B_SPLINE_CURVE(1,(#2058,#2059),.UNSPECIFIED.,.F.,.F.)
B_SPLINE_CURVE_WITH_KNOTS((2,2),(0.,1.),.UNSPECIFIED.)
CURVE()
GEOMETRIC_REPRESENTATION_ITEM()
RATIONAL_B_SPLINE_CURVE((1.,1.))
REPRESENTATION_ITEM('')
);
#769=(
BOUNDED_CURVE()
B_SPLINE_CURVE(1,(#2063,#2064),.UNSPECIFIED.,.F.,.F.)
B_SPLINE_CURVE_WITH_KNOTS((2,2),(0.,1.),.UNSPECIFIED.)
CURVE()
GEOMETRIC_REPRESENTATION_ITEM()
RATIONAL_B_SPLINE_CURVE((1.,1.))
REPRESENTATION_ITEM('')
);
#770=(
BOUNDED_CURVE()
B_SPLINE_CURVE(1,(#2071,#2072),.UNSPECIFIED.,.F.,.F.)
B_SPLINE_CURVE_WITH_KNOTS((2,2),(0.,1.),.UNSPECIFIED.)
CURVE()
GEOMETRIC_REPRESENTATION_ITEM()
RATIONAL_B_SPLINE_CURVE((1.,1.))
REPRESENTATION_ITEM('')
);
#771=(
BOUNDED_CURVE()
B_SPLINE_CURVE(1,(#2079,#2080),.UNSPECIFIED.,.F.,.F.)
B_SPLINE_CURVE_WITH_KNOTS((2,2),(0.,1.),.UNSPECIFIED.)
CURVE()
GEOMETRIC_REPRESENTATION_ITEM()
RATIONAL_B_SPLINE_CURVE((1.,1.))
REPRESENTATION_ITEM('')
);
#772=(
BOUNDED_CURVE()
B_SPLINE_CURVE(1,(#2087,#2088),.UNSPECIFIED.,.F.,.F.)
B_SPLINE_CURVE_WITH_KNOTS((2,2),(0.,1.),.UNSPECIFIED.)
CURVE()
GEOMETRIC_REPRESENTATION_ITEM()
RATIONAL_B_SPLINE_CURVE((1.,1.))
REPRESENTATION_ITEM('')
);
#773=(
BOUNDED_CURVE()
B_SPLINE_CURVE(1,(#2095,#2096),.UNSPECIFIED.,.F.,.F.)
B_SPLINE_CURVE_WITH_KNOTS((2,2),(0.,1.),.UNSPECIFIED.)
CURVE()
GEOMETRIC_REPRESENTATION_ITEM()
RATIONAL_B_SPLINE_CURVE((1.,1.))
REPRESENTATION_ITEM('')
);
#774=(
BOUNDED_CURVE()
B_SPLINE_CURVE(1,(#2103,#2104),.UNSPECIFIED.,.F.,.F.)
B_SPLINE_CURVE_WITH_KNOTS((2,2),(0.,1.),.UNSPECIFIED.)
CURVE()
GEOMETRIC_REPRESENTATION_ITEM()
RATIONAL_B_SPLINE_CURVE((1.,1.))
REPRESENTATION_ITEM('')
);
#775=(
BOUNDED_CURVE()
B_SPLINE_CURVE(1,(#2111,#2112),.UNSPECIFIED.,.F.,.F.)
B_SPLINE_CURVE_WITH_KNOTS((2,2),(0.,1.),.UNSPECIFIED.)
CURVE()
GEOMETRIC_REPRESENTATION_ITEM()
RATIONAL_B_SPLINE_CURVE((1.,1.))
REPRESENTATION_ITEM('')
);
#776=(
BOUNDED_CURVE()
B_SPLINE_CURVE(1,(#2119,#2120),.UNSPECIFIED.,.F.,.F.)
B_SPLINE_CURVE_WITH_KNOTS((2,2),(0.,1.),.UNSPECIFIED.)
CURVE()
GEOMETRIC_REPRESENTATION_ITEM()
RATIONAL_B_SPLINE_CURVE((1.,1.))
REPRESENTATION_ITEM('')
);
#777=(
BOUNDED_CURVE()
B_SPLINE_CURVE(1,(#2127,#2128),.UNSPECIFIED.,.F.,.F.)
B_SPLINE_CURVE_WITH_KNOTS((2,2),(0.,1.),.UNSPECIFIED.)
CURVE()
GEOMETRIC_REPRESENTATION_ITEM()
RATIONAL_B_SPLINE_CURVE((1.,1.))
REPRESENTATION_ITEM('')
);
#778=(
BOUNDED_CURVE()
B_SPLINE_CURVE(1,(#2135,#2136),.UNSPECIFIED.,.F.,.F.)
B_SPLINE_CURVE_WITH_KNOTS((2,2),(0.,1.),.UNSPECIFIED.)
CURVE()
GEOMETRIC_REPRESENTATION_ITEM()
RATIONAL_B_SPLINE_CURVE((1.,1.))
REPRESENTATION_ITEM('')
);
#779=(
BOUNDED_CURVE()
B_SPLINE_CURVE(1,(#2143,#2144),.UNSPECIFIED.,.F.,.F.)
B_SPLINE_CURVE_WITH_KNOTS((2,2),(0.,1.),.UNSPECIFIED.)
CURVE()
GEOMETRIC_REPRESENTATION_ITEM()
RATIONAL_B_SPLINE_CURVE((1.,1.))
REPRESENTATION_ITEM('')
);
#780=(
BOUNDED_CURVE()
B_SPLINE_CURVE(1,(#2151,#2152),.UNSPECIFIED.,.F.,.F.)
B_SPLINE_CURVE_WITH_KNOTS((2,2),(0.,1.),.UNSPECIFIED.)
CURVE()
GEOMETRIC_REPRESENTATION_ITEM()
RATIONAL_B_SPLINE_CURVE((1.,1.))
REPRESENTATION_ITEM('')
);
#781=(
BOUNDED_CURVE()
B_SPLINE_CURVE(1,(#2159,#2160),.UNSPECIFIED.,.F.,.F.)
B_SPLINE_CURVE_WITH_KNOTS((2,2),(0.,1.),.UNSPECIFIED.)
CURVE()
GEOMETRIC_REPRESENTATION_ITEM()
RATIONAL_B_SPLINE_CURVE((1.,1.))
REPRESENTATION_ITEM('')
);
#782=(
BOUNDED_CURVE()
B_SPLINE_CURVE(1,(#2167,#2168),.UNSPECIFIED.,.F.,.F.)
B_SPLINE_CURVE_WITH_KNOTS((2,2),(0.,1.),.UNSPECIFIED.)
CURVE()
GEOMETRIC_REPRESENTATION_ITEM()
RATIONAL_B_SPLINE_CURVE((1.,1.))
REPRESENTATION_ITEM('')
);
#783=(
BOUNDED_CURVE()
B_SPLINE_CURVE(1,(#2175,#2176),.UNSPECIFIED.,.F.,.F.)
B_SPLINE_CURVE_WITH_KNOTS((2,2),(0.,1.),.UNSPECIFIED.)
CURVE()
GEOMETRIC_REPRESENTATION_ITEM()
RATIONAL_B_SPLINE_CURVE((1.,1.))
REPRESENTATION_ITEM('')
);
#784=(
BOUNDED_CURVE()
B_SPLINE_CURVE(1,(#2183,#2184),.UNSPECIFIED.,.F.,.F.)
B_SPLINE_CURVE_WITH_KNOTS((2,2),(0.,1.),.UNSPECIFIED.)
CURVE()
GEOMETRIC_REPRESENTATION_ITEM()
RATIONAL_B_SPLINE_CURVE((1.,1.))
REPRESENTATION_ITEM('')
);
#785=TRIMMED_CURVE($,#865,(#1784),(#1785),.T.,.CARTESIAN.);
#786=TRIMMED_CURVE($,#866,(#1787),(#1788),.T.,.CARTESIAN.);
#787=TRIMMED_CURVE($,#867,(#1798),(#1799),.T.,.CARTESIAN.);
#788=TRIMMED_CURVE($,#868,(#1801),(#1802),.T.,.CARTESIAN.);
#789=TRIMMED_CURVE($,#869,(#1812),(#1813),.T.,.CARTESIAN.);
#790=TRIMMED_CURVE($,#870,(#1815),(#1816),.T.,.CARTESIAN.);
#791=TRIMMED_CURVE($,#871,(#1826),(#1827),.T.,.CARTESIAN.);
#792=TRIMMED_CURVE($,#872,(#1829),(#1830),.T.,.CARTESIAN.);
#793=TRIMMED_CURVE($,#873,(#1844),(#1845),.T.,.CARTESIAN.);
#794=TRIMMED_CURVE($,#874,(#1847),(#1848),.T.,.CARTESIAN.);
#795=TRIMMED_CURVE($,#875,(#1862),(#1863),.T.,.CARTESIAN.);
#796=TRIMMED_CURVE($,#876,(#1865),(#1866),.T.,.CARTESIAN.);
#797=TRIMMED_CURVE($,#877,(#1880),(#1881),.T.,.CARTESIAN.);
#798=TRIMMED_CURVE($,#878,(#1883),(#1884),.T.,.CARTESIAN.);
#799=TRIMMED_CURVE($,#879,(#1898),(#1899),.T.,.CARTESIAN.);
#800=TRIMMED_CURVE($,#880,(#1901),(#1902),.T.,.CARTESIAN.);
#801=TRIMMED_CURVE($,#881,(#1936),(#1937),.T.,.CARTESIAN.);
#802=TRIMMED_CURVE($,#882,(#1941),(#1942),.T.,.CARTESIAN.);
#803=TRIMMED_CURVE($,#883,(#1944),(#1945),.T.,.CARTESIAN.);
#804=TRIMMED_CURVE($,#884,(#1949),(#1950),.T.,.CARTESIAN.);
#805=TRIMMED_CURVE($,#885,(#1952),(#1953),.T.,.CARTESIAN.);
#806=TRIMMED_CURVE($,#886,(#1957),(#1958),.T.,.CARTESIAN.);
#807=TRIMMED_CURVE($,#887,(#1960),(#1961),.T.,.CARTESIAN.);
#808=TRIMMED_CURVE($,#888,(#1965),(#1966),.T.,.CARTESIAN.);
#809=TRIMMED_CURVE($,#889,(#1968),(#1969),.T.,.CARTESIAN.);
#810=TRIMMED_CURVE($,#890,(#1973),(#1974),.T.,.CARTESIAN.);
#811=TRIMMED_CURVE($,#891,(#1976),(#1977),.T.,.CARTESIAN.);
#812=TRIMMED_CURVE($,#892,(#1981),(#1982),.T.,.CARTESIAN.);
#813=TRIMMED_CURVE($,#893,(#1984),(#1985),.T.,.CARTESIAN.);
#814=TRIMMED_CURVE($,#894,(#1989),(#1990),.T.,.CARTESIAN.);
#815=TRIMMED_CURVE($,#895,(#1992),(#1993),.T.,.CARTESIAN.);
#816=TRIMMED_CURVE($,#896,(#1997),(#1998),.T.,.CARTESIAN.);
#817=TRIMMED_CURVE($,#897,(#2000),(#2001),.T.,.CARTESIAN.);
#818=TRIMMED_CURVE($,#898,(#2005),(#2006),.T.,.CARTESIAN.);
#819=TRIMMED_CURVE($,#899,(#2008),(#2009),.T.,.CARTESIAN.);
#820=TRIMMED_CURVE($,#900,(#2013),(#2014),.T.,.CARTESIAN.);
#821=TRIMMED_CURVE($,#901,(#2016),(#2017),.T.,.CARTESIAN.);
#822=TRIMMED_CURVE($,#902,(#2021),(#2022),.T.,.CARTESIAN.);
#823=TRIMMED_CURVE($,#903,(#2024),(#2025),.T.,.CARTESIAN.);
#824=TRIMMED_CURVE($,#904,(#2029),(#2030),.T.,.CARTESIAN.);
#825=TRIMMED_CURVE($,#905,(#2032),(#2033),.T.,.CARTESIAN.);
#826=TRIMMED_CURVE($,#906,(#2037),(#2038),.T.,.CARTESIAN.);
#827=TRIMMED_CURVE($,#907,(#2040),(#2041),.T.,.CARTESIAN.);
#828=TRIMMED_CURVE($,#908,(#2045),(#2046),.T.,.CARTESIAN.);
#829=TRIMMED_CURVE($,#909,(#2048),(#2049),.T.,.CARTESIAN.);
#830=TRIMMED_CURVE($,#910,(#2053),(#2054),.T.,.CARTESIAN.);
#831=TRIMMED_CURVE($,#911,(#2056),(#2057),.T.,.CARTESIAN.);
#832=TRIMMED_CURVE($,#912,(#2061),(#2062),.T.,.CARTESIAN.);
#833=TRIMMED_CURVE($,#913,(#2066),(#2067),.T.,.CARTESIAN.);
#834=TRIMMED_CURVE($,#914,(#2069),(#2070),.T.,.CARTESIAN.);
#835=TRIMMED_CURVE($,#915,(#2074),(#2075),.T.,.CARTESIAN.);
#836=TRIMMED_CURVE($,#916,(#2077),(#2078),.T.,.CARTESIAN.);
#837=TRIMMED_CURVE($,#917,(#2082),(#2083),.T.,.CARTESIAN.);
#838=TRIMMED_CURVE($,#918,(#2085),(#2086),.T.,.CARTESIAN.);
#839=TRIMMED_CURVE($,#919,(#2090),(#2091),.T.,.CARTESIAN.);
#840=TRIMMED_CURVE($,#920,(#2093),(#2094),.T.,.CARTESIAN.);
#841=TRIMMED_CURVE($,#921,(#2098),(#2099),.T.,.CARTESIAN.);
#842=TRIMMED_CURVE($,#922,(#2101),(#2102),.T.,.CARTESIAN.);
#843=TRIMMED_CURVE($,#923,(#2106),(#2107),.T.,.CARTESIAN.);
#844=TRIMMED_CURVE($,#924,(#2109),(#2110),.T.,.CARTESIAN.);
#845=TRIMMED_CURVE($,#925,(#2114),(#2115),.T.,.CARTESIAN.);
#846=TRIMMED_CURVE($,#926,(#2117),(#2118),.T.,.CARTESIAN.);
#847=TRIMMED_CURVE($,#927,(#2122),(#2123),.T.,.CARTESIAN.);
#848=TRIMMED_CURVE($,#928,(#2125),(#2126),.T.,.CARTESIAN.);
#849=TRIMMED_CURVE($,#929,(#2130),(#2131),.T.,.CARTESIAN.);
#850=TRIMMED_CURVE($,#930,(#2133),(#2134),.T.,.CARTESIAN.);
#851=TRIMMED_CURVE($,#931,(#2138),(#2139),.T.,.CARTESIAN.);
#852=TRIMMED_CURVE($,#932,(#2141),(#2142),.T.,.CARTESIAN.);
#853=TRIMMED_CURVE($,#933,(#2146),(#2147),.T.,.CARTESIAN.);
#854=TRIMMED_CURVE($,#934,(#2149),(#2150),.T.,.CARTESIAN.);
#855=TRIMMED_CURVE($,#935,(#2154),(#2155),.T.,.CARTESIAN.);
#856=TRIMMED_CURVE($,#936,(#2157),(#2158),.T.,.CARTESIAN.);
#857=TRIMMED_CURVE($,#937,(#2162),(#2163),.T.,.CARTESIAN.);
#858=TRIMMED_CURVE($,#938,(#2165),(#2166),.T.,.CARTESIAN.);
#859=TRIMMED_CURVE($,#939,(#2170),(#2171),.T.,.CARTESIAN.);
#860=TRIMMED_CURVE($,#940,(#2173),(#2174),.T.,.CARTESIAN.);
#861=TRIMMED_CURVE($,#941,(#2178),(#2179),.T.,.CARTESIAN.);
#862=TRIMMED_CURVE($,#942,(#2181),(#2182),.T.,.CARTESIAN.);
#863=TRIMMED_CURVE($,#943,(#2186),(#2187),.T.,.CARTESIAN.);
#864=TRIMMED_CURVE($,#944,(#2189),(#2190),.T.,.CARTESIAN.);
#865=CIRCLE('',#1305,0.249999999999996);
#866=CIRCLE('',#1306,0.250000000000227);
#867=CIRCLE('',#1307,0.249999999999773);
#868=CIRCLE('',#1308,0.250000000000095);
#869=CIRCLE('',#1309,0.249999999999851);
#870=CIRCLE('',#1310,0.249999999998863);
#871=CIRCLE('',#1311,0.249999999999318);
#872=CIRCLE('',#1312,0.250000000000756);
#873=CIRCLE('',#1313,0.130000000000489);
#874=CIRCLE('',#1314,0.130000000000791);
#875=CIRCLE('',#1315,0.130000000001246);
#876=CIRCLE('',#1316,0.130000000000987);
#877=CIRCLE('',#1317,0.130000000001075);
#878=CIRCLE('',#1318,0.129999999999654);
#879=CIRCLE('',#1319,0.129999999999882);
#880=CIRCLE('',#1320,0.130000000000434);
#881=CIRCLE('',#1321,0.0937500000001137);
#882=CIRCLE('',#1322,0.0937499999996589);
#883=CIRCLE('',#1323,0.0999999999999091);
#884=CIRCLE('',#1324,0.0999999999996817);
#885=CIRCLE('',#1325,0.0937500000001137);
#886=CIRCLE('',#1326,0.0937500000003411);
#887=CIRCLE('',#1327,0.09375);
#888=CIRCLE('',#1328,0.0937500000003411);
#889=CIRCLE('',#1329,0.09375);
#890=CIRCLE('',#1330,0.0937499999997726);
#891=CIRCLE('',#1331,0.0937500000001137);
#892=CIRCLE('',#1332,0.09375);
#893=CIRCLE('',#1333,0.0937500000001137);
#894=CIRCLE('',#1334,0.09375);
#895=CIRCLE('',#1335,0.09375);
#896=CIRCLE('',#1336,0.0937499999997726);
#897=CIRCLE('',#1337,0.312500000000114);
#898=CIRCLE('',#1338,0.312499999999886);
#899=CIRCLE('',#1339,0.312500000000114);
#900=CIRCLE('',#1340,0.312499999999659);
#901=CIRCLE('',#1341,0.3125);
#902=CIRCLE('',#1342,0.312499999999886);
#903=CIRCLE('',#1343,0.3125);
#904=CIRCLE('',#1344,0.3125);
#905=CIRCLE('',#1345,0.156250000000114);
#906=CIRCLE('',#1346,0.156250000000114);
#907=CIRCLE('',#1347,0.156249999999886);
#908=CIRCLE('',#1348,0.156249999999886);
#909=CIRCLE('',#1349,0.15625);
#910=CIRCLE('',#1350,0.156250000000227);
#911=CIRCLE('',#1351,0.15625);
#912=CIRCLE('',#1352,0.15625);
#913=CIRCLE('',#1353,0.0937499999998863);
#914=CIRCLE('',#1354,0.0937499999998863);
#915=CIRCLE('',#1355,0.0999999999999091);
#916=CIRCLE('',#1356,0.0999999999999091);
#917=CIRCLE('',#1357,0.0937499999998863);
#918=CIRCLE('',#1358,0.0937500000001137);
#919=CIRCLE('',#1359,0.09375);
#920=CIRCLE('',#1360,0.09375);
#921=CIRCLE('',#1361,0.09375);
#922=CIRCLE('',#1362,0.0937499999998863);
#923=CIRCLE('',#1363,0.0937499999998863);
#924=CIRCLE('',#1364,0.0937499999996589);
#925=CIRCLE('',#1365,0.0937499999998863);
#926=CIRCLE('',#1366,0.0937499999997726);
#927=CIRCLE('',#1367,0.09375);
#928=CIRCLE('',#1368,0.0937500000001137);
#929=CIRCLE('',#1369,0.312500000000114);
#930=CIRCLE('',#1370,0.312499999999773);
#931=CIRCLE('',#1371,0.312499999999886);
#932=CIRCLE('',#1372,0.312499999999773);
#933=CIRCLE('',#1373,0.3125);
#934=CIRCLE('',#1374,0.312500000000114);
#935=CIRCLE('',#1375,0.3125);
#936=CIRCLE('',#1376,0.312500000000114);
#937=CIRCLE('',#1377,0.156249999999886);
#938=CIRCLE('',#1378,0.15625);
#939=CIRCLE('',#1379,0.156250000000114);
#940=CIRCLE('',#1380,0.156249999999886);
#941=CIRCLE('',#1381,0.156250000000114);
#942=CIRCLE('',#1382,0.156250000000227);
#943=CIRCLE('',#1383,0.15625);
#944=CIRCLE('',#1384,0.15625);
#945=B_SPLINE_CURVE_WITH_KNOTS('',1,(#1775,#1776),.UNSPECIFIED.,.F.,.F.,
(2,2),(0.196349540849362,2.44634954084936),.UNSPECIFIED.);
#946=B_SPLINE_CURVE_WITH_KNOTS('',1,(#1777,#1778),.UNSPECIFIED.,.F.,.F.,
(2,2),(-1.25015950074203,3.24984049925774),.UNSPECIFIED.);
#947=B_SPLINE_CURVE_WITH_KNOTS('',1,(#1779,#1780),.UNSPECIFIED.,.F.,.F.,
(2,2),(50.4103110263165,77.1480695194928),.UNSPECIFIED.);
#948=B_SPLINE_CURVE_WITH_KNOTS('',1,(#1781,#1782),.UNSPECIFIED.,.F.,.F.,
(2,2),(50.4103110263164,77.1480695194928),.UNSPECIFIED.);
#949=B_SPLINE_CURVE_WITH_KNOTS('',1,(#1791,#1792),.UNSPECIFIED.,.F.,.F.,
(2,2),(2.64269908169872,3.39269908169872),.UNSPECIFIED.);
#950=B_SPLINE_CURVE_WITH_KNOTS('',1,(#1793,#1794),.UNSPECIFIED.,.F.,.F.,
(2,2),(1.94884653112049,3.44884653112049),.UNSPECIFIED.);
#951=B_SPLINE_CURVE_WITH_KNOTS('',1,(#1795,#1796),.UNSPECIFIED.,.F.,.F.,
(2,2),(50.4103110263165,77.1480695194928),.UNSPECIFIED.);
#952=B_SPLINE_CURVE_WITH_KNOTS('',1,(#1805,#1806),.UNSPECIFIED.,.F.,.F.,
(2,2),(3.58904862254809,5.83904862254809),.UNSPECIFIED.);
#953=B_SPLINE_CURVE_WITH_KNOTS('',1,(#1807,#1808),.UNSPECIFIED.,.F.,.F.,
(2,2),(-3.24984049925774,1.25015950074226),.UNSPECIFIED.);
#954=B_SPLINE_CURVE_WITH_KNOTS('',1,(#1809,#1810),.UNSPECIFIED.,.F.,.F.,
(2,2),(50.4103110263164,77.1480695194928),.UNSPECIFIED.);
#955=B_SPLINE_CURVE_WITH_KNOTS('',1,(#1819,#1820),.UNSPECIFIED.,.F.,.F.,
(2,2),(6.03539816339745,6.78539816339745),.UNSPECIFIED.);
#956=B_SPLINE_CURVE_WITH_KNOTS('',1,(#1821,#1822),.UNSPECIFIED.,.F.,.F.,
(2,2),(-3.44884653112049,-1.94884653112051),.UNSPECIFIED.);
#957=B_SPLINE_CURVE_WITH_KNOTS('',1,(#1823,#1824),.UNSPECIFIED.,.F.,.F.,
(2,2),(50.4103110263164,77.1480695194928),.UNSPECIFIED.);
#958=B_SPLINE_CURVE_WITH_KNOTS('',1,(#1831,#1832),.UNSPECIFIED.,.F.,.F.,
(2,2),(0.196349540849362,2.44634954084936),.UNSPECIFIED.);
#959=B_SPLINE_CURVE_WITH_KNOTS('',1,(#1833,#1834),.UNSPECIFIED.,.F.,.F.,
(2,2),(-1.25015950074203,3.24984049925774),.UNSPECIFIED.);
#960=B_SPLINE_CURVE_WITH_KNOTS('',3,(#1835,#1836,#1837,#1838),
 .UNSPECIFIED.,.F.,.F.,(4,4),(50.4103110263165,77.1480695194928),
 .UNSPECIFIED.);
#961=B_SPLINE_CURVE_WITH_KNOTS('',3,(#1839,#1840,#1841,#1842),
 .UNSPECIFIED.,.F.,.F.,(4,4),(50.4103110263164,77.1480695194928),
 .UNSPECIFIED.);
#962=B_SPLINE_CURVE_WITH_KNOTS('',3,(#1849,#1850,#1851,#1852),
 .UNSPECIFIED.,.F.,.F.,(4,4),(50.4103110263165,77.1480695194928),
 .UNSPECIFIED.);
#963=B_SPLINE_CURVE_WITH_KNOTS('',1,(#1853,#1854),.UNSPECIFIED.,.F.,.F.,
(2,2),(2.64269908169872,3.39269908169872),.UNSPECIFIED.);
#964=B_SPLINE_CURVE_WITH_KNOTS('',1,(#1855,#1856),.UNSPECIFIED.,.F.,.F.,
(2,2),(1.94884653112049,3.44884653112049),.UNSPECIFIED.);
#965=B_SPLINE_CURVE_WITH_KNOTS('',3,(#1857,#1858,#1859,#1860),
 .UNSPECIFIED.,.F.,.F.,(4,4),(50.4103110263165,77.1480695194928),
 .UNSPECIFIED.);
#966=B_SPLINE_CURVE_WITH_KNOTS('',3,(#1867,#1868,#1869,#1870),
 .UNSPECIFIED.,.F.,.F.,(4,4),(50.4103110263165,77.1480695194928),
 .UNSPECIFIED.);
#967=B_SPLINE_CURVE_WITH_KNOTS('',1,(#1871,#1872),.UNSPECIFIED.,.F.,.F.,
(2,2),(3.58904862254809,5.83904862254809),.UNSPECIFIED.);
#968=B_SPLINE_CURVE_WITH_KNOTS('',1,(#1873,#1874),.UNSPECIFIED.,.F.,.F.,
(2,2),(-3.24984049925774,1.25015950074226),.UNSPECIFIED.);
#969=B_SPLINE_CURVE_WITH_KNOTS('',3,(#1875,#1876,#1877,#1878),
 .UNSPECIFIED.,.F.,.F.,(4,4),(50.4103110263164,77.1480695194928),
 .UNSPECIFIED.);
#970=B_SPLINE_CURVE_WITH_KNOTS('',3,(#1885,#1886,#1887,#1888),
 .UNSPECIFIED.,.F.,.F.,(4,4),(50.4103110263164,77.1480695194928),
 .UNSPECIFIED.);
#971=B_SPLINE_CURVE_WITH_KNOTS('',1,(#1889,#1890),.UNSPECIFIED.,.F.,.F.,
(2,2),(6.03539816339745,6.78539816339745),.UNSPECIFIED.);
#972=B_SPLINE_CURVE_WITH_KNOTS('',1,(#1891,#1892),.UNSPECIFIED.,.F.,.F.,
(2,2),(-3.44884653112049,-1.94884653112051),.UNSPECIFIED.);
#973=B_SPLINE_CURVE_WITH_KNOTS('',3,(#1893,#1894,#1895,#1896),
 .UNSPECIFIED.,.F.,.F.,(4,4),(50.4103110263164,77.1480695194928),
 .UNSPECIFIED.);
#974=B_SPLINE_CURVE_WITH_KNOTS('',1,(#1903,#1904),.UNSPECIFIED.,.F.,.F.,
(2,2),(0.,1.),.UNSPECIFIED.);
#975=B_SPLINE_CURVE_WITH_KNOTS('',1,(#1905,#1906),.UNSPECIFIED.,.F.,.F.,
(2,2),(-1.,0.),.UNSPECIFIED.);
#976=B_SPLINE_CURVE_WITH_KNOTS('',1,(#1907,#1908),.UNSPECIFIED.,.F.,.F.,
(2,2),(0.,1.),.UNSPECIFIED.);
#977=B_SPLINE_CURVE_WITH_KNOTS('',1,(#1909,#1910),.UNSPECIFIED.,.F.,.F.,
(2,2),(-1.,0.),.UNSPECIFIED.);
#978=B_SPLINE_CURVE_WITH_KNOTS('',1,(#1911,#1912),.UNSPECIFIED.,.F.,.F.,
(2,2),(0.,1.),.UNSPECIFIED.);
#979=B_SPLINE_CURVE_WITH_KNOTS('',1,(#1913,#1914),.UNSPECIFIED.,.F.,.F.,
(2,2),(-1.,0.),.UNSPECIFIED.);
#980=B_SPLINE_CURVE_WITH_KNOTS('',1,(#1915,#1916),.UNSPECIFIED.,.F.,.F.,
(2,2),(0.,1.),.UNSPECIFIED.);
#981=B_SPLINE_CURVE_WITH_KNOTS('',1,(#1917,#1918),.UNSPECIFIED.,.F.,.F.,
(2,2),(-1.,0.),.UNSPECIFIED.);
#982=B_SPLINE_CURVE_WITH_KNOTS('',1,(#1919,#1920),.UNSPECIFIED.,.F.,.F.,
(2,2),(0.,1.),.UNSPECIFIED.);
#983=B_SPLINE_CURVE_WITH_KNOTS('',1,(#1921,#1922),.UNSPECIFIED.,.F.,.F.,
(2,2),(-1.,0.),.UNSPECIFIED.);
#984=B_SPLINE_CURVE_WITH_KNOTS('',1,(#1923,#1924),.UNSPECIFIED.,.F.,.F.,
(2,2),(0.,1.),.UNSPECIFIED.);
#985=B_SPLINE_CURVE_WITH_KNOTS('',1,(#1925,#1926),.UNSPECIFIED.,.F.,.F.,
(2,2),(-1.,0.),.UNSPECIFIED.);
#986=B_SPLINE_CURVE_WITH_KNOTS('',1,(#1927,#1928),.UNSPECIFIED.,.F.,.F.,
(2,2),(0.,1.),.UNSPECIFIED.);
#987=B_SPLINE_CURVE_WITH_KNOTS('',1,(#1929,#1930),.UNSPECIFIED.,.F.,.F.,
(2,2),(-1.,0.),.UNSPECIFIED.);
#988=B_SPLINE_CURVE_WITH_KNOTS('',1,(#1931,#1932),.UNSPECIFIED.,.F.,.F.,
(2,2),(0.,1.),.UNSPECIFIED.);
#989=B_SPLINE_CURVE_WITH_KNOTS('',1,(#1933,#1934),.UNSPECIFIED.,.F.,.F.,
(2,2),(-1.,0.),.UNSPECIFIED.);
#990=VERTEX_POINT('',#1679);
#991=VERTEX_POINT('',#1680);
#992=VERTEX_POINT('',#1681);
#993=VERTEX_POINT('',#1682);
#994=VERTEX_POINT('',#1683);
#995=VERTEX_POINT('',#1684);
#996=VERTEX_POINT('',#1685);
#997=VERTEX_POINT('',#1686);
#998=VERTEX_POINT('',#1687);
#999=VERTEX_POINT('',#1688);
#1000=VERTEX_POINT('',#1689);
#1001=VERTEX_POINT('',#1690);
#1002=VERTEX_POINT('',#1691);
#1003=VERTEX_POINT('',#1692);
#1004=VERTEX_POINT('',#1693);
#1005=VERTEX_POINT('',#1694);
#1006=VERTEX_POINT('',#1695);
#1007=VERTEX_POINT('',#1696);
#1008=VERTEX_POINT('',#1697);
#1009=VERTEX_POINT('',#1698);
#1010=VERTEX_POINT('',#1699);
#1011=VERTEX_POINT('',#1700);
#1012=VERTEX_POINT('',#1701);
#1013=VERTEX_POINT('',#1702);
#1014=VERTEX_POINT('',#1703);
#1015=VERTEX_POINT('',#1704);
#1016=VERTEX_POINT('',#1705);
#1017=VERTEX_POINT('',#1706);
#1018=VERTEX_POINT('',#1707);
#1019=VERTEX_POINT('',#1708);
#1020=VERTEX_POINT('',#1709);
#1021=VERTEX_POINT('',#1710);
#1022=VERTEX_POINT('',#1711);
#1023=VERTEX_POINT('',#1712);
#1024=VERTEX_POINT('',#1713);
#1025=VERTEX_POINT('',#1714);
#1026=VERTEX_POINT('',#1715);
#1027=VERTEX_POINT('',#1716);
#1028=VERTEX_POINT('',#1717);
#1029=VERTEX_POINT('',#1718);
#1030=VERTEX_POINT('',#1719);
#1031=VERTEX_POINT('',#1720);
#1032=VERTEX_POINT('',#1721);
#1033=VERTEX_POINT('',#1722);
#1034=VERTEX_POINT('',#1723);
#1035=VERTEX_POINT('',#1724);
#1036=VERTEX_POINT('',#1725);
#1037=VERTEX_POINT('',#1726);
#1038=VERTEX_POINT('',#1727);
#1039=VERTEX_POINT('',#1728);
#1040=VERTEX_POINT('',#1729);
#1041=VERTEX_POINT('',#1730);
#1042=VERTEX_POINT('',#1731);
#1043=VERTEX_POINT('',#1732);
#1044=VERTEX_POINT('',#1733);
#1045=VERTEX_POINT('',#1734);
#1046=VERTEX_POINT('',#1735);
#1047=VERTEX_POINT('',#1736);
#1048=VERTEX_POINT('',#1737);
#1049=VERTEX_POINT('',#1738);
#1050=VERTEX_POINT('',#1739);
#1051=VERTEX_POINT('',#1740);
#1052=VERTEX_POINT('',#1741);
#1053=VERTEX_POINT('',#1742);
#1054=VERTEX_POINT('',#1743);
#1055=VERTEX_POINT('',#1744);
#1056=VERTEX_POINT('',#1745);
#1057=VERTEX_POINT('',#1746);
#1058=VERTEX_POINT('',#1747);
#1059=VERTEX_POINT('',#1748);
#1060=VERTEX_POINT('',#1749);
#1061=VERTEX_POINT('',#1750);
#1062=VERTEX_POINT('',#1751);
#1063=VERTEX_POINT('',#1752);
#1064=VERTEX_POINT('',#1753);
#1065=VERTEX_POINT('',#1754);
#1066=VERTEX_POINT('',#1755);
#1067=VERTEX_POINT('',#1756);
#1068=VERTEX_POINT('',#1757);
#1069=VERTEX_POINT('',#1758);
#1070=VERTEX_POINT('',#1759);
#1071=VERTEX_POINT('',#1760);
#1072=VERTEX_POINT('',#1761);
#1073=VERTEX_POINT('',#1762);
#1074=VERTEX_POINT('',#1763);
#1075=VERTEX_POINT('',#1764);
#1076=VERTEX_POINT('',#1765);
#1077=VERTEX_POINT('',#1766);
#1078=VERTEX_POINT('',#1767);
#1079=VERTEX_POINT('',#1768);
#1080=VERTEX_POINT('',#1769);
#1081=VERTEX_POINT('',#1770);
#1082=VERTEX_POINT('',#1771);
#1083=VERTEX_POINT('',#1772);
#1084=VERTEX_POINT('',#1773);
#1085=VERTEX_POINT('',#1774);
#1086=CYLINDRICAL_SURFACE('',#1242,0.250000000000628);
#1087=CYLINDRICAL_SURFACE('',#1244,0.250000000000682);
#1088=CYLINDRICAL_SURFACE('',#1246,0.249999999999573);
#1089=CYLINDRICAL_SURFACE('',#1248,0.249999999999091);
#1090=CYLINDRICAL_SURFACE('',#1250,0.130000000000329);
#1091=CYLINDRICAL_SURFACE('',#1252,0.130000000000109);
#1092=CYLINDRICAL_SURFACE('',#1254,0.130000000000577);
#1093=CYLINDRICAL_SURFACE('',#1256,0.130000000000564);
#1094=CYLINDRICAL_SURFACE('',#1273,0.0937500000001137);
#1095=CYLINDRICAL_SURFACE('',#1274,0.0999999999997954);
#1096=CYLINDRICAL_SURFACE('',#1275,0.0937500000001137);
#1097=CYLINDRICAL_SURFACE('',#1276,0.09375);
#1098=CYLINDRICAL_SURFACE('',#1277,0.09375);
#1099=CYLINDRICAL_SURFACE('',#1278,0.0937499999998863);
#1100=CYLINDRICAL_SURFACE('',#1279,0.0937499999998863);
#1101=CYLINDRICAL_SURFACE('',#1280,0.09375);
#1102=CYLINDRICAL_SURFACE('',#1281,0.3125);
#1103=CYLINDRICAL_SURFACE('',#1282,0.3125);
#1104=CYLINDRICAL_SURFACE('',#1283,0.3125);
#1105=CYLINDRICAL_SURFACE('',#1284,0.3125);
#1106=CYLINDRICAL_SURFACE('',#1285,0.156250000000114);
#1107=CYLINDRICAL_SURFACE('',#1286,0.156250000000114);
#1108=CYLINDRICAL_SURFACE('',#1287,0.15625);
#1109=CYLINDRICAL_SURFACE('',#1288,0.156249999999886);
#1110=CYLINDRICAL_SURFACE('',#1289,0.09375);
#1111=CYLINDRICAL_SURFACE('',#1290,0.0999999999996817);
#1112=CYLINDRICAL_SURFACE('',#1291,0.0937500000001137);
#1113=CYLINDRICAL_SURFACE('',#1292,0.09375);
#1114=CYLINDRICAL_SURFACE('',#1293,0.0937500000001137);
#1115=CYLINDRICAL_SURFACE('',#1294,0.09375);
#1116=CYLINDRICAL_SURFACE('',#1295,0.09375);
#1117=CYLINDRICAL_SURFACE('',#1296,0.0937500000001137);
#1118=CYLINDRICAL_SURFACE('',#1297,0.312500000000114);
#1119=CYLINDRICAL_SURFACE('',#1298,0.312500000000114);
#1120=CYLINDRICAL_SURFACE('',#1299,0.3125);
#1121=CYLINDRICAL_SURFACE('',#1300,0.312499999999773);
#1122=CYLINDRICAL_SURFACE('',#1301,0.156249999999886);
#1123=CYLINDRICAL_SURFACE('',#1302,0.15625);
#1124=CYLINDRICAL_SURFACE('',#1303,0.156249999999886);
#1125=CYLINDRICAL_SURFACE('',#1304,0.15625);
#1126=PLANE('',#1241);
#1127=PLANE('',#1243);
#1128=PLANE('',#1245);
#1129=PLANE('',#1247);
#1130=PLANE('',#1249);
#1131=PLANE('',#1251);
#1132=PLANE('',#1253);
#1133=PLANE('',#1255);
#1134=PLANE('',#1257);
#1135=PLANE('',#1258);
#1136=PLANE('',#1259);
#1137=PLANE('',#1260);
#1138=PLANE('',#1261);
#1139=PLANE('',#1262);
#1140=PLANE('',#1263);
#1141=PLANE('',#1264);
#1142=PLANE('',#1265);
#1143=PLANE('',#1266);
#1144=PLANE('',#1267);
#1145=PLANE('',#1268);
#1146=PLANE('',#1269);
#1147=PLANE('',#1270);
#1148=PLANE('',#1271);
#1149=PLANE('',#1272);
#1150=SHAPE_DEFINITION_REPRESENTATION(#1151,#1239);
#1151=PRODUCT_DEFINITION_SHAPE($,$,#1153);
#1152=PRODUCT_DEFINITION_CONTEXT('3D Mechanical Parts',#1225,'design');
#1153=PRODUCT_DEFINITION('A','First version',#1195,#1152);
#1154=DATE_TIME_ROLE('classification_date');
#1155=DATE_TIME_ROLE('creation_date');
#1156=APPLIED_DATE_AND_TIME_ASSIGNMENT(#1180,#1154,(#1159));
#1157=APPLIED_DATE_AND_TIME_ASSIGNMENT(#1182,#1155,(#1153));
#1158=SECURITY_CLASSIFICATION_LEVEL('unclassified');
#1159=SECURITY_CLASSIFICATION('A','Security for version',#1158);
#1160=APPLIED_SECURITY_CLASSIFICATION_ASSIGNMENT(#1159,(#1195));
#1161=APPROVAL_ROLE('Version approval');
#1162=APPROVAL_ROLE('Version Security approval');
#1163=APPROVAL_ROLE('Definition approval');
#1164=APPROVAL_PERSON_ORGANIZATION(#1213,#1189,#1161);
#1165=APPROVAL_PERSON_ORGANIZATION(#1214,#1190,#1162);
#1166=APPROVAL_PERSON_ORGANIZATION(#1217,#1191,#1163);
#1167=COORDINATED_UNIVERSAL_TIME_OFFSET(5,0,.BEHIND.);
#1168=LOCAL_TIME(0,0,0.,#1167);
#1169=LOCAL_TIME(0,0,0.,#1167);
#1170=LOCAL_TIME(0,0,0.,#1167);
#1171=LOCAL_TIME(0,0,0.,#1167);
#1172=LOCAL_TIME(0,0,0.,#1167);
#1173=CALENDAR_DATE(1999,1,1);
#1174=CALENDAR_DATE(1999,1,1);
#1175=CALENDAR_DATE(1999,1,1);
#1176=CALENDAR_DATE(1999,1,1);
#1177=CALENDAR_DATE(1999,1,1);
#1178=DATE_AND_TIME(#1173,#1168);
#1179=DATE_AND_TIME(#1174,#1169);
#1180=DATE_AND_TIME(#1175,#1170);
#1181=DATE_AND_TIME(#1176,#1171);
#1182=DATE_AND_TIME(#1177,#1172);
#1183=APPROVAL_DATE_TIME(#1178,#1189);
#1184=APPROVAL_DATE_TIME(#1179,#1190);
#1185=APPROVAL_DATE_TIME(#1181,#1191);
#1186=APPROVAL_STATUS('not_yet_approved');
#1187=APPROVAL_STATUS('not_yet_approved');
#1188=APPROVAL_STATUS('approved');
#1189=APPROVAL(#1186,'Version approval');
#1190=APPROVAL(#1187,'Version Security approval');
#1191=APPROVAL(#1188,'Definition approval');
#1192=APPLIED_APPROVAL_ASSIGNMENT(#1189,(#1195));
#1193=APPLIED_APPROVAL_ASSIGNMENT(#1190,(#1159));
#1194=APPLIED_APPROVAL_ASSIGNMENT(#1191,(#1153));
#1195=PRODUCT_DEFINITION_FORMATION_WITH_SPECIFIED_SOURCE('A',
'First version',#1227,.MADE.);
#1196=PERSON_AND_ORGANIZATION_ROLE('design_owner');
#1197=PERSON_AND_ORGANIZATION_ROLE('creator');
#1198=PERSON_AND_ORGANIZATION_ROLE('design_supplier');
#1199=PERSON_AND_ORGANIZATION_ROLE('classification_officer');
#1200=PERSON_AND_ORGANIZATION_ROLE('creator');
#1201=ORGANIZATION('STI','lab','lab');
#1202=ORGANIZATION('STI','unknown','unknown');
#1203=ORGANIZATION('STI','unknown','unknown');
#1204=ORGANIZATION('STI','unknown','unknown');
#1205=ORGANIZATION('STI','unknown','unknown');
#1206=ORGANIZATION('STI','unknown','unknown');
#1207=ORGANIZATION('STI','unknown','unknown');
#1208=PERSON('1','Box','vc60',$,$,$);
#1209=PERSON('2','last','first',$,$,$);
#1210=PERSON('3','President','Mr.',$,$,$);
#1211=PERSON_AND_ORGANIZATION(#1208,#1201);
#1212=PERSON_AND_ORGANIZATION(#1209,#1202);
#1213=PERSON_AND_ORGANIZATION(#1210,#1203);
#1214=PERSON_AND_ORGANIZATION(#1210,#1204);
#1215=PERSON_AND_ORGANIZATION(#1210,#1205);
#1216=PERSON_AND_ORGANIZATION(#1209,#1206);
#1217=PERSON_AND_ORGANIZATION(#1210,#1207);
#1218=APPLIED_PERSON_AND_ORGANIZATION_ASSIGNMENT(#1211,#1196,(#1227));
#1219=APPLIED_PERSON_AND_ORGANIZATION_ASSIGNMENT(#1212,#1197,(#1195));
#1220=APPLIED_PERSON_AND_ORGANIZATION_ASSIGNMENT(#1212,#1198,(#1195));
#1221=APPLIED_PERSON_AND_ORGANIZATION_ASSIGNMENT(#1215,#1199,(#1159));
#1222=APPLIED_PERSON_AND_ORGANIZATION_ASSIGNMENT(#1216,#1200,(#1153));
#1223=PRODUCT_RELATED_PRODUCT_CATEGORY('detail','detail',(#1227));
#1224=APPLICATION_PROTOCOL_DEFINITION('International Standard',
'config_control_design',1994,#1225);
#1225=APPLICATION_CONTEXT(
'configuration controlled 3d designs of mechanical parts and assemblie
s');
#1226=PRODUCT_CONTEXT('3D Mechanical Parts',#1225,'mechanical');
#1227=PRODUCT('Document','Document','',(#1226));
#1228=(
LENGTH_UNIT()
NAMED_UNIT(*)
SI_UNIT(.CENTI.,.METRE.)
);
#1229=LENGTH_MEASURE_WITH_UNIT(LENGTH_MEASURE(2.54),#1228);
#1230=(
CONVERSION_BASED_UNIT('INCH',#1229)
LENGTH_UNIT()
NAMED_UNIT(#1233)
);
#1231=(
NAMED_UNIT(*)
PLANE_ANGLE_UNIT()
SI_UNIT($,.RADIAN.)
);
#1232=DIMENSIONAL_EXPONENTS(0.,0.,0.,0.,0.,0.,0.);
#1233=DIMENSIONAL_EXPONENTS(1.,0.,0.,0.,0.,0.,0.);
#1234=PLANE_ANGLE_MEASURE_WITH_UNIT(PLANE_ANGLE_MEASURE(0.01745329252),
#1231);
#1235=(
CONVERSION_BASED_UNIT('DEGREES',#1234)
NAMED_UNIT(#1232)
PLANE_ANGLE_UNIT()
);
#1236=(
NAMED_UNIT(*)
SI_UNIT($,.STERADIAN.)
SOLID_ANGLE_UNIT()
);
#1237=UNCERTAINTY_MEASURE_WITH_UNIT(LENGTH_MEASURE(0.000393700787401575),
#1230,'DISTANCE_ACCURACY_VALUE',
'Maximum model space distance between geometric entities at asserted c
onnectivities');
#1238=(
GEOMETRIC_REPRESENTATION_CONTEXT(3)
GLOBAL_UNCERTAINTY_ASSIGNED_CONTEXT((#1237))
GLOBAL_UNIT_ASSIGNED_CONTEXT((#1236,#1235,#1230))
REPRESENTATION_CONTEXT('ID1','3D')
);
#1239=SHAPE_REPRESENTATION('Document',(#1240,#1385),#1238);
#1240=AXIS2_PLACEMENT_3D($,#1614,#1386,#1387);
#1241=AXIS2_PLACEMENT_3D('',#1615,#1388,$);
#1242=AXIS2_PLACEMENT_3D('',#1616,#1389,$);
#1243=AXIS2_PLACEMENT_3D('',#1617,#1390,$);
#1244=AXIS2_PLACEMENT_3D('',#1618,#1391,$);
#1245=AXIS2_PLACEMENT_3D('',#1619,#1392,$);
#1246=AXIS2_PLACEMENT_3D('',#1620,#1393,$);
#1247=AXIS2_PLACEMENT_3D('',#1621,#1394,$);
#1248=AXIS2_PLACEMENT_3D('',#1622,#1395,$);
#1249=AXIS2_PLACEMENT_3D('',#1623,#1396,$);
#1250=AXIS2_PLACEMENT_3D('',#1624,#1397,$);
#1251=AXIS2_PLACEMENT_3D('',#1625,#1398,$);
#1252=AXIS2_PLACEMENT_3D('',#1626,#1399,$);
#1253=AXIS2_PLACEMENT_3D('',#1627,#1400,$);
#1254=AXIS2_PLACEMENT_3D('',#1628,#1401,$);
#1255=AXIS2_PLACEMENT_3D('',#1629,#1402,$);
#1256=AXIS2_PLACEMENT_3D('',#1630,#1403,$);
#1257=AXIS2_PLACEMENT_3D('',#1631,#1404,$);
#1258=AXIS2_PLACEMENT_3D('',#1632,#1405,$);
#1259=AXIS2_PLACEMENT_3D('',#1633,#1406,$);
#1260=AXIS2_PLACEMENT_3D('',#1634,#1407,$);
#1261=AXIS2_PLACEMENT_3D('',#1635,#1408,$);
#1262=AXIS2_PLACEMENT_3D('',#1636,#1409,$);
#1263=AXIS2_PLACEMENT_3D('',#1637,#1410,$);
#1264=AXIS2_PLACEMENT_3D('',#1638,#1411,$);
#1265=AXIS2_PLACEMENT_3D('',#1639,#1412,$);
#1266=AXIS2_PLACEMENT_3D('',#1640,#1413,$);
#1267=AXIS2_PLACEMENT_3D('',#1641,#1414,$);
#1268=AXIS2_PLACEMENT_3D('',#1642,#1415,$);
#1269=AXIS2_PLACEMENT_3D('',#1643,#1416,$);
#1270=AXIS2_PLACEMENT_3D('',#1644,#1417,$);
#1271=AXIS2_PLACEMENT_3D('',#1645,#1418,$);
#1272=AXIS2_PLACEMENT_3D('',#1646,#1419,$);
#1273=AXIS2_PLACEMENT_3D('',#1647,#1420,$);
#1274=AXIS2_PLACEMENT_3D('',#1648,#1421,$);
#1275=AXIS2_PLACEMENT_3D('',#1649,#1422,$);
#1276=AXIS2_PLACEMENT_3D('',#1650,#1423,$);
#1277=AXIS2_PLACEMENT_3D('',#1651,#1424,$);
#1278=AXIS2_PLACEMENT_3D('',#1652,#1425,$);
#1279=AXIS2_PLACEMENT_3D('',#1653,#1426,$);
#1280=AXIS2_PLACEMENT_3D('',#1654,#1427,$);
#1281=AXIS2_PLACEMENT_3D('',#1655,#1428,$);
#1282=AXIS2_PLACEMENT_3D('',#1656,#1429,$);
#1283=AXIS2_PLACEMENT_3D('',#1657,#1430,$);
#1284=AXIS2_PLACEMENT_3D('',#1658,#1431,$);
#1285=AXIS2_PLACEMENT_3D('',#1659,#1432,$);
#1286=AXIS2_PLACEMENT_3D('',#1660,#1433,$);
#1287=AXIS2_PLACEMENT_3D('',#1661,#1434,$);
#1288=AXIS2_PLACEMENT_3D('',#1662,#1435,$);
#1289=AXIS2_PLACEMENT_3D('',#1663,#1436,$);
#1290=AXIS2_PLACEMENT_3D('',#1664,#1437,$);
#1291=AXIS2_PLACEMENT_3D('',#1665,#1438,$);
#1292=AXIS2_PLACEMENT_3D('',#1666,#1439,$);
#1293=AXIS2_PLACEMENT_3D('',#1667,#1440,$);
#1294=AXIS2_PLACEMENT_3D('',#1668,#1441,$);
#1295=AXIS2_PLACEMENT_3D('',#1669,#1442,$);
#1296=AXIS2_PLACEMENT_3D('',#1670,#1443,$);
#1297=AXIS2_PLACEMENT_3D('',#1671,#1444,$);
#1298=AXIS2_PLACEMENT_3D('',#1672,#1445,$);
#1299=AXIS2_PLACEMENT_3D('',#1673,#1446,$);
#1300=AXIS2_PLACEMENT_3D('',#1674,#1447,$);
#1301=AXIS2_PLACEMENT_3D('',#1675,#1448,$);
#1302=AXIS2_PLACEMENT_3D('',#1676,#1449,$);
#1303=AXIS2_PLACEMENT_3D('',#1677,#1450,$);
#1304=AXIS2_PLACEMENT_3D('',#1678,#1451,$);
#1305=AXIS2_PLACEMENT_3D($,#1783,#1452,#1453);
#1306=AXIS2_PLACEMENT_3D($,#1786,#1454,#1455);
#1307=AXIS2_PLACEMENT_3D($,#1797,#1456,#1457);
#1308=AXIS2_PLACEMENT_3D($,#1800,#1458,#1459);
#1309=AXIS2_PLACEMENT_3D($,#1811,#1460,#1461);
#1310=AXIS2_PLACEMENT_3D($,#1814,#1462,#1463);
#1311=AXIS2_PLACEMENT_3D($,#1825,#1464,#1465);
#1312=AXIS2_PLACEMENT_3D($,#1828,#1466,#1467);
#1313=AXIS2_PLACEMENT_3D($,#1843,#1468,#1469);
#1314=AXIS2_PLACEMENT_3D($,#1846,#1470,#1471);
#1315=AXIS2_PLACEMENT_3D($,#1861,#1472,#1473);
#1316=AXIS2_PLACEMENT_3D($,#1864,#1474,#1475);
#1317=AXIS2_PLACEMENT_3D($,#1879,#1476,#1477);
#1318=AXIS2_PLACEMENT_3D($,#1882,#1478,#1479);
#1319=AXIS2_PLACEMENT_3D($,#1897,#1480,#1481);
#1320=AXIS2_PLACEMENT_3D($,#1900,#1482,#1483);
#1321=AXIS2_PLACEMENT_3D($,#1935,#1484,#1485);
#1322=AXIS2_PLACEMENT_3D($,#1940,#1486,#1487);
#1323=AXIS2_PLACEMENT_3D($,#1943,#1488,#1489);
#1324=AXIS2_PLACEMENT_3D($,#1948,#1490,#1491);
#1325=AXIS2_PLACEMENT_3D($,#1951,#1492,#1493);
#1326=AXIS2_PLACEMENT_3D($,#1956,#1494,#1495);
#1327=AXIS2_PLACEMENT_3D($,#1959,#1496,#1497);
#1328=AXIS2_PLACEMENT_3D($,#1964,#1498,#1499);
#1329=AXIS2_PLACEMENT_3D($,#1967,#1500,#1501);
#1330=AXIS2_PLACEMENT_3D($,#1972,#1502,#1503);
#1331=AXIS2_PLACEMENT_3D($,#1975,#1504,#1505);
#1332=AXIS2_PLACEMENT_3D($,#1980,#1506,#1507);
#1333=AXIS2_PLACEMENT_3D($,#1983,#1508,#1509);
#1334=AXIS2_PLACEMENT_3D($,#1988,#1510,#1511);
#1335=AXIS2_PLACEMENT_3D($,#1991,#1512,#1513);
#1336=AXIS2_PLACEMENT_3D($,#1996,#1514,#1515);
#1337=AXIS2_PLACEMENT_3D($,#1999,#1516,#1517);
#1338=AXIS2_PLACEMENT_3D($,#2004,#1518,#1519);
#1339=AXIS2_PLACEMENT_3D($,#2007,#1520,#1521);
#1340=AXIS2_PLACEMENT_3D($,#2012,#1522,#1523);
#1341=AXIS2_PLACEMENT_3D($,#2015,#1524,#1525);
#1342=AXIS2_PLACEMENT_3D($,#2020,#1526,#1527);
#1343=AXIS2_PLACEMENT_3D($,#2023,#1528,#1529);
#1344=AXIS2_PLACEMENT_3D($,#2028,#1530,#1531);
#1345=AXIS2_PLACEMENT_3D($,#2031,#1532,#1533);
#1346=AXIS2_PLACEMENT_3D($,#2036,#1534,#1535);
#1347=AXIS2_PLACEMENT_3D($,#2039,#1536,#1537);
#1348=AXIS2_PLACEMENT_3D($,#2044,#1538,#1539);
#1349=AXIS2_PLACEMENT_3D($,#2047,#1540,#1541);
#1350=AXIS2_PLACEMENT_3D($,#2052,#1542,#1543);
#1351=AXIS2_PLACEMENT_3D($,#2055,#1544,#1545);
#1352=AXIS2_PLACEMENT_3D($,#2060,#1546,#1547);
#1353=AXIS2_PLACEMENT_3D($,#2065,#1548,#1549);
#1354=AXIS2_PLACEMENT_3D($,#2068,#1550,#1551);
#1355=AXIS2_PLACEMENT_3D($,#2073,#1552,#1553);
#1356=AXIS2_PLACEMENT_3D($,#2076,#1554,#1555);
#1357=AXIS2_PLACEMENT_3D($,#2081,#1556,#1557);
#1358=AXIS2_PLACEMENT_3D($,#2084,#1558,#1559);
#1359=AXIS2_PLACEMENT_3D($,#2089,#1560,#1561);
#1360=AXIS2_PLACEMENT_3D($,#2092,#1562,#1563);
#1361=AXIS2_PLACEMENT_3D($,#2097,#1564,#1565);
#1362=AXIS2_PLACEMENT_3D($,#2100,#1566,#1567);
#1363=AXIS2_PLACEMENT_3D($,#2105,#1568,#1569);
#1364=AXIS2_PLACEMENT_3D($,#2108,#1570,#1571);
#1365=AXIS2_PLACEMENT_3D($,#2113,#1572,#1573);
#1366=AXIS2_PLACEMENT_3D($,#2116,#1574,#1575);
#1367=AXIS2_PLACEMENT_3D($,#2121,#1576,#1577);
#1368=AXIS2_PLACEMENT_3D($,#2124,#1578,#1579);
#1369=AXIS2_PLACEMENT_3D($,#2129,#1580,#1581);
#1370=AXIS2_PLACEMENT_3D($,#2132,#1582,#1583);
#1371=AXIS2_PLACEMENT_3D($,#2137,#1584,#1585);
#1372=AXIS2_PLACEMENT_3D($,#2140,#1586,#1587);
#1373=AXIS2_PLACEMENT_3D($,#2145,#1588,#1589);
#1374=AXIS2_PLACEMENT_3D($,#2148,#1590,#1591);
#1375=AXIS2_PLACEMENT_3D($,#2153,#1592,#1593);
#1376=AXIS2_PLACEMENT_3D($,#2156,#1594,#1595);
#1377=AXIS2_PLACEMENT_3D($,#2161,#1596,#1597);
#1378=AXIS2_PLACEMENT_3D($,#2164,#1598,#1599);
#1379=AXIS2_PLACEMENT_3D($,#2169,#1600,#1601);
#1380=AXIS2_PLACEMENT_3D($,#2172,#1602,#1603);
#1381=AXIS2_PLACEMENT_3D($,#2177,#1604,#1605);
#1382=AXIS2_PLACEMENT_3D($,#2180,#1606,#1607);
#1383=AXIS2_PLACEMENT_3D($,#2185,#1608,#1609);
#1384=AXIS2_PLACEMENT_3D($,#2188,#1610,#1611);
#1385=AXIS2_PLACEMENT_3D($,#2191,#1612,#1613);
#1386=DIRECTION('',(0.,0.,1.));
#1387=DIRECTION('',(1.,0.,0.));
#1388=DIRECTION('',(0.,0.,-1.));
#1389=DIRECTION('',(-1.,2.19571444393916E-12,2.19571444393729E-12));
#1390=DIRECTION('',(0.,-1.,0.));
#1391=DIRECTION('',(-1.,2.19571444393907E-12,-2.19571444393694E-12));
#1392=DIRECTION('',(0.,0.,1.));
#1393=DIRECTION('',(-1.,-2.1957144439178E-12,-2.19571444391967E-12));
#1394=DIRECTION('',(0.,1.,0.));
#1395=DIRECTION('',(-1.,-1.09785722195654E-12,1.0978572219576E-12));
#1396=DIRECTION('',(0.,0.,1.));
#1397=DIRECTION('',(-1.,1.20492084543508E-11,1.11746943179897E-11));
#1398=DIRECTION('',(0.,1.,0.));
#1399=DIRECTION('',(-1.,7.82668067755747E-12,-6.95216654119635E-12));
#1400=DIRECTION('',(0.,0.,-1.));
#1401=DIRECTION('',(-1.,-6.9521665412272E-12,-7.82668067757174E-12));
#1402=DIRECTION('',(0.,-1.,0.));
#1403=DIRECTION('',(-1.,-4.22252777676288E-12,4.2225277767856E-12));
#1404=DIRECTION('',(-1.,0.,0.));
#1405=DIRECTION('',(-1.,0.,0.));
#1406=DIRECTION('',(-1.,0.,0.));
#1407=DIRECTION('',(-1.,0.,0.));
#1408=DIRECTION('',(-1.,0.,0.));
#1409=DIRECTION('',(-1.,0.,0.));
#1410=DIRECTION('',(-1.,0.,0.));
#1411=DIRECTION('',(-1.,0.,0.));
#1412=DIRECTION('',(1.,0.,0.));
#1413=DIRECTION('',(1.,0.,0.));
#1414=DIRECTION('',(1.,0.,0.));
#1415=DIRECTION('',(1.,0.,0.));
#1416=DIRECTION('',(1.,0.,0.));
#1417=DIRECTION('',(1.,0.,0.));
#1418=DIRECTION('',(1.,0.,0.));
#1419=DIRECTION('',(1.,0.,0.));
#1420=DIRECTION('',(0.,0.,1.));
#1421=DIRECTION('',(3.46944695196071E-17,-3.46944695196466E-17,1.));
#1422=DIRECTION('',(3.70074341542392E-17,3.70074341540597E-17,1.));
#1423=DIRECTION('',(7.40148683083438E-17,7.40148683083438E-17,1.));
#1424=DIRECTION('',(-3.70074341542841E-17,-3.70074341541943E-17,1.));
#1425=DIRECTION('',(0.,-7.40148683083438E-17,1.));
#1426=DIRECTION('',(-7.40148683084335E-17,8.97548407718129E-29,1.));
#1427=DIRECTION('',(7.4014868308254E-17,-7.40148683084335E-17,1.));
#1428=DIRECTION('',(-2.22044604925476E-17,-2.22044604924587E-17,1.));
#1429=DIRECTION('',(0.,-2.22044604924708E-17,1.));
#1430=DIRECTION('',(0.,0.,1.));
#1431=DIRECTION('',(-2.22044604925031E-17,1.61558713388675E-29,1.));
#1432=DIRECTION('',(0.,0.,-1.));
#1433=DIRECTION('',(0.,0.,-1.));
#1434=DIRECTION('',(0.,0.,-1.));
#1435=DIRECTION('',(0.,0.,-1.));
#1436=DIRECTION('',(0.,0.,1.));
#1437=DIRECTION('',(3.46944695196071E-17,-3.46944695194888E-17,1.));
#1438=DIRECTION('',(3.70074341540597E-17,-3.70074341542392E-17,1.));
#1439=DIRECTION('',(7.40148683083438E-17,-7.4014868308254E-17,1.));
#1440=DIRECTION('',(-3.70074341541046E-17,3.70074341541943E-17,1.));
#1441=DIRECTION('',(0.,7.40148683081643E-17,1.));
#1442=DIRECTION('',(-7.40148683084335E-17,-8.97548407720306E-29,1.));
#1443=DIRECTION('',(7.4014868308254E-17,-7.40148683081643E-17,1.));
#1444=DIRECTION('',(-2.22044604924264E-17,4.4408920985083E-17,1.));
#1445=DIRECTION('',(0.,0.,1.));
#1446=DIRECTION('',(0.,0.,1.));
#1447=DIRECTION('',(-2.22044604925839E-17,-2.22044604925839E-17,1.));
#1448=DIRECTION('',(0.,1.42108547152227E-15,-1.));
#1449=DIRECTION('',(0.,0.,-1.));
#1450=DIRECTION('',(0.,0.,-1.));
#1451=DIRECTION('',(0.,0.,-1.));
#1452=DIRECTION('',(-1.,3.29357166589939E-12,3.29357166589358E-12));
#1453=DIRECTION('',(-3.18323145620531E-12,-2.72848410531883E-12,-1.));
#1454=DIRECTION('',(1.,-4.3914288878715E-12,-4.39142888786351E-12));
#1455=DIRECTION('',(-4.54747350886051E-12,-1.,-1.25299770559081E-12));
#1456=DIRECTION('',(-1.,3.29357166589925E-12,-3.29357166589307E-12));
#1457=DIRECTION('',(-3.18323145620814E-12,-1.,-8.89066598120634E-13));
#1458=DIRECTION('',(1.,-6.58714333179939E-12,6.58714333178666E-12));
#1459=DIRECTION('',(-6.36646291240809E-12,-2.72848410531775E-12,1.));
#1460=DIRECTION('',(-1.,0.,0.));
#1461=DIRECTION('',(0.,-2.72848410532041E-12,1.));
#1462=DIRECTION('',(1.,5.48928610976781E-12,5.48928610977249E-12));
#1463=DIRECTION('',(-5.00222085977385E-12,1.,-4.53592718942917E-12));
#1464=DIRECTION('',(-1.,-3.29357166587172E-12,3.2935716658779E-12));
#1465=DIRECTION('',(-3.18323145621393E-12,1.,2.15583106922301E-12));
#1466=DIRECTION('',(1.,3.29357166589898E-12,-3.29357166590197E-12));
#1467=DIRECTION('',(-3.18323145619563E-12,1.81898940354036E-12,-1.));
#1468=DIRECTION('',(-1.,8.44505555360494E-12,8.44505555358637E-12));
#1469=DIRECTION('',(-7.87062722685153E-12,-5.24708481790102E-12,-1.));
#1470=DIRECTION('',(1.,-9.31956968998397E-12,-7.57054141734159E-12));
#1471=DIRECTION('',(-8.745141363148E-12,-1.,-6.12928511360481E-12));
#1472=DIRECTION('',(-1.,8.4450555536748E-12,-8.44505555365441E-12));
#1473=DIRECTION('',(-8.74514136311741E-12,-1.,8.06192719412387E-12));
#1474=DIRECTION('',(1.,-9.31956968998269E-12,7.57054141733533E-12));
#1475=DIRECTION('',(-7.87062722682136E-12,-5.24708481788091E-12,1.));
#1476=DIRECTION('',(-1.,-2.11126388840593E-12,-2.11126388841261E-12));
#1477=DIRECTION('',(-1.74902827262578E-12,6.99611309050312E-12,1.));
#1478=DIRECTION('',(1.,4.22252777675568E-12,4.22252777676688E-12));
#1479=DIRECTION('',(-3.49805654528979E-12,1.,-2.19824158876365E-12));
#1480=DIRECTION('',(-1.,-8.44505555351816E-12,8.44505555354674E-12));
#1481=DIRECTION('',(-7.87062722688827E-12,1.,-1.76781666228936E-13));
#1482=DIRECTION('',(1.,4.22252777677422E-12,-4.22252777678635E-12));
#1483=DIRECTION('',(-5.24708481790323E-12,1.74902827263441E-12,-1.));
#1484=DIRECTION('',(0.,0.,1.));
#1485=DIRECTION('',(1.,0.,0.));
#1486=DIRECTION('',(0.,0.,1.));
#1487=DIRECTION('',(1.,0.,0.));
#1488=DIRECTION('',(0.,0.,1.));
#1489=DIRECTION('',(1.,0.,0.));
#1490=DIRECTION('',(6.93889390390959E-17,-6.93889390394904E-17,1.));
#1491=DIRECTION('',(1.,2.27373675443956E-12,-1.38777878078586E-16));
#1492=DIRECTION('',(0.,0.,1.));
#1493=DIRECTION('',(1.,0.,0.));
#1494=DIRECTION('',(7.40148683084784E-17,7.40148683081194E-17,1.));
#1495=DIRECTION('',(1.,-4.85063840943797E-12,-1.48029736616149E-16));
#1496=DIRECTION('',(0.,0.,1.));
#1497=DIRECTION('',(1.,0.,0.));
#1498=DIRECTION('',(1.48029736617047E-16,1.48029736616867E-16,1.));
#1499=DIRECTION('',(1.,-2.42531920471899E-12,-1.48029736616149E-16));
#1500=DIRECTION('',(0.,0.,1.));
#1501=DIRECTION('',(1.,0.,0.));
#1502=DIRECTION('',(-7.40148683087925E-17,-7.40148683084335E-17,1.));
#1503=DIRECTION('',(1.,-7.27595761420107E-12,0.));
#1504=DIRECTION('',(0.,0.,1.));
#1505=DIRECTION('',(1.,-2.42531920472487E-12,0.));
#1506=DIRECTION('',(0.,-1.48029736616688E-16,1.));
#1507=DIRECTION('',(1.,-2.42531920472781E-12,0.));
#1508=DIRECTION('',(0.,0.,1.));
#1509=DIRECTION('',(1.,-2.42531920472487E-12,0.));
#1510=DIRECTION('',(-1.48029736617047E-16,1.79509681544061E-28,1.));
#1511=DIRECTION('',(1.,-4.85063840945562E-12,1.48029736616688E-16));
#1512=DIRECTION('',(0.,0.,1.));
#1513=DIRECTION('',(1.,0.,0.));
#1514=DIRECTION('',(1.48029736616508E-16,-1.48029736617226E-16,1.));
#1515=DIRECTION('',(1.,4.85063840946738E-12,-1.48029736617047E-16));
#1516=DIRECTION('',(0.,0.,1.));
#1517=DIRECTION('',(1.,-1.45519152283616E-12,0.));
#1518=DIRECTION('',(-4.44089209851597E-17,-4.44089209848205E-17,1.));
#1519=DIRECTION('',(1.,-5.82076609134886E-12,4.44089209850224E-17));
#1520=DIRECTION('',(0.,0.,1.));
#1521=DIRECTION('',(1.,0.,0.));
#1522=DIRECTION('',(-3.23117426777997E-29,-4.44089209849093E-17,1.));
#1523=DIRECTION('',(1.,-3.63797880709568E-12,0.));
#1524=DIRECTION('',(0.,0.,1.));
#1525=DIRECTION('',(1.,0.,0.));
#1526=DIRECTION('',(0.,0.,1.));
#1527=DIRECTION('',(1.,-1.09139364212791E-11,0.));
#1528=DIRECTION('',(0.,0.,1.));
#1529=DIRECTION('',(1.,0.,0.));
#1530=DIRECTION('',(-4.44089209849982E-17,5.65455496857998E-29,1.));
#1531=DIRECTION('',(1.,-1.52795109897852E-11,4.44089209850063E-17));
#1532=DIRECTION('',(0.,0.,-1.));
#1533=DIRECTION('',(1.,-1.45519152283563E-12,0.));
#1534=DIRECTION('',(0.,0.,-1.));
#1535=DIRECTION('',(1.,-2.91038304567125E-12,0.));
#1536=DIRECTION('',(0.,0.,-1.));
#1537=DIRECTION('',(1.,0.,0.));
#1538=DIRECTION('',(0.,0.,-1.));
#1539=DIRECTION('',(1.,0.,0.));
#1540=DIRECTION('',(0.,0.,-1.));
#1541=DIRECTION('',(1.,0.,0.));
#1542=DIRECTION('',(0.,0.,-1.));
#1543=DIRECTION('',(1.,-4.3655745685037E-12,0.));
#1544=DIRECTION('',(0.,0.,-1.));
#1545=DIRECTION('',(1.,0.,0.));
#1546=DIRECTION('',(-7.10542735759325E-16,7.10542735761393E-16,-1.));
#1547=DIRECTION('',(1.,-2.91038304567337E-12,0.));
#1548=DIRECTION('',(0.,0.,1.));
#1549=DIRECTION('',(-1.,0.,0.));
#1550=DIRECTION('',(0.,0.,1.));
#1551=DIRECTION('',(-1.,2.42531920473075E-12,0.));
#1552=DIRECTION('',(0.,0.,1.));
#1553=DIRECTION('',(-1.,0.,0.));
#1554=DIRECTION('',(6.93889390390959E-17,-6.93889390387804E-17,1.));
#1555=DIRECTION('',(-1.,6.82121026330317E-12,0.));
#1556=DIRECTION('',(0.,0.,1.));
#1557=DIRECTION('',(-1.,0.,0.));
#1558=DIRECTION('',(7.40148683079399E-17,-7.40148683082989E-17,1.));
#1559=DIRECTION('',(-1.,0.,0.));
#1560=DIRECTION('',(0.,0.,1.));
#1561=DIRECTION('',(-1.,0.,0.));
#1562=DIRECTION('',(1.48029736616329E-16,-1.48029736615969E-16,1.));
#1563=DIRECTION('',(-1.,7.27595761418343E-12,1.48029736616688E-16));
#1564=DIRECTION('',(0.,0.,1.));
#1565=DIRECTION('',(-1.,0.,0.));
#1566=DIRECTION('',(-7.40148683080745E-17,7.40148683084335E-17,1.));
#1567=DIRECTION('',(-1.,4.8506384094615E-12,0.));
#1568=DIRECTION('',(0.,0.,1.));
#1569=DIRECTION('',(-1.,-2.42531920473075E-12,0.));
#1570=DIRECTION('',(0.,1.48029736616329E-16,1.));
#1571=DIRECTION('',(-1.,0.,0.));
#1572=DIRECTION('',(0.,0.,1.));
#1573=DIRECTION('',(-1.,-2.42531920473075E-12,0.));
#1574=DIRECTION('',(-1.48029736617047E-16,-1.79509681544061E-28,1.));
#1575=DIRECTION('',(-1.,2.42531920473369E-12,-1.48029736617047E-16));
#1576=DIRECTION('',(0.,0.,1.));
#1577=DIRECTION('',(-1.,0.,0.));
#1578=DIRECTION('',(1.48029736616508E-16,-1.48029736616329E-16,1.));
#1579=DIRECTION('',(-1.,2.42531920472487E-12,1.48029736616508E-16));
#1580=DIRECTION('',(0.,0.,1.));
#1581=DIRECTION('',(-1.,0.,0.));
#1582=DIRECTION('',(-4.44089209847235E-17,8.88178419702629E-17,1.));
#1583=DIRECTION('',(-1.,0.,-4.44089209850386E-17));
#1584=DIRECTION('',(0.,0.,1.));
#1585=DIRECTION('',(-1.,0.,0.));
#1586=DIRECTION('',(0.,0.,1.));
#1587=DIRECTION('',(-1.,7.27595761418872E-13,0.));
#1588=DIRECTION('',(0.,0.,1.));
#1589=DIRECTION('',(-1.,0.,0.));
#1590=DIRECTION('',(0.,0.,1.));
#1591=DIRECTION('',(-1.,7.27595761418078E-13,0.));
#1592=DIRECTION('',(0.,0.,1.));
#1593=DIRECTION('',(-1.,0.,0.));
#1594=DIRECTION('',(-4.44089209853375E-17,-4.44089209853051E-17,1.));
#1595=DIRECTION('',(-1.,1.45519152283616E-12,-4.44089209849901E-17));
#1596=DIRECTION('',(0.,0.,-1.));
#1597=DIRECTION('',(-1.,0.,0.));
#1598=DIRECTION('',(1.03397576569354E-27,1.4210854715233E-15,-1.));
#1599=DIRECTION('',(-1.,2.91038304567337E-12,0.));
#1600=DIRECTION('',(0.,0.,-1.));
#1601=DIRECTION('',(-1.,0.,0.));
#1602=DIRECTION('',(0.,0.,-1.));
#1603=DIRECTION('',(-1.,0.,0.));
#1604=DIRECTION('',(0.,0.,-1.));
#1605=DIRECTION('',(-1.,1.45519152283563E-12,0.));
#1606=DIRECTION('',(0.,0.,-1.));
#1607=DIRECTION('',(-1.,0.,0.));
#1608=DIRECTION('',(0.,0.,-1.));
#1609=DIRECTION('',(-1.,0.,0.));
#1610=DIRECTION('',(-7.10542735759325E-16,7.10542735756223E-16,-1.));
#1611=DIRECTION('',(-1.,-4.36557456851006E-12,0.));
#1612=DIRECTION('',(0.,0.,1.));
#1613=DIRECTION('',(1.,0.,0.));
#1614=CARTESIAN_POINT('',(0.,0.,0.));
#1615=CARTESIAN_POINT('',(951.54765057757,-1437.55652807198,8.94459617484245E-10));
#1616=CARTESIAN_POINT('',(910.001714051451,-1442.05652807197,0.250000000895087));
#1617=CARTESIAN_POINT('',(951.54765057757,-1442.30652807198,0.250000000894445));
#1618=CARTESIAN_POINT('',(910.001714051451,-1442.05652807197,1.75000000089384));
#1619=CARTESIAN_POINT('',(951.54765057757,-1442.05652807198,2.00000000089446));
#1620=CARTESIAN_POINT('',(910.001714051451,-1437.55652807197,1.75000000089489));
#1621=CARTESIAN_POINT('',(951.54765057757,-1437.30652807198,1.75000000089445));
#1622=CARTESIAN_POINT('',(910.00171405145,-1437.55652807197,0.250000000893504));
#1623=CARTESIAN_POINT('',(951.54765057757,-1437.55652807197,0.12000000089446));
#1624=CARTESIAN_POINT('',(910.001714051452,-1442.05652807197,0.250000000894788));
#1625=CARTESIAN_POINT('',(951.54765057757,-1442.18652807198,0.250000000894445));
#1626=CARTESIAN_POINT('',(910.001714051451,-1442.05652807197,1.7500000008943));
#1627=CARTESIAN_POINT('',(951.54765057757,-1442.05652807198,1.88000000089446));
#1628=CARTESIAN_POINT('',(910.001714051452,-1437.55652807198,1.75000000089388));
#1629=CARTESIAN_POINT('',(951.54765057757,-1437.42652807198,1.75000000089454));
#1630=CARTESIAN_POINT('',(910.001714051451,-1437.55652807198,0.25000000089487));
#1631=CARTESIAN_POINT('',(868.455777525331,-1442.05652807197,8.94459617484245E-10));
#1632=CARTESIAN_POINT('',(868.455777525331,-1442.30652807197,0.250000000894445));
#1633=CARTESIAN_POINT('',(868.455777525331,-1442.30652807197,1.75000000089445));
#1634=CARTESIAN_POINT('',(868.455777525331,-1442.05652807197,2.00000000089446));
#1635=CARTESIAN_POINT('',(868.455777525331,-1437.55652807197,2.00000000089446));
#1636=CARTESIAN_POINT('',(868.455777525331,-1437.30652807197,1.75000000089445));
#1637=CARTESIAN_POINT('',(868.455777525331,-1437.30652807197,0.250000000894445));
#1638=CARTESIAN_POINT('',(868.455777525331,-1437.55652807197,8.94459617484245E-10));
#1639=CARTESIAN_POINT('',(951.54765057757,-1442.05652807198,8.94459617484245E-10));
#1640=CARTESIAN_POINT('',(951.54765057757,-1437.55652807198,8.94459617484245E-10));
#1641=CARTESIAN_POINT('',(951.54765057757,-1437.30652807198,0.25000000089446));
#1642=CARTESIAN_POINT('',(951.54765057757,-1437.30652807198,1.75000000089445));
#1643=CARTESIAN_POINT('',(951.54765057757,-1437.55652807198,2.00000000089446));
#1644=CARTESIAN_POINT('',(951.54765057757,-1442.05652807198,2.00000000089446));
#1645=CARTESIAN_POINT('',(951.54765057757,-1442.30652807198,1.75000000089443));
#1646=CARTESIAN_POINT('',(951.54765057757,-1442.30652807198,0.25000000089446));
#1647=CARTESIAN_POINT('',(950.547650577569,-1439.80636857123,0.0600000008944596));
#1648=CARTESIAN_POINT('',(949.04765057757,-1439.80636857123,0.0600000008944596));
#1649=CARTESIAN_POINT('',(921.600359560133,-1439.80636857124,0.0600000008944596));
#1650=CARTESIAN_POINT('',(926.600359560133,-1439.80636857124,0.0600000008944596));
#1651=CARTESIAN_POINT('',(899.153068542731,-1439.80636857124,0.0600000008944525));
#1652=CARTESIAN_POINT('',(894.153068542732,-1439.80636857124,0.0600000008944596));
#1653=CARTESIAN_POINT('',(870.20577752533,-1439.80636857123,0.0600000008944596));
#1654=CARTESIAN_POINT('',(871.705777525331,-1439.80636857123,0.0600000008944596));
#1655=CARTESIAN_POINT('',(922.183692893491,-1439.80636857124,0.0600000008944596));
#1656=CARTESIAN_POINT('',(946.54765057757,-1439.80636857124,0.0600000008944596));
#1657=CARTESIAN_POINT('',(897.819735209413,-1439.80636857123,0.0600000008944596));
#1658=CARTESIAN_POINT('',(873.455777525331,-1439.80636857123,0.0600000008944596));
#1659=CARTESIAN_POINT('',(946.54765057757,-1439.80636857124,1.94000000089445));
#1660=CARTESIAN_POINT('',(922.183692893491,-1439.80636857124,1.94000000089445));
#1661=CARTESIAN_POINT('',(897.819735209413,-1439.80636857123,1.94000000089445));
#1662=CARTESIAN_POINT('',(873.455777525331,-1439.80636857123,1.94000000089445));
#1663=CARTESIAN_POINT('',(950.54765057757,-1439.80636857123,0.0600000008944596));
#1664=CARTESIAN_POINT('',(949.04765057757,-1439.80636857123,0.0600000008944596));
#1665=CARTESIAN_POINT('',(921.600359560133,-1439.80636857124,0.0600000008944596));
#1666=CARTESIAN_POINT('',(926.600359560133,-1439.80636857124,0.0600000008944596));
#1667=CARTESIAN_POINT('',(899.153068542732,-1439.80636857124,0.0600000008944525));
#1668=CARTESIAN_POINT('',(894.153068542732,-1439.80636857124,0.0600000008944596));
#1669=CARTESIAN_POINT('',(870.20577752533,-1439.80636857123,0.0600000008944596));
#1670=CARTESIAN_POINT('',(871.705777525331,-1439.80636857123,0.0600000008944596));
#1671=CARTESIAN_POINT('',(922.183692893491,-1439.80636857124,0.0600000008944596));
#1672=CARTESIAN_POINT('',(946.547650577571,-1439.80636857124,0.0600000008944596));
#1673=CARTESIAN_POINT('',(897.819735209413,-1439.80636857123,0.0600000008944596));
#1674=CARTESIAN_POINT('',(873.455777525331,-1439.80636857123,0.0600000008944596));
#1675=CARTESIAN_POINT('',(946.54765057757,-1439.80636857124,1.94000000089445));
#1676=CARTESIAN_POINT('',(922.183692893491,-1439.80636857124,1.94000000089445));
#1677=CARTESIAN_POINT('',(897.819735209413,-1439.80636857123,1.94000000089445));
#1678=CARTESIAN_POINT('',(873.455777525331,-1439.80636857123,1.94000000089445));
#1679=CARTESIAN_POINT('',(868.455777525331,-1442.05652807197,8.94459617484245E-10));
#1680=CARTESIAN_POINT('',(868.455777525331,-1437.55652807197,8.94459617484245E-10));
#1681=CARTESIAN_POINT('',(951.54765057757,-1442.05652807198,8.94459617484245E-10));
#1682=CARTESIAN_POINT('',(951.54765057757,-1437.55652807198,8.94459617484245E-10));
#1683=CARTESIAN_POINT('',(950.64140057757,-1439.80636857123,8.94459617484245E-10));
#1684=CARTESIAN_POINT('',(949.14765057757,-1439.80636857123,8.94459617484245E-10));
#1685=CARTESIAN_POINT('',(921.694109560133,-1439.80636857124,8.94459617484245E-10));
#1686=CARTESIAN_POINT('',(926.694109560133,-1439.80636857124,8.94459617484245E-10));
#1687=CARTESIAN_POINT('',(899.246818542731,-1439.80636857124,8.94451090971415E-10));
#1688=CARTESIAN_POINT('',(894.246818542731,-1439.80636857124,8.94459617484245E-10));
#1689=CARTESIAN_POINT('',(870.29952752533,-1439.80636857123,8.94459617484245E-10));
#1690=CARTESIAN_POINT('',(871.799527525331,-1439.80636857123,8.94459617484245E-10));
#1691=CARTESIAN_POINT('',(922.496192893491,-1439.80636857124,8.94459617484245E-10));
#1692=CARTESIAN_POINT('',(946.86015057757,-1439.80636857124,8.94459617484245E-10));
#1693=CARTESIAN_POINT('',(898.132235209413,-1439.80636857123,8.94459617484245E-10));
#1694=CARTESIAN_POINT('',(873.768277525331,-1439.80636857123,8.94459617484245E-10));
#1695=CARTESIAN_POINT('',(868.455777525331,-1442.30652807197,0.250000000894445));
#1696=CARTESIAN_POINT('',(951.54765057757,-1442.30652807198,0.25000000089446));
#1697=CARTESIAN_POINT('',(868.455777525331,-1442.30652807197,1.75000000089445));
#1698=CARTESIAN_POINT('',(951.54765057757,-1442.30652807198,1.75000000089443));
#1699=CARTESIAN_POINT('',(868.455777525331,-1442.05652807197,2.00000000089446));
#1700=CARTESIAN_POINT('',(951.54765057757,-1442.05652807198,2.00000000089446));
#1701=CARTESIAN_POINT('',(868.455777525331,-1437.55652807197,2.00000000089446));
#1702=CARTESIAN_POINT('',(951.54765057757,-1437.55652807198,2.00000000089446));
#1703=CARTESIAN_POINT('',(946.70390057757,-1439.80636857124,2.00000000089445));
#1704=CARTESIAN_POINT('',(922.339942893491,-1439.80636857124,2.00000000089445));
#1705=CARTESIAN_POINT('',(897.975985209413,-1439.80636857123,2.00000000089445));
#1706=CARTESIAN_POINT('',(873.612027525331,-1439.80636857123,2.00000000089445));
#1707=CARTESIAN_POINT('',(868.455777525331,-1437.30652807197,1.75000000089445));
#1708=CARTESIAN_POINT('',(951.54765057757,-1437.30652807198,1.75000000089445));
#1709=CARTESIAN_POINT('',(868.455777525331,-1437.30652807197,0.250000000894445));
#1710=CARTESIAN_POINT('',(951.54765057757,-1437.30652807198,0.25000000089446));
#1711=CARTESIAN_POINT('',(868.455777525331,-1442.05652807197,0.12000000089446));
#1712=CARTESIAN_POINT('',(868.455777525331,-1437.55652807197,0.12000000089446));
#1713=CARTESIAN_POINT('',(951.54765057757,-1442.05652807198,0.12000000089446));
#1714=CARTESIAN_POINT('',(951.54765057757,-1437.55652807198,0.12000000089446));
#1715=CARTESIAN_POINT('',(950.64140057757,-1439.80636857123,0.12000000089446));
#1716=CARTESIAN_POINT('',(949.14765057757,-1439.80636857123,0.12000000089446));
#1717=CARTESIAN_POINT('',(921.694109560133,-1439.80636857124,0.12000000089446));
#1718=CARTESIAN_POINT('',(926.694109560133,-1439.80636857124,0.12000000089446));
#1719=CARTESIAN_POINT('',(899.246818542731,-1439.80636857124,0.12000000089446));
#1720=CARTESIAN_POINT('',(894.246818542731,-1439.80636857124,0.12000000089446));
#1721=CARTESIAN_POINT('',(870.29952752533,-1439.80636857123,0.12000000089446));
#1722=CARTESIAN_POINT('',(871.799527525331,-1439.80636857123,0.12000000089446));
#1723=CARTESIAN_POINT('',(922.496192893491,-1439.80636857124,0.12000000089446));
#1724=CARTESIAN_POINT('',(946.86015057757,-1439.80636857124,0.12000000089446));
#1725=CARTESIAN_POINT('',(898.132235209413,-1439.80636857123,0.12000000089446));
#1726=CARTESIAN_POINT('',(873.768277525331,-1439.80636857123,0.12000000089446));
#1727=CARTESIAN_POINT('',(868.455777525331,-1442.18652807197,0.250000000894627));
#1728=CARTESIAN_POINT('',(951.54765057757,-1442.18652807198,0.250000000894631));
#1729=CARTESIAN_POINT('',(868.455777525331,-1442.18652807197,1.75000000089426));
#1730=CARTESIAN_POINT('',(951.54765057757,-1442.18652807198,1.7500000008942));
#1731=CARTESIAN_POINT('',(868.455777525331,-1442.05652807197,1.88000000089446));
#1732=CARTESIAN_POINT('',(951.54765057757,-1442.05652807198,1.88000000089446));
#1733=CARTESIAN_POINT('',(868.455777525331,-1437.55652807197,1.88000000089446));
#1734=CARTESIAN_POINT('',(951.54765057757,-1437.55652807198,1.88000000089446));
#1735=CARTESIAN_POINT('',(946.70390057757,-1439.80636857124,1.88000000089446));
#1736=CARTESIAN_POINT('',(922.339942893491,-1439.80636857124,1.88000000089446));
#1737=CARTESIAN_POINT('',(897.975985209413,-1439.80636857123,1.88000000089446));
#1738=CARTESIAN_POINT('',(873.612027525331,-1439.80636857123,1.88000000089446));
#1739=CARTESIAN_POINT('',(868.455777525331,-1437.42652807197,1.75000000089453));
#1740=CARTESIAN_POINT('',(951.54765057757,-1437.42652807198,1.75000000089447));
#1741=CARTESIAN_POINT('',(868.455777525331,-1437.42652807197,0.250000000894356));
#1742=CARTESIAN_POINT('',(951.54765057757,-1437.42652807198,0.250000000894423));
#1743=CARTESIAN_POINT('',(950.45390057757,-1439.80636857123,8.94459617484245E-10));
#1744=CARTESIAN_POINT('',(950.45390057757,-1439.80636857123,0.12000000089446));
#1745=CARTESIAN_POINT('',(948.94765057757,-1439.80636857123,8.94459617484245E-10));
#1746=CARTESIAN_POINT('',(948.94765057757,-1439.80636857123,0.12000000089446));
#1747=CARTESIAN_POINT('',(921.506609560133,-1439.80636857124,8.94459617484245E-10));
#1748=CARTESIAN_POINT('',(921.506609560133,-1439.80636857124,0.12000000089446));
#1749=CARTESIAN_POINT('',(926.506609560133,-1439.80636857124,8.94459617484245E-10));
#1750=CARTESIAN_POINT('',(926.506609560133,-1439.80636857124,0.12000000089446));
#1751=CARTESIAN_POINT('',(899.059318542731,-1439.80636857124,8.94445406629529E-10));
#1752=CARTESIAN_POINT('',(899.059318542732,-1439.80636857124,0.12000000089446));
#1753=CARTESIAN_POINT('',(894.059318542731,-1439.80636857124,8.94459617484245E-10));
#1754=CARTESIAN_POINT('',(894.059318542732,-1439.80636857124,0.12000000089446));
#1755=CARTESIAN_POINT('',(870.11202752533,-1439.80636857123,8.94459617484245E-10));
#1756=CARTESIAN_POINT('',(870.11202752533,-1439.80636857123,0.12000000089446));
#1757=CARTESIAN_POINT('',(871.612027525331,-1439.80636857123,8.94459617484245E-10));
#1758=CARTESIAN_POINT('',(871.612027525331,-1439.80636857123,0.12000000089446));
#1759=CARTESIAN_POINT('',(921.871192893491,-1439.80636857124,8.94459617484245E-10));
#1760=CARTESIAN_POINT('',(921.871192893491,-1439.80636857124,0.12000000089446));
#1761=CARTESIAN_POINT('',(946.23515057757,-1439.80636857124,8.94459617484245E-10));
#1762=CARTESIAN_POINT('',(946.235150577571,-1439.80636857124,0.12000000089446));
#1763=CARTESIAN_POINT('',(897.507235209413,-1439.80636857123,8.94459617484245E-10));
#1764=CARTESIAN_POINT('',(897.507235209413,-1439.80636857123,0.12000000089446));
#1765=CARTESIAN_POINT('',(873.143277525331,-1439.80636857123,8.94459617484245E-10));
#1766=CARTESIAN_POINT('',(873.143277525331,-1439.80636857123,0.12000000089446));
#1767=CARTESIAN_POINT('',(946.39140057757,-1439.80636857124,2.00000000089445));
#1768=CARTESIAN_POINT('',(946.39140057757,-1439.80636857124,1.88000000089446));
#1769=CARTESIAN_POINT('',(922.027442893491,-1439.80636857124,2.00000000089445));
#1770=CARTESIAN_POINT('',(922.027442893491,-1439.80636857124,1.88000000089446));
#1771=CARTESIAN_POINT('',(897.663485209413,-1439.80636857123,2.00000000089445));
#1772=CARTESIAN_POINT('',(897.663485209413,-1439.80636857123,1.88000000089446));
#1773=CARTESIAN_POINT('',(873.299527525331,-1439.80636857123,2.00000000089445));
#1774=CARTESIAN_POINT('',(873.299527525331,-1439.80636857123,1.88000000089446));
#1775=CARTESIAN_POINT('',(868.455777525331,-1437.55652807197,8.94459617484245E-10));
#1776=CARTESIAN_POINT('',(868.455777525331,-1442.05652807197,8.94459617484245E-10));
#1777=CARTESIAN_POINT('',(951.54765057757,-1442.05652807198,8.94459617484245E-10));
#1778=CARTESIAN_POINT('',(951.54765057757,-1437.55652807198,8.94459617484245E-10));
#1779=CARTESIAN_POINT('',(951.54765057757,-1442.05652807198,8.94459617484245E-10));
#1780=CARTESIAN_POINT('',(868.455777525331,-1442.05652807197,8.94459617484245E-10));
#1781=CARTESIAN_POINT('',(951.54765057757,-1437.55652807198,8.94459617484245E-10));
#1782=CARTESIAN_POINT('',(868.455777525331,-1437.55652807197,8.94459617484245E-10));
#1783=CARTESIAN_POINT('',(868.455777525332,-1442.05652807197,0.250000000894455));
#1784=CARTESIAN_POINT('',(868.455777525331,-1442.05652807197,8.94459617484245E-10));
#1785=CARTESIAN_POINT('',(868.455777525331,-1442.30652807197,0.250000000894445));
#1786=CARTESIAN_POINT('',(951.547650577572,-1442.05652807197,0.250000000894773));
#1787=CARTESIAN_POINT('',(951.54765057757,-1442.30652807198,0.25000000089446));
#1788=CARTESIAN_POINT('',(951.54765057757,-1442.05652807198,8.94545493235199E-10));
#1789=CARTESIAN_POINT('',(951.54765057757,-1442.30652807198,0.25000000089446));
#1790=CARTESIAN_POINT('',(868.455777525331,-1442.30652807197,0.250000000894445));
#1791=CARTESIAN_POINT('',(868.455777525331,-1442.30652807197,0.250000000894445));
#1792=CARTESIAN_POINT('',(868.455777525331,-1442.30652807197,1.75000000089445));
#1793=CARTESIAN_POINT('',(951.54765057757,-1442.30652807198,1.75000000089443));
#1794=CARTESIAN_POINT('',(951.54765057757,-1442.30652807198,0.25000000089446));
#1795=CARTESIAN_POINT('',(951.54765057757,-1442.30652807198,1.75000000089443));
#1796=CARTESIAN_POINT('',(868.455777525331,-1442.30652807197,1.75000000089445));
#1797=CARTESIAN_POINT('',(868.455777525332,-1442.05652807197,1.75000000089467));
#1798=CARTESIAN_POINT('',(868.455777525331,-1442.30652807197,1.75000000089445));
#1799=CARTESIAN_POINT('',(868.455777525331,-1442.05652807197,2.00000000089444));
#1800=CARTESIAN_POINT('',(951.547650577572,-1442.05652807197,1.75000000089437));
#1801=CARTESIAN_POINT('',(951.54765057757,-1442.05652807198,2.00000000089446));
#1802=CARTESIAN_POINT('',(951.54765057757,-1442.30652807197,1.75000000089443));
#1803=CARTESIAN_POINT('',(951.54765057757,-1442.05652807198,2.00000000089446));
#1804=CARTESIAN_POINT('',(868.455777525331,-1442.05652807197,2.00000000089446));
#1805=CARTESIAN_POINT('',(868.455777525331,-1442.05652807197,2.00000000089446));
#1806=CARTESIAN_POINT('',(868.455777525331,-1437.55652807197,2.00000000089446));
#1807=CARTESIAN_POINT('',(951.54765057757,-1437.55652807198,2.00000000089446));
#1808=CARTESIAN_POINT('',(951.54765057757,-1442.05652807198,2.00000000089446));
#1809=CARTESIAN_POINT('',(951.54765057757,-1437.55652807198,2.00000000089446));
#1810=CARTESIAN_POINT('',(868.455777525331,-1437.55652807197,2.00000000089446));
#1811=CARTESIAN_POINT('',(868.455777525331,-1437.55652807197,1.75000000089461));
#1812=CARTESIAN_POINT('',(868.455777525331,-1437.55652807197,2.00000000089446));
#1813=CARTESIAN_POINT('',(868.455777525331,-1437.30652807197,1.75000000089445));
#1814=CARTESIAN_POINT('',(951.547650577572,-1437.55652807197,1.75000000089558));
#1815=CARTESIAN_POINT('',(951.54765057757,-1437.30652807198,1.75000000089445));
#1816=CARTESIAN_POINT('',(951.54765057757,-1437.55652807198,2.00000000089444));
#1817=CARTESIAN_POINT('',(951.54765057757,-1437.30652807198,1.75000000089445));
#1818=CARTESIAN_POINT('',(868.455777525331,-1437.30652807197,1.75000000089445));
#1819=CARTESIAN_POINT('',(868.455777525331,-1437.30652807197,1.75000000089445));
#1820=CARTESIAN_POINT('',(868.455777525331,-1437.30652807197,0.250000000894445));
#1821=CARTESIAN_POINT('',(951.54765057757,-1437.30652807198,0.25000000089446));
#1822=CARTESIAN_POINT('',(951.54765057757,-1437.30652807198,1.75000000089445));
#1823=CARTESIAN_POINT('',(951.54765057757,-1437.30652807198,0.25000000089446));
#1824=CARTESIAN_POINT('',(868.455777525331,-1437.30652807197,0.250000000894445));
#1825=CARTESIAN_POINT('',(868.455777525331,-1437.55652807197,0.250000000893906));
#1826=CARTESIAN_POINT('',(868.455777525331,-1437.30652807197,0.250000000894445));
#1827=CARTESIAN_POINT('',(868.455777525331,-1437.55652807197,8.94588569888555E-10));
#1828=CARTESIAN_POINT('',(951.547650577571,-1437.55652807198,0.250000000895215));
#1829=CARTESIAN_POINT('',(951.54765057757,-1437.55652807198,8.94459617484245E-10));
#1830=CARTESIAN_POINT('',(951.54765057757,-1437.30652807198,0.25000000089446));
#1831=CARTESIAN_POINT('',(868.455777525331,-1437.55652807197,0.12000000089446));
#1832=CARTESIAN_POINT('',(868.455777525331,-1442.05652807197,0.12000000089446));
#1833=CARTESIAN_POINT('',(951.54765057757,-1442.05652807198,0.12000000089446));
#1834=CARTESIAN_POINT('',(951.54765057757,-1437.55652807198,0.12000000089446));
#1835=CARTESIAN_POINT('',(951.54765057757,-1442.05652807198,0.12000000089446));
#1836=CARTESIAN_POINT('',(923.850359560157,-1442.05652807197,0.12000000089446));
#1837=CARTESIAN_POINT('',(896.153068542744,-1442.05652807197,0.12000000089446));
#1838=CARTESIAN_POINT('',(868.455777525331,-1442.05652807197,0.12000000089446));
#1839=CARTESIAN_POINT('',(951.54765057757,-1437.55652807198,0.12000000089446));
#1840=CARTESIAN_POINT('',(923.850359560157,-1437.55652807197,0.120000000894459));
#1841=CARTESIAN_POINT('',(896.153068542744,-1437.55652807197,0.12000000089446));
#1842=CARTESIAN_POINT('',(868.455777525331,-1437.55652807197,0.12000000089446));
#1843=CARTESIAN_POINT('',(868.455777525332,-1442.05652807197,0.250000000894948));
#1844=CARTESIAN_POINT('',(868.455777525331,-1442.05652807197,0.12000000089446));
#1845=CARTESIAN_POINT('',(868.455777525331,-1442.18652807197,0.250000000894627));
#1846=CARTESIAN_POINT('',(951.547650577571,-1442.05652807197,0.250000000895427));
#1847=CARTESIAN_POINT('',(951.54765057757,-1442.18652807198,0.250000000894631));
#1848=CARTESIAN_POINT('',(951.54765057757,-1442.05652807198,0.120000000894636));
#1849=CARTESIAN_POINT('',(951.54765057757,-1442.18652807198,0.250000000894631));
#1850=CARTESIAN_POINT('',(923.850359560157,-1442.18652807197,0.25000000089477));
#1851=CARTESIAN_POINT('',(896.153068542744,-1442.18652807197,0.250000000894411));
#1852=CARTESIAN_POINT('',(868.455777525331,-1442.18652807197,0.250000000894627));
#1853=CARTESIAN_POINT('',(868.455777525331,-1442.18652807197,0.250000000894627));
#1854=CARTESIAN_POINT('',(868.455777525331,-1442.18652807197,1.75000000089426));
#1855=CARTESIAN_POINT('',(951.54765057757,-1442.18652807198,1.7500000008942));
#1856=CARTESIAN_POINT('',(951.54765057757,-1442.18652807198,0.250000000894631));
#1857=CARTESIAN_POINT('',(951.54765057757,-1442.18652807198,1.7500000008942));
#1858=CARTESIAN_POINT('',(923.850359560158,-1442.18652807197,1.7500000008942));
#1859=CARTESIAN_POINT('',(896.153068542744,-1442.18652807197,1.75000000089446));
#1860=CARTESIAN_POINT('',(868.455777525331,-1442.18652807197,1.75000000089426));
#1861=CARTESIAN_POINT('',(868.455777525332,-1442.05652807197,1.75000000089322));
#1862=CARTESIAN_POINT('',(868.455777525331,-1442.18652807197,1.75000000089426));
#1863=CARTESIAN_POINT('',(868.455777525331,-1442.05652807197,1.88000000089446));
#1864=CARTESIAN_POINT('',(951.547650577571,-1442.05652807197,1.75000000089347));
#1865=CARTESIAN_POINT('',(951.54765057757,-1442.05652807198,1.88000000089446));
#1866=CARTESIAN_POINT('',(951.54765057757,-1442.18652807198,1.7500000008942));
#1867=CARTESIAN_POINT('',(951.54765057757,-1442.05652807198,1.88000000089446));
#1868=CARTESIAN_POINT('',(923.850359560157,-1442.05652807197,1.88000000089446));
#1869=CARTESIAN_POINT('',(896.153068542744,-1442.05652807197,1.88000000089446));
#1870=CARTESIAN_POINT('',(868.455777525331,-1442.05652807197,1.88000000089446));
#1871=CARTESIAN_POINT('',(868.455777525331,-1442.05652807197,1.88000000089446));
#1872=CARTESIAN_POINT('',(868.455777525331,-1437.55652807197,1.88000000089446));
#1873=CARTESIAN_POINT('',(951.54765057757,-1437.55652807198,1.88000000089446));
#1874=CARTESIAN_POINT('',(951.54765057757,-1442.05652807198,1.88000000089446));
#1875=CARTESIAN_POINT('',(951.54765057757,-1437.55652807198,1.88000000089446));
#1876=CARTESIAN_POINT('',(923.850359560157,-1437.55652807198,1.88000000089446));
#1877=CARTESIAN_POINT('',(896.153068542743,-1437.55652807197,1.88000000089446));
#1878=CARTESIAN_POINT('',(868.455777525331,-1437.55652807197,1.88000000089446));
#1879=CARTESIAN_POINT('',(868.455777525331,-1437.55652807198,1.75000000089338));
#1880=CARTESIAN_POINT('',(868.455777525331,-1437.55652807197,1.88000000089446));
#1881=CARTESIAN_POINT('',(868.455777525331,-1437.42652807197,1.75000000089453));
#1882=CARTESIAN_POINT('',(951.547650577571,-1437.55652807197,1.75000000089475));
#1883=CARTESIAN_POINT('',(951.54765057757,-1437.42652807198,1.75000000089447));
#1884=CARTESIAN_POINT('',(951.54765057757,-1437.55652807198,1.88000000089441));
#1885=CARTESIAN_POINT('',(951.54765057757,-1437.42652807198,1.75000000089447));
#1886=CARTESIAN_POINT('',(923.850359560158,-1437.42652807198,1.75000000089454));
#1887=CARTESIAN_POINT('',(896.153068542744,-1437.42652807197,1.75000000089459));
#1888=CARTESIAN_POINT('',(868.455777525331,-1437.42652807197,1.75000000089453));
#1889=CARTESIAN_POINT('',(868.455777525331,-1437.42652807197,1.75000000089453));
#1890=CARTESIAN_POINT('',(868.455777525331,-1437.42652807197,0.250000000894356));
#1891=CARTESIAN_POINT('',(951.54765057757,-1437.42652807198,0.250000000894423));
#1892=CARTESIAN_POINT('',(951.54765057757,-1437.42652807198,1.75000000089447));
#1893=CARTESIAN_POINT('',(951.54765057757,-1437.42652807198,0.250000000894423));
#1894=CARTESIAN_POINT('',(923.850359560158,-1437.42652807198,0.250000000894325));
#1895=CARTESIAN_POINT('',(896.153068542743,-1437.42652807197,0.250000000894245));
#1896=CARTESIAN_POINT('',(868.455777525331,-1437.42652807197,0.250000000894356));
#1897=CARTESIAN_POINT('',(868.455777525332,-1437.55652807197,0.250000000894379));
#1898=CARTESIAN_POINT('',(868.455777525331,-1437.42652807197,0.250000000894356));
#1899=CARTESIAN_POINT('',(868.455777525331,-1437.55652807197,0.120000000894497));
#1900=CARTESIAN_POINT('',(951.547650577571,-1437.55652807198,0.250000000894893));
#1901=CARTESIAN_POINT('',(951.54765057757,-1437.55652807198,0.12000000089446));
#1902=CARTESIAN_POINT('',(951.54765057757,-1437.42652807198,0.250000000894423));
#1903=CARTESIAN_POINT('',(868.455777525331,-1437.55652807197,8.94459617484245E-10));
#1904=CARTESIAN_POINT('',(868.455777525331,-1437.55652807197,0.12000000089446));
#1905=CARTESIAN_POINT('',(868.455777525331,-1442.05652807197,0.12000000089446));
#1906=CARTESIAN_POINT('',(868.455777525331,-1442.05652807197,8.94459617484245E-10));
#1907=CARTESIAN_POINT('',(868.455777525331,-1442.30652807197,0.250000000894445));
#1908=CARTESIAN_POINT('',(868.455777525331,-1442.18652807197,0.250000000894627));
#1909=CARTESIAN_POINT('',(868.455777525331,-1442.18652807197,1.75000000089426));
#1910=CARTESIAN_POINT('',(868.455777525331,-1442.30652807197,1.75000000089445));
#1911=CARTESIAN_POINT('',(868.455777525331,-1442.05652807197,2.00000000089446));
#1912=CARTESIAN_POINT('',(868.455777525331,-1442.05652807197,1.88000000089446));
#1913=CARTESIAN_POINT('',(868.455777525331,-1437.55652807197,1.88000000089446));
#1914=CARTESIAN_POINT('',(868.455777525331,-1437.55652807197,2.00000000089446));
#1915=CARTESIAN_POINT('',(868.455777525331,-1437.30652807197,1.75000000089445));
#1916=CARTESIAN_POINT('',(868.455777525331,-1437.42652807197,1.75000000089453));
#1917=CARTESIAN_POINT('',(868.455777525331,-1437.42652807197,0.250000000894356));
#1918=CARTESIAN_POINT('',(868.455777525331,-1437.30652807197,0.250000000894445));
#1919=CARTESIAN_POINT('',(951.54765057757,-1442.05652807198,8.94459617484245E-10));
#1920=CARTESIAN_POINT('',(951.54765057757,-1442.05652807198,0.12000000089446));
#1921=CARTESIAN_POINT('',(951.54765057757,-1437.55652807198,0.12000000089446));
#1922=CARTESIAN_POINT('',(951.54765057757,-1437.55652807198,8.94459617484245E-10));
#1923=CARTESIAN_POINT('',(951.54765057757,-1437.30652807198,0.25000000089446));
#1924=CARTESIAN_POINT('',(951.54765057757,-1437.42652807198,0.250000000894423));
#1925=CARTESIAN_POINT('',(951.54765057757,-1437.42652807198,1.75000000089447));
#1926=CARTESIAN_POINT('',(951.54765057757,-1437.30652807198,1.75000000089445));
#1927=CARTESIAN_POINT('',(951.54765057757,-1437.55652807198,2.00000000089446));
#1928=CARTESIAN_POINT('',(951.54765057757,-1437.55652807198,1.88000000089446));
#1929=CARTESIAN_POINT('',(951.54765057757,-1442.05652807198,1.88000000089446));
#1930=CARTESIAN_POINT('',(951.54765057757,-1442.05652807198,2.00000000089446));
#1931=CARTESIAN_POINT('',(951.54765057757,-1442.30652807198,1.75000000089443));
#1932=CARTESIAN_POINT('',(951.54765057757,-1442.18652807198,1.7500000008942));
#1933=CARTESIAN_POINT('',(951.54765057757,-1442.18652807198,0.250000000894631));
#1934=CARTESIAN_POINT('',(951.54765057757,-1442.30652807198,0.25000000089446));
#1935=CARTESIAN_POINT('',(950.547650577569,-1439.80636857123,8.94459617484245E-10));
#1936=CARTESIAN_POINT('',(950.64140057757,-1439.80636857123,8.94459617484245E-10));
#1937=CARTESIAN_POINT('',(950.453900577569,-1439.80636857123,8.94459617484245E-10));
#1938=CARTESIAN_POINT('',(950.64140057757,-1439.80636857123,8.94459617484245E-10));
#1939=CARTESIAN_POINT('',(950.64140057757,-1439.80636857123,0.12000000089446));
#1940=CARTESIAN_POINT('',(950.54765057757,-1439.80636857123,0.12000000089446));
#1941=CARTESIAN_POINT('',(950.64140057757,-1439.80636857123,0.12000000089446));
#1942=CARTESIAN_POINT('',(950.45390057757,-1439.80636857123,0.12000000089446));
#1943=CARTESIAN_POINT('',(949.04765057757,-1439.80636857123,8.94459617484245E-10));
#1944=CARTESIAN_POINT('',(949.147650577569,-1439.80636857123,8.94459617484245E-10));
#1945=CARTESIAN_POINT('',(948.94765057757,-1439.80636857123,8.94459617484245E-10));
#1946=CARTESIAN_POINT('',(949.14765057757,-1439.80636857123,8.94459617484245E-10));
#1947=CARTESIAN_POINT('',(949.14765057757,-1439.80636857123,0.12000000089446));
#1948=CARTESIAN_POINT('',(949.04765057757,-1439.80636857123,0.12000000089446));
#1949=CARTESIAN_POINT('',(949.147650577569,-1439.80636857123,0.12000000089446));
#1950=CARTESIAN_POINT('',(948.94765057757,-1439.80636857123,0.12000000089446));
#1951=CARTESIAN_POINT('',(921.600359560133,-1439.80636857124,8.94459617484245E-10));
#1952=CARTESIAN_POINT('',(921.694109560133,-1439.80636857124,8.94459617484245E-10));
#1953=CARTESIAN_POINT('',(921.506609560133,-1439.80636857124,8.94459617484245E-10));
#1954=CARTESIAN_POINT('',(921.694109560133,-1439.80636857124,8.94459617484245E-10));
#1955=CARTESIAN_POINT('',(921.694109560133,-1439.80636857124,0.12000000089446));
#1956=CARTESIAN_POINT('',(921.600359560133,-1439.80636857124,0.12000000089446));
#1957=CARTESIAN_POINT('',(921.694109560133,-1439.80636857124,0.12000000089446));
#1958=CARTESIAN_POINT('',(921.506609560132,-1439.80636857124,0.12000000089446));
#1959=CARTESIAN_POINT('',(926.600359560133,-1439.80636857124,8.94459617484245E-10));
#1960=CARTESIAN_POINT('',(926.694109560133,-1439.80636857124,8.94459617484245E-10));
#1961=CARTESIAN_POINT('',(926.506609560133,-1439.80636857124,8.94459617484245E-10));
#1962=CARTESIAN_POINT('',(926.694109560133,-1439.80636857124,8.94459617484245E-10));
#1963=CARTESIAN_POINT('',(926.694109560133,-1439.80636857124,0.12000000089446));
#1964=CARTESIAN_POINT('',(926.600359560133,-1439.80636857124,0.12000000089446));
#1965=CARTESIAN_POINT('',(926.694109560133,-1439.80636857124,0.12000000089446));
#1966=CARTESIAN_POINT('',(926.506609560133,-1439.80636857124,0.12000000089446));
#1967=CARTESIAN_POINT('',(899.153068542731,-1439.80636857124,8.94445406629529E-10));
#1968=CARTESIAN_POINT('',(899.246818542731,-1439.80636857124,8.94445406629529E-10));
#1969=CARTESIAN_POINT('',(899.059318542731,-1439.80636857124,8.94445406629529E-10));
#1970=CARTESIAN_POINT('',(899.246818542731,-1439.80636857124,8.94451090971415E-10));
#1971=CARTESIAN_POINT('',(899.246818542731,-1439.80636857124,0.12000000089446));
#1972=CARTESIAN_POINT('',(899.153068542732,-1439.80636857124,0.12000000089446));
#1973=CARTESIAN_POINT('',(899.246818542731,-1439.80636857124,0.12000000089446));
#1974=CARTESIAN_POINT('',(899.059318542732,-1439.80636857124,0.12000000089446));
#1975=CARTESIAN_POINT('',(894.153068542731,-1439.80636857124,8.94459617484245E-10));
#1976=CARTESIAN_POINT('',(894.246818542731,-1439.80636857124,8.94459617484245E-10));
#1977=CARTESIAN_POINT('',(894.059318542731,-1439.80636857124,8.94459617484245E-10));
#1978=CARTESIAN_POINT('',(894.246818542731,-1439.80636857124,8.94459617484245E-10));
#1979=CARTESIAN_POINT('',(894.246818542731,-1439.80636857124,0.12000000089446));
#1980=CARTESIAN_POINT('',(894.153068542731,-1439.80636857124,0.12000000089446));
#1981=CARTESIAN_POINT('',(894.246818542731,-1439.80636857124,0.12000000089446));
#1982=CARTESIAN_POINT('',(894.059318542731,-1439.80636857124,0.12000000089446));
#1983=CARTESIAN_POINT('',(870.20577752533,-1439.80636857123,8.94459617484245E-10));
#1984=CARTESIAN_POINT('',(870.29952752533,-1439.80636857123,8.94459617484245E-10));
#1985=CARTESIAN_POINT('',(870.11202752533,-1439.80636857123,8.94459617484245E-10));
#1986=CARTESIAN_POINT('',(870.29952752533,-1439.80636857123,8.94459617484245E-10));
#1987=CARTESIAN_POINT('',(870.29952752533,-1439.80636857123,0.12000000089446));
#1988=CARTESIAN_POINT('',(870.20577752533,-1439.80636857123,0.12000000089446));
#1989=CARTESIAN_POINT('',(870.29952752533,-1439.80636857123,0.12000000089446));
#1990=CARTESIAN_POINT('',(870.11202752533,-1439.80636857123,0.12000000089446));
#1991=CARTESIAN_POINT('',(871.705777525331,-1439.80636857123,8.94459617484245E-10));
#1992=CARTESIAN_POINT('',(871.799527525331,-1439.80636857123,8.94459617484245E-10));
#1993=CARTESIAN_POINT('',(871.612027525331,-1439.80636857123,8.94459617484245E-10));
#1994=CARTESIAN_POINT('',(871.799527525331,-1439.80636857123,8.94459617484245E-10));
#1995=CARTESIAN_POINT('',(871.799527525331,-1439.80636857123,0.12000000089446));
#1996=CARTESIAN_POINT('',(871.705777525331,-1439.80636857123,0.12000000089446));
#1997=CARTESIAN_POINT('',(871.799527525331,-1439.80636857123,0.12000000089446));
#1998=CARTESIAN_POINT('',(871.612027525331,-1439.80636857123,0.12000000089446));
#1999=CARTESIAN_POINT('',(922.183692893491,-1439.80636857124,8.94459617484245E-10));
#2000=CARTESIAN_POINT('',(922.496192893491,-1439.80636857124,8.94459617484245E-10));
#2001=CARTESIAN_POINT('',(921.871192893491,-1439.80636857124,8.94459617484245E-10));
#2002=CARTESIAN_POINT('',(922.496192893491,-1439.80636857124,8.94459617484245E-10));
#2003=CARTESIAN_POINT('',(922.496192893491,-1439.80636857124,0.12000000089446));
#2004=CARTESIAN_POINT('',(922.183692893491,-1439.80636857124,0.12000000089446));
#2005=CARTESIAN_POINT('',(922.496192893491,-1439.80636857124,0.12000000089446));
#2006=CARTESIAN_POINT('',(921.871192893491,-1439.80636857124,0.12000000089446));
#2007=CARTESIAN_POINT('',(946.54765057757,-1439.80636857124,8.94459617484245E-10));
#2008=CARTESIAN_POINT('',(946.86015057757,-1439.80636857124,8.94459617484245E-10));
#2009=CARTESIAN_POINT('',(946.23515057757,-1439.80636857124,8.94459617484245E-10));
#2010=CARTESIAN_POINT('',(946.86015057757,-1439.80636857124,8.94459617484245E-10));
#2011=CARTESIAN_POINT('',(946.86015057757,-1439.80636857124,0.12000000089446));
#2012=CARTESIAN_POINT('',(946.547650577571,-1439.80636857124,0.12000000089446));
#2013=CARTESIAN_POINT('',(946.86015057757,-1439.80636857124,0.12000000089446));
#2014=CARTESIAN_POINT('',(946.235150577571,-1439.80636857124,0.12000000089446));
#2015=CARTESIAN_POINT('',(897.819735209413,-1439.80636857123,8.94459617484245E-10));
#2016=CARTESIAN_POINT('',(898.132235209413,-1439.80636857123,8.94459617484245E-10));
#2017=CARTESIAN_POINT('',(897.507235209413,-1439.80636857123,8.94459617484245E-10));
#2018=CARTESIAN_POINT('',(898.132235209413,-1439.80636857123,8.94459617484245E-10));
#2019=CARTESIAN_POINT('',(898.132235209413,-1439.80636857123,0.12000000089446));
#2020=CARTESIAN_POINT('',(897.819735209413,-1439.80636857123,0.12000000089446));
#2021=CARTESIAN_POINT('',(898.132235209413,-1439.80636857123,0.12000000089446));
#2022=CARTESIAN_POINT('',(897.507235209413,-1439.80636857123,0.12000000089446));
#2023=CARTESIAN_POINT('',(873.455777525331,-1439.80636857123,8.94459617484245E-10));
#2024=CARTESIAN_POINT('',(873.768277525331,-1439.80636857123,8.94459617484245E-10));
#2025=CARTESIAN_POINT('',(873.143277525331,-1439.80636857123,8.94459617484245E-10));
#2026=CARTESIAN_POINT('',(873.768277525331,-1439.80636857123,8.94459617484245E-10));
#2027=CARTESIAN_POINT('',(873.768277525331,-1439.80636857123,0.12000000089446));
#2028=CARTESIAN_POINT('',(873.455777525331,-1439.80636857123,0.12000000089446));
#2029=CARTESIAN_POINT('',(873.768277525331,-1439.80636857123,0.12000000089446));
#2030=CARTESIAN_POINT('',(873.143277525331,-1439.80636857123,0.12000000089446));
#2031=CARTESIAN_POINT('',(946.54765057757,-1439.80636857124,2.00000000089445));
#2032=CARTESIAN_POINT('',(946.70390057757,-1439.80636857124,2.00000000089445));
#2033=CARTESIAN_POINT('',(946.39140057757,-1439.80636857124,2.00000000089445));
#2034=CARTESIAN_POINT('',(946.70390057757,-1439.80636857124,2.00000000089445));
#2035=CARTESIAN_POINT('',(946.70390057757,-1439.80636857124,1.88000000089446));
#2036=CARTESIAN_POINT('',(946.54765057757,-1439.80636857124,1.88000000089446));
#2037=CARTESIAN_POINT('',(946.70390057757,-1439.80636857124,1.88000000089446));
#2038=CARTESIAN_POINT('',(946.39140057757,-1439.80636857124,1.88000000089446));
#2039=CARTESIAN_POINT('',(922.183692893491,-1439.80636857124,2.00000000089445));
#2040=CARTESIAN_POINT('',(922.339942893491,-1439.80636857124,2.00000000089445));
#2041=CARTESIAN_POINT('',(922.027442893491,-1439.80636857124,2.00000000089445));
#2042=CARTESIAN_POINT('',(922.339942893491,-1439.80636857124,2.00000000089445));
#2043=CARTESIAN_POINT('',(922.339942893491,-1439.80636857124,1.88000000089446));
#2044=CARTESIAN_POINT('',(922.183692893491,-1439.80636857124,1.88000000089446));
#2045=CARTESIAN_POINT('',(922.339942893491,-1439.80636857124,1.88000000089446));
#2046=CARTESIAN_POINT('',(922.027442893491,-1439.80636857124,1.88000000089446));
#2047=CARTESIAN_POINT('',(897.819735209413,-1439.80636857123,2.00000000089445));
#2048=CARTESIAN_POINT('',(897.975985209413,-1439.80636857123,2.00000000089445));
#2049=CARTESIAN_POINT('',(897.663485209413,-1439.80636857123,2.00000000089445));
#2050=CARTESIAN_POINT('',(897.975985209413,-1439.80636857123,2.00000000089445));
#2051=CARTESIAN_POINT('',(897.975985209413,-1439.80636857123,1.88000000089446));
#2052=CARTESIAN_POINT('',(897.819735209413,-1439.80636857123,1.88000000089446));
#2053=CARTESIAN_POINT('',(897.975985209413,-1439.80636857123,1.88000000089446));
#2054=CARTESIAN_POINT('',(897.663485209413,-1439.80636857123,1.88000000089446));
#2055=CARTESIAN_POINT('',(873.455777525331,-1439.80636857123,2.00000000089445));
#2056=CARTESIAN_POINT('',(873.612027525331,-1439.80636857123,2.00000000089445));
#2057=CARTESIAN_POINT('',(873.299527525331,-1439.80636857123,2.00000000089445));
#2058=CARTESIAN_POINT('',(873.612027525331,-1439.80636857123,2.00000000089445));
#2059=CARTESIAN_POINT('',(873.612027525331,-1439.80636857123,1.88000000089446));
#2060=CARTESIAN_POINT('',(873.455777525331,-1439.80636857123,1.88000000089446));
#2061=CARTESIAN_POINT('',(873.612027525331,-1439.80636857123,1.88000000089446));
#2062=CARTESIAN_POINT('',(873.299527525331,-1439.80636857123,1.88000000089446));
#2063=CARTESIAN_POINT('',(950.45390057757,-1439.80636857123,8.94459617484245E-10));
#2064=CARTESIAN_POINT('',(950.45390057757,-1439.80636857123,0.12000000089446));
#2065=CARTESIAN_POINT('',(950.547650577569,-1439.80636857123,8.94459617484245E-10));
#2066=CARTESIAN_POINT('',(950.45390057757,-1439.80636857123,8.94459617484245E-10));
#2067=CARTESIAN_POINT('',(950.641400577569,-1439.80636857123,8.94459617484245E-10));
#2068=CARTESIAN_POINT('',(950.54765057757,-1439.80636857123,0.12000000089446));
#2069=CARTESIAN_POINT('',(950.45390057757,-1439.80636857123,0.12000000089446));
#2070=CARTESIAN_POINT('',(950.64140057757,-1439.80636857123,0.12000000089446));
#2071=CARTESIAN_POINT('',(948.94765057757,-1439.80636857123,8.94459617484245E-10));
#2072=CARTESIAN_POINT('',(948.94765057757,-1439.80636857123,0.12000000089446));
#2073=CARTESIAN_POINT('',(949.04765057757,-1439.80636857123,8.94459617484245E-10));
#2074=CARTESIAN_POINT('',(948.94765057757,-1439.80636857123,8.94459617484245E-10));
#2075=CARTESIAN_POINT('',(949.147650577569,-1439.80636857123,8.94459617484245E-10));
#2076=CARTESIAN_POINT('',(949.04765057757,-1439.80636857123,0.12000000089446));
#2077=CARTESIAN_POINT('',(948.94765057757,-1439.80636857123,0.12000000089446));
#2078=CARTESIAN_POINT('',(949.14765057757,-1439.80636857123,0.12000000089446));
#2079=CARTESIAN_POINT('',(921.506609560133,-1439.80636857124,8.94459617484245E-10));
#2080=CARTESIAN_POINT('',(921.506609560133,-1439.80636857124,0.12000000089446));
#2081=CARTESIAN_POINT('',(921.600359560133,-1439.80636857124,8.94459617484245E-10));
#2082=CARTESIAN_POINT('',(921.506609560133,-1439.80636857124,8.94459617484245E-10));
#2083=CARTESIAN_POINT('',(921.694109560133,-1439.80636857124,8.94459617484245E-10));
#2084=CARTESIAN_POINT('',(921.600359560133,-1439.80636857124,0.12000000089446));
#2085=CARTESIAN_POINT('',(921.506609560133,-1439.80636857124,0.12000000089446));
#2086=CARTESIAN_POINT('',(921.694109560133,-1439.80636857124,0.12000000089446));
#2087=CARTESIAN_POINT('',(926.506609560133,-1439.80636857124,8.94459617484245E-10));
#2088=CARTESIAN_POINT('',(926.506609560133,-1439.80636857124,0.12000000089446));
#2089=CARTESIAN_POINT('',(926.600359560133,-1439.80636857124,8.94459617484245E-10));
#2090=CARTESIAN_POINT('',(926.506609560133,-1439.80636857124,8.94459617484245E-10));
#2091=CARTESIAN_POINT('',(926.694109560133,-1439.80636857124,8.94459617484245E-10));
#2092=CARTESIAN_POINT('',(926.600359560133,-1439.80636857124,0.12000000089446));
#2093=CARTESIAN_POINT('',(926.506609560133,-1439.80636857124,0.12000000089446));
#2094=CARTESIAN_POINT('',(926.694109560133,-1439.80636857124,0.12000000089446));
#2095=CARTESIAN_POINT('',(899.059318542731,-1439.80636857124,8.94445406629529E-10));
#2096=CARTESIAN_POINT('',(899.059318542732,-1439.80636857124,0.12000000089446));
#2097=CARTESIAN_POINT('',(899.153068542731,-1439.80636857124,8.94445406629529E-10));
#2098=CARTESIAN_POINT('',(899.059318542731,-1439.80636857124,8.94445406629529E-10));
#2099=CARTESIAN_POINT('',(899.246818542731,-1439.80636857124,8.94445406629529E-10));
#2100=CARTESIAN_POINT('',(899.153068542732,-1439.80636857124,0.12000000089446));
#2101=CARTESIAN_POINT('',(899.059318542732,-1439.80636857124,0.12000000089446));
#2102=CARTESIAN_POINT('',(899.246818542731,-1439.80636857124,0.12000000089446));
#2103=CARTESIAN_POINT('',(894.059318542731,-1439.80636857124,8.94459617484245E-10));
#2104=CARTESIAN_POINT('',(894.059318542732,-1439.80636857124,0.12000000089446));
#2105=CARTESIAN_POINT('',(894.153068542731,-1439.80636857124,8.94459617484245E-10));
#2106=CARTESIAN_POINT('',(894.059318542731,-1439.80636857124,8.94459617484245E-10));
#2107=CARTESIAN_POINT('',(894.246818542731,-1439.80636857124,8.94459617484245E-10));
#2108=CARTESIAN_POINT('',(894.153068542731,-1439.80636857124,0.12000000089446));
#2109=CARTESIAN_POINT('',(894.059318542732,-1439.80636857124,0.12000000089446));
#2110=CARTESIAN_POINT('',(894.246818542731,-1439.80636857124,0.12000000089446));
#2111=CARTESIAN_POINT('',(870.11202752533,-1439.80636857123,8.94459617484245E-10));
#2112=CARTESIAN_POINT('',(870.11202752533,-1439.80636857123,0.12000000089446));
#2113=CARTESIAN_POINT('',(870.20577752533,-1439.80636857123,8.94459617484245E-10));
#2114=CARTESIAN_POINT('',(870.11202752533,-1439.80636857123,8.94459617484245E-10));
#2115=CARTESIAN_POINT('',(870.29952752533,-1439.80636857123,8.94459617484245E-10));
#2116=CARTESIAN_POINT('',(870.20577752533,-1439.80636857123,0.12000000089446));
#2117=CARTESIAN_POINT('',(870.11202752533,-1439.80636857123,0.12000000089446));
#2118=CARTESIAN_POINT('',(870.29952752533,-1439.80636857123,0.12000000089446));
#2119=CARTESIAN_POINT('',(871.612027525331,-1439.80636857123,8.94459617484245E-10));
#2120=CARTESIAN_POINT('',(871.612027525331,-1439.80636857123,0.12000000089446));
#2121=CARTESIAN_POINT('',(871.705777525331,-1439.80636857123,8.94459617484245E-10));
#2122=CARTESIAN_POINT('',(871.612027525331,-1439.80636857123,8.94459617484245E-10));
#2123=CARTESIAN_POINT('',(871.799527525331,-1439.80636857123,8.94459617484245E-10));
#2124=CARTESIAN_POINT('',(871.705777525331,-1439.80636857123,0.12000000089446));
#2125=CARTESIAN_POINT('',(871.612027525331,-1439.80636857123,0.12000000089446));
#2126=CARTESIAN_POINT('',(871.799527525331,-1439.80636857123,0.12000000089446));
#2127=CARTESIAN_POINT('',(921.871192893491,-1439.80636857124,8.94459617484245E-10));
#2128=CARTESIAN_POINT('',(921.871192893491,-1439.80636857124,0.12000000089446));
#2129=CARTESIAN_POINT('',(922.183692893491,-1439.80636857124,8.94459617484245E-10));
#2130=CARTESIAN_POINT('',(921.871192893491,-1439.80636857124,8.94459617484245E-10));
#2131=CARTESIAN_POINT('',(922.496192893491,-1439.80636857124,8.94459617484245E-10));
#2132=CARTESIAN_POINT('',(922.183692893491,-1439.80636857124,0.12000000089446));
#2133=CARTESIAN_POINT('',(921.871192893491,-1439.80636857124,0.12000000089446));
#2134=CARTESIAN_POINT('',(922.49619289349,-1439.80636857124,0.12000000089446));
#2135=CARTESIAN_POINT('',(946.23515057757,-1439.80636857124,8.94459617484245E-10));
#2136=CARTESIAN_POINT('',(946.235150577571,-1439.80636857124,0.12000000089446));
#2137=CARTESIAN_POINT('',(946.54765057757,-1439.80636857124,8.94459617484245E-10));
#2138=CARTESIAN_POINT('',(946.23515057757,-1439.80636857124,8.94459617484245E-10));
#2139=CARTESIAN_POINT('',(946.86015057757,-1439.80636857124,8.94459617484245E-10));
#2140=CARTESIAN_POINT('',(946.54765057757,-1439.80636857124,0.12000000089446));
#2141=CARTESIAN_POINT('',(946.235150577571,-1439.80636857124,0.12000000089446));
#2142=CARTESIAN_POINT('',(946.86015057757,-1439.80636857124,0.12000000089446));
#2143=CARTESIAN_POINT('',(897.507235209413,-1439.80636857123,8.94459617484245E-10));
#2144=CARTESIAN_POINT('',(897.507235209413,-1439.80636857123,0.12000000089446));
#2145=CARTESIAN_POINT('',(897.819735209413,-1439.80636857123,8.94459617484245E-10));
#2146=CARTESIAN_POINT('',(897.507235209413,-1439.80636857123,8.94459617484245E-10));
#2147=CARTESIAN_POINT('',(898.132235209413,-1439.80636857123,8.94459617484245E-10));
#2148=CARTESIAN_POINT('',(897.819735209413,-1439.80636857123,0.12000000089446));
#2149=CARTESIAN_POINT('',(897.507235209413,-1439.80636857123,0.12000000089446));
#2150=CARTESIAN_POINT('',(898.132235209413,-1439.80636857123,0.12000000089446));
#2151=CARTESIAN_POINT('',(873.143277525331,-1439.80636857123,8.94459617484245E-10));
#2152=CARTESIAN_POINT('',(873.143277525331,-1439.80636857123,0.12000000089446));
#2153=CARTESIAN_POINT('',(873.455777525331,-1439.80636857123,8.94459617484245E-10));
#2154=CARTESIAN_POINT('',(873.143277525331,-1439.80636857123,8.94459617484245E-10));
#2155=CARTESIAN_POINT('',(873.768277525331,-1439.80636857123,8.94459617484245E-10));
#2156=CARTESIAN_POINT('',(873.455777525331,-1439.80636857123,0.12000000089446));
#2157=CARTESIAN_POINT('',(873.143277525331,-1439.80636857123,0.12000000089446));
#2158=CARTESIAN_POINT('',(873.768277525331,-1439.80636857123,0.12000000089446));
#2159=CARTESIAN_POINT('',(946.39140057757,-1439.80636857124,2.00000000089445));
#2160=CARTESIAN_POINT('',(946.39140057757,-1439.80636857124,1.88000000089446));
#2161=CARTESIAN_POINT('',(946.54765057757,-1439.80636857124,2.00000000089445));
#2162=CARTESIAN_POINT('',(946.39140057757,-1439.80636857124,2.00000000089445));
#2163=CARTESIAN_POINT('',(946.70390057757,-1439.80636857124,2.00000000089445));
#2164=CARTESIAN_POINT('',(946.54765057757,-1439.80636857124,1.88000000089446));
#2165=CARTESIAN_POINT('',(946.39140057757,-1439.80636857124,1.88000000089446));
#2166=CARTESIAN_POINT('',(946.70390057757,-1439.80636857124,1.88000000089446));
#2167=CARTESIAN_POINT('',(922.027442893491,-1439.80636857124,2.00000000089445));
#2168=CARTESIAN_POINT('',(922.027442893491,-1439.80636857124,1.88000000089446));
#2169=CARTESIAN_POINT('',(922.183692893491,-1439.80636857124,2.00000000089445));
#2170=CARTESIAN_POINT('',(922.027442893491,-1439.80636857124,2.00000000089445));
#2171=CARTESIAN_POINT('',(922.339942893491,-1439.80636857124,2.00000000089445));
#2172=CARTESIAN_POINT('',(922.183692893491,-1439.80636857124,1.88000000089446));
#2173=CARTESIAN_POINT('',(922.027442893491,-1439.80636857124,1.88000000089446));
#2174=CARTESIAN_POINT('',(922.339942893491,-1439.80636857124,1.88000000089446));
#2175=CARTESIAN_POINT('',(897.663485209413,-1439.80636857123,2.00000000089445));
#2176=CARTESIAN_POINT('',(897.663485209413,-1439.80636857123,1.88000000089446));
#2177=CARTESIAN_POINT('',(897.819735209413,-1439.80636857123,2.00000000089445));
#2178=CARTESIAN_POINT('',(897.663485209413,-1439.80636857123,2.00000000089445));
#2179=CARTESIAN_POINT('',(897.975985209413,-1439.80636857123,2.00000000089445));
#2180=CARTESIAN_POINT('',(897.819735209413,-1439.80636857123,1.88000000089446));
#2181=CARTESIAN_POINT('',(897.663485209413,-1439.80636857123,1.88000000089446));
#2182=CARTESIAN_POINT('',(897.975985209414,-1439.80636857123,1.88000000089446));
#2183=CARTESIAN_POINT('',(873.299527525331,-1439.80636857123,2.00000000089445));
#2184=CARTESIAN_POINT('',(873.299527525331,-1439.80636857123,1.88000000089446));
#2185=CARTESIAN_POINT('',(873.455777525331,-1439.80636857123,2.00000000089445));
#2186=CARTESIAN_POINT('',(873.299527525331,-1439.80636857123,2.00000000089445));
#2187=CARTESIAN_POINT('',(873.612027525331,-1439.80636857123,2.00000000089445));
#2188=CARTESIAN_POINT('',(873.455777525331,-1439.80636857123,1.88000000089446));
#2189=CARTESIAN_POINT('',(873.299527525331,-1439.80636857123,1.88000000089446));
#2190=CARTESIAN_POINT('',(873.612027525331,-1439.80636857123,1.88000000089446));
#2191=CARTESIAN_POINT('',(0.,0.,0.));
ENDSEC;
END-ISO-10303-21;
