ISO-10303-21;
HEADER;
/* Generated by software containing ST-Developer
 * from STEP Tools, Inc. (www.steptools.com) 
 */
/* OPTION: using custom schema-name function */

FILE_DESCRIPTION(
/* description */ (''),
/* implementation_level */ '2;1');

FILE_NAME(
/* name */ 'EL Horizontal Support x24',
/* time_stamp */ '2024-03-06T20:45:42-06:00',
/* author */ (''),
/* organization */ (''),
/* preprocessor_version */ 'ST-DEVELOPER v16.5',
/* originating_system */ 'Rhino 7.36',
/* authorisation */ '');

FILE_SCHEMA (('CONFIG_CONTROL_DESIGN'));
ENDSEC;

DATA;
#10=SHAPE_REPRESENTATION_RELATIONSHIP('','',#1479,#12);
#11=MANIFOLD_SOLID_BREP('brep_1',#13);
#12=ADVANCED_BREP_SHAPE_REPRESENTATION('brep_rep_0',(#11,#1561),#1478);
#13=CLOSED_SHELL('',(#62,#63,#64,#65,#66,#67,#68,#69,#70,#71,#72,#73,#74,
#75,#76,#77,#78,#79,#80,#81,#82,#83,#84,#85,#86,#87,#88,#89,#90,#91,#92,
#93,#94,#95,#96,#97,#98,#99,#100,#101,#102,#103,#104,#105,#106,#107,#108,
#109,#110,#111,#112,#113,#114,#115,#116,#117,#118,#119,#120,#121,#122,#123,
#124,#125,#126,#127,#128,#129,#130,#131,#132,#133,#134,#135,#136,#137,#138,
#139,#140,#141));
#14=FACE_BOUND('',#224,.T.);
#15=FACE_BOUND('',#225,.T.);
#16=FACE_BOUND('',#226,.T.);
#17=FACE_BOUND('',#227,.T.);
#18=FACE_BOUND('',#228,.T.);
#19=FACE_BOUND('',#229,.T.);
#20=FACE_BOUND('',#230,.T.);
#21=FACE_BOUND('',#231,.T.);
#22=FACE_BOUND('',#232,.T.);
#23=FACE_BOUND('',#233,.T.);
#24=FACE_BOUND('',#234,.T.);
#25=FACE_BOUND('',#235,.T.);
#26=FACE_BOUND('',#236,.T.);
#27=FACE_BOUND('',#237,.T.);
#28=FACE_BOUND('',#242,.T.);
#29=FACE_BOUND('',#243,.T.);
#30=FACE_BOUND('',#244,.T.);
#31=FACE_BOUND('',#245,.T.);
#32=FACE_BOUND('',#246,.T.);
#33=FACE_BOUND('',#247,.T.);
#34=FACE_BOUND('',#248,.T.);
#35=FACE_BOUND('',#249,.T.);
#36=FACE_BOUND('',#250,.T.);
#37=FACE_BOUND('',#251,.T.);
#38=FACE_BOUND('',#256,.T.);
#39=FACE_BOUND('',#257,.T.);
#40=FACE_BOUND('',#258,.T.);
#41=FACE_BOUND('',#259,.T.);
#42=FACE_BOUND('',#260,.T.);
#43=FACE_BOUND('',#261,.T.);
#44=FACE_BOUND('',#262,.T.);
#45=FACE_BOUND('',#263,.T.);
#46=FACE_BOUND('',#264,.T.);
#47=FACE_BOUND('',#265,.T.);
#48=FACE_BOUND('',#266,.T.);
#49=FACE_BOUND('',#267,.T.);
#50=FACE_BOUND('',#268,.T.);
#51=FACE_BOUND('',#269,.T.);
#52=FACE_BOUND('',#274,.T.);
#53=FACE_BOUND('',#275,.T.);
#54=FACE_BOUND('',#276,.T.);
#55=FACE_BOUND('',#277,.T.);
#56=FACE_BOUND('',#278,.T.);
#57=FACE_BOUND('',#279,.T.);
#58=FACE_BOUND('',#280,.T.);
#59=FACE_BOUND('',#281,.T.);
#60=FACE_BOUND('',#282,.T.);
#61=FACE_BOUND('',#283,.T.);
#62=ADVANCED_FACE('',(#142),#1334,.T.);
#63=ADVANCED_FACE('',(#143,#14,#15,#16,#17,#18,#19,#20,#21,#22,#23,#24,
#25,#26,#27),#1310,.T.);
#64=ADVANCED_FACE('',(#144),#1335,.T.);
#65=ADVANCED_FACE('',(#145),#1311,.T.);
#66=ADVANCED_FACE('',(#146),#1336,.T.);
#67=ADVANCED_FACE('',(#147,#28,#29,#30,#31,#32,#33,#34,#35,#36,#37),#1312,
 .T.);
#68=ADVANCED_FACE('',(#148),#1337,.T.);
#69=ADVANCED_FACE('',(#149),#1313,.T.);
#70=ADVANCED_FACE('',(#150),#1338,.F.);
#71=ADVANCED_FACE('',(#151,#38,#39,#40,#41,#42,#43,#44,#45,#46,#47,#48,
#49,#50,#51),#1314,.T.);
#72=ADVANCED_FACE('',(#152),#1339,.F.);
#73=ADVANCED_FACE('',(#153),#1315,.T.);
#74=ADVANCED_FACE('',(#154),#1340,.F.);
#75=ADVANCED_FACE('',(#155,#52,#53,#54,#55,#56,#57,#58,#59,#60,#61),#1316,
 .T.);
#76=ADVANCED_FACE('',(#156),#1341,.F.);
#77=ADVANCED_FACE('',(#157),#1317,.T.);
#78=ADVANCED_FACE('',(#158),#1318,.T.);
#79=ADVANCED_FACE('',(#159),#1319,.T.);
#80=ADVANCED_FACE('',(#160),#1320,.T.);
#81=ADVANCED_FACE('',(#161),#1321,.T.);
#82=ADVANCED_FACE('',(#162),#1322,.T.);
#83=ADVANCED_FACE('',(#163),#1323,.T.);
#84=ADVANCED_FACE('',(#164),#1324,.T.);
#85=ADVANCED_FACE('',(#165),#1325,.T.);
#86=ADVANCED_FACE('',(#166),#1326,.T.);
#87=ADVANCED_FACE('',(#167),#1327,.T.);
#88=ADVANCED_FACE('',(#168),#1328,.T.);
#89=ADVANCED_FACE('',(#169),#1329,.T.);
#90=ADVANCED_FACE('',(#170),#1330,.T.);
#91=ADVANCED_FACE('',(#171),#1331,.T.);
#92=ADVANCED_FACE('',(#172),#1332,.T.);
#93=ADVANCED_FACE('',(#173),#1333,.T.);
#94=ADVANCED_FACE('',(#174),#1342,.F.);
#95=ADVANCED_FACE('',(#175),#1343,.F.);
#96=ADVANCED_FACE('',(#176),#1344,.F.);
#97=ADVANCED_FACE('',(#177),#1345,.F.);
#98=ADVANCED_FACE('',(#178),#1346,.F.);
#99=ADVANCED_FACE('',(#179),#1347,.F.);
#100=ADVANCED_FACE('',(#180),#1348,.F.);
#101=ADVANCED_FACE('',(#181),#1349,.F.);
#102=ADVANCED_FACE('',(#182),#1350,.F.);
#103=ADVANCED_FACE('',(#183),#1351,.F.);
#104=ADVANCED_FACE('',(#184),#1352,.F.);
#105=ADVANCED_FACE('',(#185),#1353,.F.);
#106=ADVANCED_FACE('',(#186),#1354,.F.);
#107=ADVANCED_FACE('',(#187),#1355,.F.);
#108=ADVANCED_FACE('',(#188),#1356,.F.);
#109=ADVANCED_FACE('',(#189),#1357,.F.);
#110=ADVANCED_FACE('',(#190),#1358,.F.);
#111=ADVANCED_FACE('',(#191),#1359,.F.);
#112=ADVANCED_FACE('',(#192),#1360,.F.);
#113=ADVANCED_FACE('',(#193),#1361,.F.);
#114=ADVANCED_FACE('',(#194),#1362,.F.);
#115=ADVANCED_FACE('',(#195),#1363,.F.);
#116=ADVANCED_FACE('',(#196),#1364,.F.);
#117=ADVANCED_FACE('',(#197),#1365,.F.);
#118=ADVANCED_FACE('',(#198),#1366,.F.);
#119=ADVANCED_FACE('',(#199),#1367,.F.);
#120=ADVANCED_FACE('',(#200),#1368,.F.);
#121=ADVANCED_FACE('',(#201),#1369,.F.);
#122=ADVANCED_FACE('',(#202),#1370,.F.);
#123=ADVANCED_FACE('',(#203),#1371,.F.);
#124=ADVANCED_FACE('',(#204),#1372,.F.);
#125=ADVANCED_FACE('',(#205),#1373,.F.);
#126=ADVANCED_FACE('',(#206),#1374,.F.);
#127=ADVANCED_FACE('',(#207),#1375,.F.);
#128=ADVANCED_FACE('',(#208),#1376,.F.);
#129=ADVANCED_FACE('',(#209),#1377,.F.);
#130=ADVANCED_FACE('',(#210),#1378,.F.);
#131=ADVANCED_FACE('',(#211),#1379,.F.);
#132=ADVANCED_FACE('',(#212),#1380,.F.);
#133=ADVANCED_FACE('',(#213),#1381,.F.);
#134=ADVANCED_FACE('',(#214),#1382,.F.);
#135=ADVANCED_FACE('',(#215),#1383,.F.);
#136=ADVANCED_FACE('',(#216),#1384,.F.);
#137=ADVANCED_FACE('',(#217),#1385,.F.);
#138=ADVANCED_FACE('',(#218),#1386,.F.);
#139=ADVANCED_FACE('',(#219),#1387,.F.);
#140=ADVANCED_FACE('',(#220),#1388,.F.);
#141=ADVANCED_FACE('',(#221),#1389,.F.);
#142=FACE_OUTER_BOUND('',#222,.T.);
#143=FACE_OUTER_BOUND('',#223,.T.);
#144=FACE_OUTER_BOUND('',#238,.T.);
#145=FACE_OUTER_BOUND('',#239,.T.);
#146=FACE_OUTER_BOUND('',#240,.T.);
#147=FACE_OUTER_BOUND('',#241,.T.);
#148=FACE_OUTER_BOUND('',#252,.T.);
#149=FACE_OUTER_BOUND('',#253,.T.);
#150=FACE_OUTER_BOUND('',#254,.T.);
#151=FACE_OUTER_BOUND('',#255,.T.);
#152=FACE_OUTER_BOUND('',#270,.T.);
#153=FACE_OUTER_BOUND('',#271,.T.);
#154=FACE_OUTER_BOUND('',#272,.T.);
#155=FACE_OUTER_BOUND('',#273,.T.);
#156=FACE_OUTER_BOUND('',#284,.T.);
#157=FACE_OUTER_BOUND('',#285,.T.);
#158=FACE_OUTER_BOUND('',#286,.T.);
#159=FACE_OUTER_BOUND('',#287,.T.);
#160=FACE_OUTER_BOUND('',#288,.T.);
#161=FACE_OUTER_BOUND('',#289,.T.);
#162=FACE_OUTER_BOUND('',#290,.T.);
#163=FACE_OUTER_BOUND('',#291,.T.);
#164=FACE_OUTER_BOUND('',#292,.T.);
#165=FACE_OUTER_BOUND('',#293,.T.);
#166=FACE_OUTER_BOUND('',#294,.T.);
#167=FACE_OUTER_BOUND('',#295,.T.);
#168=FACE_OUTER_BOUND('',#296,.T.);
#169=FACE_OUTER_BOUND('',#297,.T.);
#170=FACE_OUTER_BOUND('',#298,.T.);
#171=FACE_OUTER_BOUND('',#299,.T.);
#172=FACE_OUTER_BOUND('',#300,.T.);
#173=FACE_OUTER_BOUND('',#301,.T.);
#174=FACE_OUTER_BOUND('',#302,.T.);
#175=FACE_OUTER_BOUND('',#303,.T.);
#176=FACE_OUTER_BOUND('',#304,.T.);
#177=FACE_OUTER_BOUND('',#305,.T.);
#178=FACE_OUTER_BOUND('',#306,.T.);
#179=FACE_OUTER_BOUND('',#307,.T.);
#180=FACE_OUTER_BOUND('',#308,.T.);
#181=FACE_OUTER_BOUND('',#309,.T.);
#182=FACE_OUTER_BOUND('',#310,.T.);
#183=FACE_OUTER_BOUND('',#311,.T.);
#184=FACE_OUTER_BOUND('',#312,.T.);
#185=FACE_OUTER_BOUND('',#313,.T.);
#186=FACE_OUTER_BOUND('',#314,.T.);
#187=FACE_OUTER_BOUND('',#315,.T.);
#188=FACE_OUTER_BOUND('',#316,.T.);
#189=FACE_OUTER_BOUND('',#317,.T.);
#190=FACE_OUTER_BOUND('',#318,.T.);
#191=FACE_OUTER_BOUND('',#319,.T.);
#192=FACE_OUTER_BOUND('',#320,.T.);
#193=FACE_OUTER_BOUND('',#321,.T.);
#194=FACE_OUTER_BOUND('',#322,.T.);
#195=FACE_OUTER_BOUND('',#323,.T.);
#196=FACE_OUTER_BOUND('',#324,.T.);
#197=FACE_OUTER_BOUND('',#325,.T.);
#198=FACE_OUTER_BOUND('',#326,.T.);
#199=FACE_OUTER_BOUND('',#327,.T.);
#200=FACE_OUTER_BOUND('',#328,.T.);
#201=FACE_OUTER_BOUND('',#329,.T.);
#202=FACE_OUTER_BOUND('',#330,.T.);
#203=FACE_OUTER_BOUND('',#331,.T.);
#204=FACE_OUTER_BOUND('',#332,.T.);
#205=FACE_OUTER_BOUND('',#333,.T.);
#206=FACE_OUTER_BOUND('',#334,.T.);
#207=FACE_OUTER_BOUND('',#335,.T.);
#208=FACE_OUTER_BOUND('',#336,.T.);
#209=FACE_OUTER_BOUND('',#337,.T.);
#210=FACE_OUTER_BOUND('',#338,.T.);
#211=FACE_OUTER_BOUND('',#339,.T.);
#212=FACE_OUTER_BOUND('',#340,.T.);
#213=FACE_OUTER_BOUND('',#341,.T.);
#214=FACE_OUTER_BOUND('',#342,.T.);
#215=FACE_OUTER_BOUND('',#343,.T.);
#216=FACE_OUTER_BOUND('',#344,.T.);
#217=FACE_OUTER_BOUND('',#345,.T.);
#218=FACE_OUTER_BOUND('',#346,.T.);
#219=FACE_OUTER_BOUND('',#347,.T.);
#220=FACE_OUTER_BOUND('',#348,.T.);
#221=FACE_OUTER_BOUND('',#349,.T.);
#222=EDGE_LOOP('',(#350,#351,#352,#353));
#223=EDGE_LOOP('',(#354,#355,#356,#357));
#224=EDGE_LOOP('',(#358,#359));
#225=EDGE_LOOP('',(#360,#361));
#226=EDGE_LOOP('',(#362,#363));
#227=EDGE_LOOP('',(#364,#365));
#228=EDGE_LOOP('',(#366,#367));
#229=EDGE_LOOP('',(#368,#369));
#230=EDGE_LOOP('',(#370,#371));
#231=EDGE_LOOP('',(#372,#373));
#232=EDGE_LOOP('',(#374,#375));
#233=EDGE_LOOP('',(#376,#377));
#234=EDGE_LOOP('',(#378,#379));
#235=EDGE_LOOP('',(#380,#381));
#236=EDGE_LOOP('',(#382,#383));
#237=EDGE_LOOP('',(#384,#385));
#238=EDGE_LOOP('',(#386,#387,#388,#389));
#239=EDGE_LOOP('',(#390,#391,#392,#393));
#240=EDGE_LOOP('',(#394,#395,#396,#397));
#241=EDGE_LOOP('',(#398,#399,#400,#401));
#242=EDGE_LOOP('',(#402,#403));
#243=EDGE_LOOP('',(#404,#405));
#244=EDGE_LOOP('',(#406,#407));
#245=EDGE_LOOP('',(#408,#409));
#246=EDGE_LOOP('',(#410,#411));
#247=EDGE_LOOP('',(#412,#413));
#248=EDGE_LOOP('',(#414,#415));
#249=EDGE_LOOP('',(#416,#417));
#250=EDGE_LOOP('',(#418,#419));
#251=EDGE_LOOP('',(#420,#421));
#252=EDGE_LOOP('',(#422,#423,#424,#425));
#253=EDGE_LOOP('',(#426,#427,#428,#429));
#254=EDGE_LOOP('',(#430,#431,#432,#433));
#255=EDGE_LOOP('',(#434,#435,#436,#437));
#256=EDGE_LOOP('',(#438,#439));
#257=EDGE_LOOP('',(#440,#441));
#258=EDGE_LOOP('',(#442,#443));
#259=EDGE_LOOP('',(#444,#445));
#260=EDGE_LOOP('',(#446,#447));
#261=EDGE_LOOP('',(#448,#449));
#262=EDGE_LOOP('',(#450,#451));
#263=EDGE_LOOP('',(#452,#453));
#264=EDGE_LOOP('',(#454,#455));
#265=EDGE_LOOP('',(#456,#457));
#266=EDGE_LOOP('',(#458,#459));
#267=EDGE_LOOP('',(#460,#461));
#268=EDGE_LOOP('',(#462,#463));
#269=EDGE_LOOP('',(#464,#465));
#270=EDGE_LOOP('',(#466,#467,#468,#469));
#271=EDGE_LOOP('',(#470,#471,#472,#473));
#272=EDGE_LOOP('',(#474,#475,#476,#477));
#273=EDGE_LOOP('',(#478,#479,#480,#481));
#274=EDGE_LOOP('',(#482,#483));
#275=EDGE_LOOP('',(#484,#485));
#276=EDGE_LOOP('',(#486,#487));
#277=EDGE_LOOP('',(#488,#489));
#278=EDGE_LOOP('',(#490,#491));
#279=EDGE_LOOP('',(#492,#493));
#280=EDGE_LOOP('',(#494,#495));
#281=EDGE_LOOP('',(#496,#497));
#282=EDGE_LOOP('',(#498,#499));
#283=EDGE_LOOP('',(#500,#501));
#284=EDGE_LOOP('',(#502,#503,#504,#505));
#285=EDGE_LOOP('',(#506,#507,#508,#509));
#286=EDGE_LOOP('',(#510,#511,#512,#513));
#287=EDGE_LOOP('',(#514,#515,#516,#517));
#288=EDGE_LOOP('',(#518,#519,#520,#521));
#289=EDGE_LOOP('',(#522,#523,#524,#525));
#290=EDGE_LOOP('',(#526,#527,#528,#529));
#291=EDGE_LOOP('',(#530,#531,#532,#533));
#292=EDGE_LOOP('',(#534,#535,#536,#537));
#293=EDGE_LOOP('',(#538,#539,#540,#541));
#294=EDGE_LOOP('',(#542,#543,#544,#545));
#295=EDGE_LOOP('',(#546,#547,#548,#549));
#296=EDGE_LOOP('',(#550,#551,#552,#553));
#297=EDGE_LOOP('',(#554,#555,#556,#557));
#298=EDGE_LOOP('',(#558,#559,#560,#561));
#299=EDGE_LOOP('',(#562,#563,#564,#565));
#300=EDGE_LOOP('',(#566,#567,#568,#569));
#301=EDGE_LOOP('',(#570,#571,#572,#573));
#302=EDGE_LOOP('',(#574,#575,#576,#577));
#303=EDGE_LOOP('',(#578,#579,#580,#581));
#304=EDGE_LOOP('',(#582,#583,#584,#585));
#305=EDGE_LOOP('',(#586,#587,#588,#589));
#306=EDGE_LOOP('',(#590,#591,#592,#593));
#307=EDGE_LOOP('',(#594,#595,#596,#597));
#308=EDGE_LOOP('',(#598,#599,#600,#601));
#309=EDGE_LOOP('',(#602,#603,#604,#605));
#310=EDGE_LOOP('',(#606,#607,#608,#609));
#311=EDGE_LOOP('',(#610,#611,#612,#613));
#312=EDGE_LOOP('',(#614,#615,#616,#617));
#313=EDGE_LOOP('',(#618,#619,#620,#621));
#314=EDGE_LOOP('',(#622,#623,#624,#625));
#315=EDGE_LOOP('',(#626,#627,#628,#629));
#316=EDGE_LOOP('',(#630,#631,#632,#633));
#317=EDGE_LOOP('',(#634,#635,#636,#637));
#318=EDGE_LOOP('',(#638,#639,#640,#641));
#319=EDGE_LOOP('',(#642,#643,#644,#645));
#320=EDGE_LOOP('',(#646,#647,#648,#649));
#321=EDGE_LOOP('',(#650,#651,#652,#653));
#322=EDGE_LOOP('',(#654,#655,#656,#657));
#323=EDGE_LOOP('',(#658,#659,#660,#661));
#324=EDGE_LOOP('',(#662,#663,#664,#665));
#325=EDGE_LOOP('',(#666,#667,#668,#669));
#326=EDGE_LOOP('',(#670,#671,#672,#673));
#327=EDGE_LOOP('',(#674,#675,#676,#677));
#328=EDGE_LOOP('',(#678,#679,#680,#681));
#329=EDGE_LOOP('',(#682,#683,#684,#685));
#330=EDGE_LOOP('',(#686,#687,#688,#689));
#331=EDGE_LOOP('',(#690,#691,#692,#693));
#332=EDGE_LOOP('',(#694,#695,#696,#697));
#333=EDGE_LOOP('',(#698,#699,#700,#701));
#334=EDGE_LOOP('',(#702,#703,#704,#705));
#335=EDGE_LOOP('',(#706,#707,#708,#709));
#336=EDGE_LOOP('',(#710,#711,#712,#713));
#337=EDGE_LOOP('',(#714,#715,#716,#717));
#338=EDGE_LOOP('',(#718,#719,#720,#721));
#339=EDGE_LOOP('',(#722,#723,#724,#725));
#340=EDGE_LOOP('',(#726,#727,#728,#729));
#341=EDGE_LOOP('',(#730,#731,#732,#733));
#342=EDGE_LOOP('',(#734,#735,#736,#737));
#343=EDGE_LOOP('',(#738,#739,#740,#741));
#344=EDGE_LOOP('',(#742,#743,#744,#745));
#345=EDGE_LOOP('',(#746,#747,#748,#749));
#346=EDGE_LOOP('',(#750,#751,#752,#753));
#347=EDGE_LOOP('',(#754,#755,#756,#757));
#348=EDGE_LOOP('',(#758,#759,#760,#761));
#349=EDGE_LOOP('',(#762,#763,#764,#765));
#350=ORIENTED_EDGE('',*,*,#766,.T.);
#351=ORIENTED_EDGE('',*,*,#767,.T.);
#352=ORIENTED_EDGE('',*,*,#768,.F.);
#353=ORIENTED_EDGE('',*,*,#769,.F.);
#354=ORIENTED_EDGE('',*,*,#770,.T.);
#355=ORIENTED_EDGE('',*,*,#771,.T.);
#356=ORIENTED_EDGE('',*,*,#772,.F.);
#357=ORIENTED_EDGE('',*,*,#767,.F.);
#358=ORIENTED_EDGE('',*,*,#830,.T.);
#359=ORIENTED_EDGE('',*,*,#903,.T.);
#360=ORIENTED_EDGE('',*,*,#836,.T.);
#361=ORIENTED_EDGE('',*,*,#909,.T.);
#362=ORIENTED_EDGE('',*,*,#842,.T.);
#363=ORIENTED_EDGE('',*,*,#915,.T.);
#364=ORIENTED_EDGE('',*,*,#848,.T.);
#365=ORIENTED_EDGE('',*,*,#921,.T.);
#366=ORIENTED_EDGE('',*,*,#854,.T.);
#367=ORIENTED_EDGE('',*,*,#927,.T.);
#368=ORIENTED_EDGE('',*,*,#860,.T.);
#369=ORIENTED_EDGE('',*,*,#933,.T.);
#370=ORIENTED_EDGE('',*,*,#872,.T.);
#371=ORIENTED_EDGE('',*,*,#945,.T.);
#372=ORIENTED_EDGE('',*,*,#875,.T.);
#373=ORIENTED_EDGE('',*,*,#948,.T.);
#374=ORIENTED_EDGE('',*,*,#884,.T.);
#375=ORIENTED_EDGE('',*,*,#957,.T.);
#376=ORIENTED_EDGE('',*,*,#887,.T.);
#377=ORIENTED_EDGE('',*,*,#960,.T.);
#378=ORIENTED_EDGE('',*,*,#890,.T.);
#379=ORIENTED_EDGE('',*,*,#963,.T.);
#380=ORIENTED_EDGE('',*,*,#893,.T.);
#381=ORIENTED_EDGE('',*,*,#966,.T.);
#382=ORIENTED_EDGE('',*,*,#896,.T.);
#383=ORIENTED_EDGE('',*,*,#969,.T.);
#384=ORIENTED_EDGE('',*,*,#899,.T.);
#385=ORIENTED_EDGE('',*,*,#972,.T.);
#386=ORIENTED_EDGE('',*,*,#773,.T.);
#387=ORIENTED_EDGE('',*,*,#774,.T.);
#388=ORIENTED_EDGE('',*,*,#775,.F.);
#389=ORIENTED_EDGE('',*,*,#771,.F.);
#390=ORIENTED_EDGE('',*,*,#776,.T.);
#391=ORIENTED_EDGE('',*,*,#777,.T.);
#392=ORIENTED_EDGE('',*,*,#778,.F.);
#393=ORIENTED_EDGE('',*,*,#774,.F.);
#394=ORIENTED_EDGE('',*,*,#779,.T.);
#395=ORIENTED_EDGE('',*,*,#780,.T.);
#396=ORIENTED_EDGE('',*,*,#781,.F.);
#397=ORIENTED_EDGE('',*,*,#777,.F.);
#398=ORIENTED_EDGE('',*,*,#782,.T.);
#399=ORIENTED_EDGE('',*,*,#783,.T.);
#400=ORIENTED_EDGE('',*,*,#784,.F.);
#401=ORIENTED_EDGE('',*,*,#780,.F.);
#402=ORIENTED_EDGE('',*,*,#831,.T.);
#403=ORIENTED_EDGE('',*,*,#906,.T.);
#404=ORIENTED_EDGE('',*,*,#837,.T.);
#405=ORIENTED_EDGE('',*,*,#912,.T.);
#406=ORIENTED_EDGE('',*,*,#843,.T.);
#407=ORIENTED_EDGE('',*,*,#918,.T.);
#408=ORIENTED_EDGE('',*,*,#849,.T.);
#409=ORIENTED_EDGE('',*,*,#924,.T.);
#410=ORIENTED_EDGE('',*,*,#855,.T.);
#411=ORIENTED_EDGE('',*,*,#930,.T.);
#412=ORIENTED_EDGE('',*,*,#861,.T.);
#413=ORIENTED_EDGE('',*,*,#936,.T.);
#414=ORIENTED_EDGE('',*,*,#866,.T.);
#415=ORIENTED_EDGE('',*,*,#939,.T.);
#416=ORIENTED_EDGE('',*,*,#869,.T.);
#417=ORIENTED_EDGE('',*,*,#942,.T.);
#418=ORIENTED_EDGE('',*,*,#878,.T.);
#419=ORIENTED_EDGE('',*,*,#951,.T.);
#420=ORIENTED_EDGE('',*,*,#881,.T.);
#421=ORIENTED_EDGE('',*,*,#954,.T.);
#422=ORIENTED_EDGE('',*,*,#785,.T.);
#423=ORIENTED_EDGE('',*,*,#786,.T.);
#424=ORIENTED_EDGE('',*,*,#787,.F.);
#425=ORIENTED_EDGE('',*,*,#783,.F.);
#426=ORIENTED_EDGE('',*,*,#788,.T.);
#427=ORIENTED_EDGE('',*,*,#769,.T.);
#428=ORIENTED_EDGE('',*,*,#789,.F.);
#429=ORIENTED_EDGE('',*,*,#786,.F.);
#430=ORIENTED_EDGE('',*,*,#793,.F.);
#431=ORIENTED_EDGE('',*,*,#792,.F.);
#432=ORIENTED_EDGE('',*,*,#791,.F.);
#433=ORIENTED_EDGE('',*,*,#790,.F.);
#434=ORIENTED_EDGE('',*,*,#791,.T.);
#435=ORIENTED_EDGE('',*,*,#796,.F.);
#436=ORIENTED_EDGE('',*,*,#795,.F.);
#437=ORIENTED_EDGE('',*,*,#794,.F.);
#438=ORIENTED_EDGE('',*,*,#904,.F.);
#439=ORIENTED_EDGE('',*,*,#832,.F.);
#440=ORIENTED_EDGE('',*,*,#910,.F.);
#441=ORIENTED_EDGE('',*,*,#838,.F.);
#442=ORIENTED_EDGE('',*,*,#916,.F.);
#443=ORIENTED_EDGE('',*,*,#844,.F.);
#444=ORIENTED_EDGE('',*,*,#922,.F.);
#445=ORIENTED_EDGE('',*,*,#850,.F.);
#446=ORIENTED_EDGE('',*,*,#928,.F.);
#447=ORIENTED_EDGE('',*,*,#856,.F.);
#448=ORIENTED_EDGE('',*,*,#934,.F.);
#449=ORIENTED_EDGE('',*,*,#862,.F.);
#450=ORIENTED_EDGE('',*,*,#946,.F.);
#451=ORIENTED_EDGE('',*,*,#873,.F.);
#452=ORIENTED_EDGE('',*,*,#949,.F.);
#453=ORIENTED_EDGE('',*,*,#876,.F.);
#454=ORIENTED_EDGE('',*,*,#958,.F.);
#455=ORIENTED_EDGE('',*,*,#885,.F.);
#456=ORIENTED_EDGE('',*,*,#961,.F.);
#457=ORIENTED_EDGE('',*,*,#888,.F.);
#458=ORIENTED_EDGE('',*,*,#964,.F.);
#459=ORIENTED_EDGE('',*,*,#891,.F.);
#460=ORIENTED_EDGE('',*,*,#967,.F.);
#461=ORIENTED_EDGE('',*,*,#894,.F.);
#462=ORIENTED_EDGE('',*,*,#970,.F.);
#463=ORIENTED_EDGE('',*,*,#897,.F.);
#464=ORIENTED_EDGE('',*,*,#973,.F.);
#465=ORIENTED_EDGE('',*,*,#900,.F.);
#466=ORIENTED_EDGE('',*,*,#795,.T.);
#467=ORIENTED_EDGE('',*,*,#799,.F.);
#468=ORIENTED_EDGE('',*,*,#798,.F.);
#469=ORIENTED_EDGE('',*,*,#797,.F.);
#470=ORIENTED_EDGE('',*,*,#798,.T.);
#471=ORIENTED_EDGE('',*,*,#802,.F.);
#472=ORIENTED_EDGE('',*,*,#801,.F.);
#473=ORIENTED_EDGE('',*,*,#800,.F.);
#474=ORIENTED_EDGE('',*,*,#801,.T.);
#475=ORIENTED_EDGE('',*,*,#805,.F.);
#476=ORIENTED_EDGE('',*,*,#804,.F.);
#477=ORIENTED_EDGE('',*,*,#803,.F.);
#478=ORIENTED_EDGE('',*,*,#804,.T.);
#479=ORIENTED_EDGE('',*,*,#808,.F.);
#480=ORIENTED_EDGE('',*,*,#807,.F.);
#481=ORIENTED_EDGE('',*,*,#806,.F.);
#482=ORIENTED_EDGE('',*,*,#907,.F.);
#483=ORIENTED_EDGE('',*,*,#833,.F.);
#484=ORIENTED_EDGE('',*,*,#913,.F.);
#485=ORIENTED_EDGE('',*,*,#839,.F.);
#486=ORIENTED_EDGE('',*,*,#919,.F.);
#487=ORIENTED_EDGE('',*,*,#845,.F.);
#488=ORIENTED_EDGE('',*,*,#925,.F.);
#489=ORIENTED_EDGE('',*,*,#851,.F.);
#490=ORIENTED_EDGE('',*,*,#931,.F.);
#491=ORIENTED_EDGE('',*,*,#857,.F.);
#492=ORIENTED_EDGE('',*,*,#937,.F.);
#493=ORIENTED_EDGE('',*,*,#863,.F.);
#494=ORIENTED_EDGE('',*,*,#940,.F.);
#495=ORIENTED_EDGE('',*,*,#867,.F.);
#496=ORIENTED_EDGE('',*,*,#943,.F.);
#497=ORIENTED_EDGE('',*,*,#870,.F.);
#498=ORIENTED_EDGE('',*,*,#952,.F.);
#499=ORIENTED_EDGE('',*,*,#879,.F.);
#500=ORIENTED_EDGE('',*,*,#955,.F.);
#501=ORIENTED_EDGE('',*,*,#882,.F.);
#502=ORIENTED_EDGE('',*,*,#807,.T.);
#503=ORIENTED_EDGE('',*,*,#811,.F.);
#504=ORIENTED_EDGE('',*,*,#810,.F.);
#505=ORIENTED_EDGE('',*,*,#809,.F.);
#506=ORIENTED_EDGE('',*,*,#810,.T.);
#507=ORIENTED_EDGE('',*,*,#813,.F.);
#508=ORIENTED_EDGE('',*,*,#793,.T.);
#509=ORIENTED_EDGE('',*,*,#812,.F.);
#510=ORIENTED_EDGE('',*,*,#821,.T.);
#511=ORIENTED_EDGE('',*,*,#812,.T.);
#512=ORIENTED_EDGE('',*,*,#815,.T.);
#513=ORIENTED_EDGE('',*,*,#788,.F.);
#514=ORIENTED_EDGE('',*,*,#815,.F.);
#515=ORIENTED_EDGE('',*,*,#790,.T.);
#516=ORIENTED_EDGE('',*,*,#814,.F.);
#517=ORIENTED_EDGE('',*,*,#766,.F.);
#518=ORIENTED_EDGE('',*,*,#814,.T.);
#519=ORIENTED_EDGE('',*,*,#794,.T.);
#520=ORIENTED_EDGE('',*,*,#816,.F.);
#521=ORIENTED_EDGE('',*,*,#770,.F.);
#522=ORIENTED_EDGE('',*,*,#816,.T.);
#523=ORIENTED_EDGE('',*,*,#797,.T.);
#524=ORIENTED_EDGE('',*,*,#817,.F.);
#525=ORIENTED_EDGE('',*,*,#773,.F.);
#526=ORIENTED_EDGE('',*,*,#817,.T.);
#527=ORIENTED_EDGE('',*,*,#800,.T.);
#528=ORIENTED_EDGE('',*,*,#818,.F.);
#529=ORIENTED_EDGE('',*,*,#776,.F.);
#530=ORIENTED_EDGE('',*,*,#818,.T.);
#531=ORIENTED_EDGE('',*,*,#803,.T.);
#532=ORIENTED_EDGE('',*,*,#820,.T.);
#533=ORIENTED_EDGE('',*,*,#779,.F.);
#534=ORIENTED_EDGE('',*,*,#820,.F.);
#535=ORIENTED_EDGE('',*,*,#806,.T.);
#536=ORIENTED_EDGE('',*,*,#819,.F.);
#537=ORIENTED_EDGE('',*,*,#782,.F.);
#538=ORIENTED_EDGE('',*,*,#819,.T.);
#539=ORIENTED_EDGE('',*,*,#809,.T.);
#540=ORIENTED_EDGE('',*,*,#821,.F.);
#541=ORIENTED_EDGE('',*,*,#785,.F.);
#542=ORIENTED_EDGE('',*,*,#823,.F.);
#543=ORIENTED_EDGE('',*,*,#792,.T.);
#544=ORIENTED_EDGE('',*,*,#822,.F.);
#545=ORIENTED_EDGE('',*,*,#768,.T.);
#546=ORIENTED_EDGE('',*,*,#824,.F.);
#547=ORIENTED_EDGE('',*,*,#796,.T.);
#548=ORIENTED_EDGE('',*,*,#823,.T.);
#549=ORIENTED_EDGE('',*,*,#772,.T.);
#550=ORIENTED_EDGE('',*,*,#825,.F.);
#551=ORIENTED_EDGE('',*,*,#799,.T.);
#552=ORIENTED_EDGE('',*,*,#824,.T.);
#553=ORIENTED_EDGE('',*,*,#775,.T.);
#554=ORIENTED_EDGE('',*,*,#826,.F.);
#555=ORIENTED_EDGE('',*,*,#802,.T.);
#556=ORIENTED_EDGE('',*,*,#825,.T.);
#557=ORIENTED_EDGE('',*,*,#778,.T.);
#558=ORIENTED_EDGE('',*,*,#827,.T.);
#559=ORIENTED_EDGE('',*,*,#805,.T.);
#560=ORIENTED_EDGE('',*,*,#826,.T.);
#561=ORIENTED_EDGE('',*,*,#781,.T.);
#562=ORIENTED_EDGE('',*,*,#828,.F.);
#563=ORIENTED_EDGE('',*,*,#808,.T.);
#564=ORIENTED_EDGE('',*,*,#827,.F.);
#565=ORIENTED_EDGE('',*,*,#784,.T.);
#566=ORIENTED_EDGE('',*,*,#829,.F.);
#567=ORIENTED_EDGE('',*,*,#811,.T.);
#568=ORIENTED_EDGE('',*,*,#828,.T.);
#569=ORIENTED_EDGE('',*,*,#787,.T.);
#570=ORIENTED_EDGE('',*,*,#822,.T.);
#571=ORIENTED_EDGE('',*,*,#813,.T.);
#572=ORIENTED_EDGE('',*,*,#829,.T.);
#573=ORIENTED_EDGE('',*,*,#789,.T.);
#574=ORIENTED_EDGE('',*,*,#904,.T.);
#575=ORIENTED_EDGE('',*,*,#834,.T.);
#576=ORIENTED_EDGE('',*,*,#903,.F.);
#577=ORIENTED_EDGE('',*,*,#902,.F.);
#578=ORIENTED_EDGE('',*,*,#831,.F.);
#579=ORIENTED_EDGE('',*,*,#835,.T.);
#580=ORIENTED_EDGE('',*,*,#833,.T.);
#581=ORIENTED_EDGE('',*,*,#905,.F.);
#582=ORIENTED_EDGE('',*,*,#910,.T.);
#583=ORIENTED_EDGE('',*,*,#840,.T.);
#584=ORIENTED_EDGE('',*,*,#909,.F.);
#585=ORIENTED_EDGE('',*,*,#908,.F.);
#586=ORIENTED_EDGE('',*,*,#837,.F.);
#587=ORIENTED_EDGE('',*,*,#841,.T.);
#588=ORIENTED_EDGE('',*,*,#839,.T.);
#589=ORIENTED_EDGE('',*,*,#911,.F.);
#590=ORIENTED_EDGE('',*,*,#916,.T.);
#591=ORIENTED_EDGE('',*,*,#846,.T.);
#592=ORIENTED_EDGE('',*,*,#915,.F.);
#593=ORIENTED_EDGE('',*,*,#914,.F.);
#594=ORIENTED_EDGE('',*,*,#843,.F.);
#595=ORIENTED_EDGE('',*,*,#847,.T.);
#596=ORIENTED_EDGE('',*,*,#845,.T.);
#597=ORIENTED_EDGE('',*,*,#917,.F.);
#598=ORIENTED_EDGE('',*,*,#922,.T.);
#599=ORIENTED_EDGE('',*,*,#852,.T.);
#600=ORIENTED_EDGE('',*,*,#921,.F.);
#601=ORIENTED_EDGE('',*,*,#920,.F.);
#602=ORIENTED_EDGE('',*,*,#849,.F.);
#603=ORIENTED_EDGE('',*,*,#853,.T.);
#604=ORIENTED_EDGE('',*,*,#851,.T.);
#605=ORIENTED_EDGE('',*,*,#923,.F.);
#606=ORIENTED_EDGE('',*,*,#928,.T.);
#607=ORIENTED_EDGE('',*,*,#858,.T.);
#608=ORIENTED_EDGE('',*,*,#927,.F.);
#609=ORIENTED_EDGE('',*,*,#926,.F.);
#610=ORIENTED_EDGE('',*,*,#855,.F.);
#611=ORIENTED_EDGE('',*,*,#859,.T.);
#612=ORIENTED_EDGE('',*,*,#857,.T.);
#613=ORIENTED_EDGE('',*,*,#929,.F.);
#614=ORIENTED_EDGE('',*,*,#934,.T.);
#615=ORIENTED_EDGE('',*,*,#864,.T.);
#616=ORIENTED_EDGE('',*,*,#933,.F.);
#617=ORIENTED_EDGE('',*,*,#932,.F.);
#618=ORIENTED_EDGE('',*,*,#861,.F.);
#619=ORIENTED_EDGE('',*,*,#865,.T.);
#620=ORIENTED_EDGE('',*,*,#863,.T.);
#621=ORIENTED_EDGE('',*,*,#935,.F.);
#622=ORIENTED_EDGE('',*,*,#866,.F.);
#623=ORIENTED_EDGE('',*,*,#868,.T.);
#624=ORIENTED_EDGE('',*,*,#867,.T.);
#625=ORIENTED_EDGE('',*,*,#938,.F.);
#626=ORIENTED_EDGE('',*,*,#869,.F.);
#627=ORIENTED_EDGE('',*,*,#871,.T.);
#628=ORIENTED_EDGE('',*,*,#870,.T.);
#629=ORIENTED_EDGE('',*,*,#941,.F.);
#630=ORIENTED_EDGE('',*,*,#946,.T.);
#631=ORIENTED_EDGE('',*,*,#874,.T.);
#632=ORIENTED_EDGE('',*,*,#945,.F.);
#633=ORIENTED_EDGE('',*,*,#944,.F.);
#634=ORIENTED_EDGE('',*,*,#949,.T.);
#635=ORIENTED_EDGE('',*,*,#877,.T.);
#636=ORIENTED_EDGE('',*,*,#948,.F.);
#637=ORIENTED_EDGE('',*,*,#947,.F.);
#638=ORIENTED_EDGE('',*,*,#878,.F.);
#639=ORIENTED_EDGE('',*,*,#880,.T.);
#640=ORIENTED_EDGE('',*,*,#879,.T.);
#641=ORIENTED_EDGE('',*,*,#950,.F.);
#642=ORIENTED_EDGE('',*,*,#881,.F.);
#643=ORIENTED_EDGE('',*,*,#883,.T.);
#644=ORIENTED_EDGE('',*,*,#882,.T.);
#645=ORIENTED_EDGE('',*,*,#953,.F.);
#646=ORIENTED_EDGE('',*,*,#958,.T.);
#647=ORIENTED_EDGE('',*,*,#886,.T.);
#648=ORIENTED_EDGE('',*,*,#957,.F.);
#649=ORIENTED_EDGE('',*,*,#956,.F.);
#650=ORIENTED_EDGE('',*,*,#961,.T.);
#651=ORIENTED_EDGE('',*,*,#889,.T.);
#652=ORIENTED_EDGE('',*,*,#960,.F.);
#653=ORIENTED_EDGE('',*,*,#959,.F.);
#654=ORIENTED_EDGE('',*,*,#964,.T.);
#655=ORIENTED_EDGE('',*,*,#892,.T.);
#656=ORIENTED_EDGE('',*,*,#963,.F.);
#657=ORIENTED_EDGE('',*,*,#962,.F.);
#658=ORIENTED_EDGE('',*,*,#967,.T.);
#659=ORIENTED_EDGE('',*,*,#895,.T.);
#660=ORIENTED_EDGE('',*,*,#966,.F.);
#661=ORIENTED_EDGE('',*,*,#965,.F.);
#662=ORIENTED_EDGE('',*,*,#970,.T.);
#663=ORIENTED_EDGE('',*,*,#898,.T.);
#664=ORIENTED_EDGE('',*,*,#969,.F.);
#665=ORIENTED_EDGE('',*,*,#968,.F.);
#666=ORIENTED_EDGE('',*,*,#973,.T.);
#667=ORIENTED_EDGE('',*,*,#901,.T.);
#668=ORIENTED_EDGE('',*,*,#972,.F.);
#669=ORIENTED_EDGE('',*,*,#971,.F.);
#670=ORIENTED_EDGE('',*,*,#902,.T.);
#671=ORIENTED_EDGE('',*,*,#830,.F.);
#672=ORIENTED_EDGE('',*,*,#834,.F.);
#673=ORIENTED_EDGE('',*,*,#832,.T.);
#674=ORIENTED_EDGE('',*,*,#905,.T.);
#675=ORIENTED_EDGE('',*,*,#907,.T.);
#676=ORIENTED_EDGE('',*,*,#835,.F.);
#677=ORIENTED_EDGE('',*,*,#906,.F.);
#678=ORIENTED_EDGE('',*,*,#908,.T.);
#679=ORIENTED_EDGE('',*,*,#836,.F.);
#680=ORIENTED_EDGE('',*,*,#840,.F.);
#681=ORIENTED_EDGE('',*,*,#838,.T.);
#682=ORIENTED_EDGE('',*,*,#911,.T.);
#683=ORIENTED_EDGE('',*,*,#913,.T.);
#684=ORIENTED_EDGE('',*,*,#841,.F.);
#685=ORIENTED_EDGE('',*,*,#912,.F.);
#686=ORIENTED_EDGE('',*,*,#914,.T.);
#687=ORIENTED_EDGE('',*,*,#842,.F.);
#688=ORIENTED_EDGE('',*,*,#846,.F.);
#689=ORIENTED_EDGE('',*,*,#844,.T.);
#690=ORIENTED_EDGE('',*,*,#917,.T.);
#691=ORIENTED_EDGE('',*,*,#919,.T.);
#692=ORIENTED_EDGE('',*,*,#847,.F.);
#693=ORIENTED_EDGE('',*,*,#918,.F.);
#694=ORIENTED_EDGE('',*,*,#920,.T.);
#695=ORIENTED_EDGE('',*,*,#848,.F.);
#696=ORIENTED_EDGE('',*,*,#852,.F.);
#697=ORIENTED_EDGE('',*,*,#850,.T.);
#698=ORIENTED_EDGE('',*,*,#923,.T.);
#699=ORIENTED_EDGE('',*,*,#925,.T.);
#700=ORIENTED_EDGE('',*,*,#853,.F.);
#701=ORIENTED_EDGE('',*,*,#924,.F.);
#702=ORIENTED_EDGE('',*,*,#926,.T.);
#703=ORIENTED_EDGE('',*,*,#854,.F.);
#704=ORIENTED_EDGE('',*,*,#858,.F.);
#705=ORIENTED_EDGE('',*,*,#856,.T.);
#706=ORIENTED_EDGE('',*,*,#929,.T.);
#707=ORIENTED_EDGE('',*,*,#931,.T.);
#708=ORIENTED_EDGE('',*,*,#859,.F.);
#709=ORIENTED_EDGE('',*,*,#930,.F.);
#710=ORIENTED_EDGE('',*,*,#932,.T.);
#711=ORIENTED_EDGE('',*,*,#860,.F.);
#712=ORIENTED_EDGE('',*,*,#864,.F.);
#713=ORIENTED_EDGE('',*,*,#862,.T.);
#714=ORIENTED_EDGE('',*,*,#935,.T.);
#715=ORIENTED_EDGE('',*,*,#937,.T.);
#716=ORIENTED_EDGE('',*,*,#865,.F.);
#717=ORIENTED_EDGE('',*,*,#936,.F.);
#718=ORIENTED_EDGE('',*,*,#938,.T.);
#719=ORIENTED_EDGE('',*,*,#940,.T.);
#720=ORIENTED_EDGE('',*,*,#868,.F.);
#721=ORIENTED_EDGE('',*,*,#939,.F.);
#722=ORIENTED_EDGE('',*,*,#941,.T.);
#723=ORIENTED_EDGE('',*,*,#943,.T.);
#724=ORIENTED_EDGE('',*,*,#871,.F.);
#725=ORIENTED_EDGE('',*,*,#942,.F.);
#726=ORIENTED_EDGE('',*,*,#944,.T.);
#727=ORIENTED_EDGE('',*,*,#872,.F.);
#728=ORIENTED_EDGE('',*,*,#874,.F.);
#729=ORIENTED_EDGE('',*,*,#873,.T.);
#730=ORIENTED_EDGE('',*,*,#947,.T.);
#731=ORIENTED_EDGE('',*,*,#875,.F.);
#732=ORIENTED_EDGE('',*,*,#877,.F.);
#733=ORIENTED_EDGE('',*,*,#876,.T.);
#734=ORIENTED_EDGE('',*,*,#950,.T.);
#735=ORIENTED_EDGE('',*,*,#952,.T.);
#736=ORIENTED_EDGE('',*,*,#880,.F.);
#737=ORIENTED_EDGE('',*,*,#951,.F.);
#738=ORIENTED_EDGE('',*,*,#953,.T.);
#739=ORIENTED_EDGE('',*,*,#955,.T.);
#740=ORIENTED_EDGE('',*,*,#883,.F.);
#741=ORIENTED_EDGE('',*,*,#954,.F.);
#742=ORIENTED_EDGE('',*,*,#956,.T.);
#743=ORIENTED_EDGE('',*,*,#884,.F.);
#744=ORIENTED_EDGE('',*,*,#886,.F.);
#745=ORIENTED_EDGE('',*,*,#885,.T.);
#746=ORIENTED_EDGE('',*,*,#959,.T.);
#747=ORIENTED_EDGE('',*,*,#887,.F.);
#748=ORIENTED_EDGE('',*,*,#889,.F.);
#749=ORIENTED_EDGE('',*,*,#888,.T.);
#750=ORIENTED_EDGE('',*,*,#962,.T.);
#751=ORIENTED_EDGE('',*,*,#890,.F.);
#752=ORIENTED_EDGE('',*,*,#892,.F.);
#753=ORIENTED_EDGE('',*,*,#891,.T.);
#754=ORIENTED_EDGE('',*,*,#965,.T.);
#755=ORIENTED_EDGE('',*,*,#893,.F.);
#756=ORIENTED_EDGE('',*,*,#895,.F.);
#757=ORIENTED_EDGE('',*,*,#894,.T.);
#758=ORIENTED_EDGE('',*,*,#968,.T.);
#759=ORIENTED_EDGE('',*,*,#896,.F.);
#760=ORIENTED_EDGE('',*,*,#898,.F.);
#761=ORIENTED_EDGE('',*,*,#897,.T.);
#762=ORIENTED_EDGE('',*,*,#971,.T.);
#763=ORIENTED_EDGE('',*,*,#899,.F.);
#764=ORIENTED_EDGE('',*,*,#901,.F.);
#765=ORIENTED_EDGE('',*,*,#900,.T.);
#766=EDGE_CURVE('',#1182,#1183,#1004,.T.);
#767=EDGE_CURVE('',#1183,#1184,#1005,.T.);
#768=EDGE_CURVE('',#1185,#1184,#1006,.T.);
#769=EDGE_CURVE('',#1182,#1185,#1007,.T.);
#770=EDGE_CURVE('',#1183,#1186,#974,.T.);
#771=EDGE_CURVE('',#1186,#1187,#975,.T.);
#772=EDGE_CURVE('',#1184,#1187,#976,.T.);
#773=EDGE_CURVE('',#1186,#1188,#1008,.T.);
#774=EDGE_CURVE('',#1188,#1189,#1009,.T.);
#775=EDGE_CURVE('',#1187,#1189,#1010,.T.);
#776=EDGE_CURVE('',#1188,#1190,#977,.T.);
#777=EDGE_CURVE('',#1190,#1191,#978,.T.);
#778=EDGE_CURVE('',#1189,#1191,#979,.T.);
#779=EDGE_CURVE('',#1190,#1192,#1011,.T.);
#780=EDGE_CURVE('',#1192,#1193,#1012,.T.);
#781=EDGE_CURVE('',#1191,#1193,#1013,.T.);
#782=EDGE_CURVE('',#1192,#1194,#980,.T.);
#783=EDGE_CURVE('',#1194,#1195,#981,.T.);
#784=EDGE_CURVE('',#1193,#1195,#982,.T.);
#785=EDGE_CURVE('',#1194,#1196,#1014,.T.);
#786=EDGE_CURVE('',#1196,#1197,#1015,.T.);
#787=EDGE_CURVE('',#1195,#1197,#1016,.T.);
#788=EDGE_CURVE('',#1196,#1182,#983,.T.);
#789=EDGE_CURVE('',#1197,#1185,#984,.T.);
#790=EDGE_CURVE('',#1198,#1199,#1017,.T.);
#791=EDGE_CURVE('',#1199,#1200,#1018,.T.);
#792=EDGE_CURVE('',#1200,#1201,#1019,.T.);
#793=EDGE_CURVE('',#1201,#1198,#1020,.T.);
#794=EDGE_CURVE('',#1199,#1202,#985,.T.);
#795=EDGE_CURVE('',#1202,#1203,#986,.T.);
#796=EDGE_CURVE('',#1203,#1200,#987,.T.);
#797=EDGE_CURVE('',#1202,#1204,#1021,.T.);
#798=EDGE_CURVE('',#1204,#1205,#1022,.T.);
#799=EDGE_CURVE('',#1205,#1203,#1023,.T.);
#800=EDGE_CURVE('',#1204,#1206,#988,.T.);
#801=EDGE_CURVE('',#1206,#1207,#989,.T.);
#802=EDGE_CURVE('',#1207,#1205,#990,.T.);
#803=EDGE_CURVE('',#1206,#1208,#1024,.T.);
#804=EDGE_CURVE('',#1208,#1209,#1025,.T.);
#805=EDGE_CURVE('',#1209,#1207,#1026,.T.);
#806=EDGE_CURVE('',#1208,#1210,#991,.T.);
#807=EDGE_CURVE('',#1210,#1211,#992,.T.);
#808=EDGE_CURVE('',#1211,#1209,#993,.T.);
#809=EDGE_CURVE('',#1210,#1212,#1027,.T.);
#810=EDGE_CURVE('',#1212,#1213,#1028,.T.);
#811=EDGE_CURVE('',#1213,#1211,#1029,.T.);
#812=EDGE_CURVE('',#1212,#1198,#994,.T.);
#813=EDGE_CURVE('',#1201,#1213,#995,.T.);
#814=EDGE_CURVE('',#1183,#1199,#1030,.T.);
#815=EDGE_CURVE('',#1198,#1182,#1031,.T.);
#816=EDGE_CURVE('',#1186,#1202,#996,.T.);
#817=EDGE_CURVE('',#1188,#1204,#1032,.T.);
#818=EDGE_CURVE('',#1190,#1206,#997,.T.);
#819=EDGE_CURVE('',#1194,#1210,#998,.T.);
#820=EDGE_CURVE('',#1208,#1192,#999,.T.);
#821=EDGE_CURVE('',#1196,#1212,#1033,.T.);
#822=EDGE_CURVE('',#1185,#1201,#1034,.T.);
#823=EDGE_CURVE('',#1200,#1184,#1035,.T.);
#824=EDGE_CURVE('',#1203,#1187,#1000,.T.);
#825=EDGE_CURVE('',#1205,#1189,#1036,.T.);
#826=EDGE_CURVE('',#1207,#1191,#1001,.T.);
#827=EDGE_CURVE('',#1193,#1209,#1002,.T.);
#828=EDGE_CURVE('',#1211,#1195,#1003,.T.);
#829=EDGE_CURVE('',#1213,#1197,#1037,.T.);
#830=EDGE_CURVE('',#1214,#1263,#1038,.T.);
#831=EDGE_CURVE('',#1215,#1264,#1039,.T.);
#832=EDGE_CURVE('',#1216,#1262,#1040,.T.);
#833=EDGE_CURVE('',#1217,#1265,#1041,.T.);
#834=EDGE_CURVE('',#1216,#1214,#1042,.T.);
#835=EDGE_CURVE('',#1215,#1217,#1043,.T.);
#836=EDGE_CURVE('',#1218,#1267,#1044,.T.);
#837=EDGE_CURVE('',#1219,#1268,#1045,.T.);
#838=EDGE_CURVE('',#1220,#1266,#1046,.T.);
#839=EDGE_CURVE('',#1221,#1269,#1047,.T.);
#840=EDGE_CURVE('',#1220,#1218,#1048,.T.);
#841=EDGE_CURVE('',#1219,#1221,#1049,.T.);
#842=EDGE_CURVE('',#1222,#1271,#1050,.T.);
#843=EDGE_CURVE('',#1223,#1272,#1051,.T.);
#844=EDGE_CURVE('',#1224,#1270,#1052,.T.);
#845=EDGE_CURVE('',#1225,#1273,#1053,.T.);
#846=EDGE_CURVE('',#1224,#1222,#1054,.T.);
#847=EDGE_CURVE('',#1223,#1225,#1055,.T.);
#848=EDGE_CURVE('',#1226,#1275,#1056,.T.);
#849=EDGE_CURVE('',#1227,#1276,#1057,.T.);
#850=EDGE_CURVE('',#1228,#1274,#1058,.T.);
#851=EDGE_CURVE('',#1229,#1277,#1059,.T.);
#852=EDGE_CURVE('',#1228,#1226,#1060,.T.);
#853=EDGE_CURVE('',#1227,#1229,#1061,.T.);
#854=EDGE_CURVE('',#1230,#1279,#1062,.T.);
#855=EDGE_CURVE('',#1231,#1280,#1063,.T.);
#856=EDGE_CURVE('',#1232,#1278,#1064,.T.);
#857=EDGE_CURVE('',#1233,#1281,#1065,.T.);
#858=EDGE_CURVE('',#1232,#1230,#1066,.T.);
#859=EDGE_CURVE('',#1231,#1233,#1067,.T.);
#860=EDGE_CURVE('',#1234,#1283,#1068,.T.);
#861=EDGE_CURVE('',#1235,#1284,#1069,.T.);
#862=EDGE_CURVE('',#1236,#1282,#1070,.T.);
#863=EDGE_CURVE('',#1237,#1285,#1071,.T.);
#864=EDGE_CURVE('',#1236,#1234,#1072,.T.);
#865=EDGE_CURVE('',#1235,#1237,#1073,.T.);
#866=EDGE_CURVE('',#1238,#1286,#1074,.T.);
#867=EDGE_CURVE('',#1239,#1287,#1075,.T.);
#868=EDGE_CURVE('',#1238,#1239,#1076,.T.);
#869=EDGE_CURVE('',#1240,#1288,#1077,.T.);
#870=EDGE_CURVE('',#1241,#1289,#1078,.T.);
#871=EDGE_CURVE('',#1240,#1241,#1079,.T.);
#872=EDGE_CURVE('',#1242,#1291,#1080,.T.);
#873=EDGE_CURVE('',#1243,#1290,#1081,.T.);
#874=EDGE_CURVE('',#1243,#1242,#1082,.T.);
#875=EDGE_CURVE('',#1244,#1293,#1083,.T.);
#876=EDGE_CURVE('',#1245,#1292,#1084,.T.);
#877=EDGE_CURVE('',#1245,#1244,#1085,.T.);
#878=EDGE_CURVE('',#1246,#1294,#1086,.T.);
#879=EDGE_CURVE('',#1247,#1295,#1087,.T.);
#880=EDGE_CURVE('',#1246,#1247,#1088,.T.);
#881=EDGE_CURVE('',#1248,#1296,#1089,.T.);
#882=EDGE_CURVE('',#1249,#1297,#1090,.T.);
#883=EDGE_CURVE('',#1248,#1249,#1091,.T.);
#884=EDGE_CURVE('',#1250,#1299,#1092,.T.);
#885=EDGE_CURVE('',#1251,#1298,#1093,.T.);
#886=EDGE_CURVE('',#1251,#1250,#1094,.T.);
#887=EDGE_CURVE('',#1252,#1301,#1095,.T.);
#888=EDGE_CURVE('',#1253,#1300,#1096,.T.);
#889=EDGE_CURVE('',#1253,#1252,#1097,.T.);
#890=EDGE_CURVE('',#1254,#1303,#1098,.T.);
#891=EDGE_CURVE('',#1255,#1302,#1099,.T.);
#892=EDGE_CURVE('',#1255,#1254,#1100,.T.);
#893=EDGE_CURVE('',#1256,#1305,#1101,.T.);
#894=EDGE_CURVE('',#1257,#1304,#1102,.T.);
#895=EDGE_CURVE('',#1257,#1256,#1103,.T.);
#896=EDGE_CURVE('',#1258,#1307,#1104,.T.);
#897=EDGE_CURVE('',#1259,#1306,#1105,.T.);
#898=EDGE_CURVE('',#1259,#1258,#1106,.T.);
#899=EDGE_CURVE('',#1260,#1309,#1107,.T.);
#900=EDGE_CURVE('',#1261,#1308,#1108,.T.);
#901=EDGE_CURVE('',#1261,#1260,#1109,.T.);
#902=EDGE_CURVE('',#1262,#1263,#1110,.T.);
#903=EDGE_CURVE('',#1263,#1214,#1111,.T.);
#904=EDGE_CURVE('',#1262,#1216,#1112,.T.);
#905=EDGE_CURVE('',#1264,#1265,#1113,.T.);
#906=EDGE_CURVE('',#1264,#1215,#1114,.T.);
#907=EDGE_CURVE('',#1265,#1217,#1115,.T.);
#908=EDGE_CURVE('',#1266,#1267,#1116,.T.);
#909=EDGE_CURVE('',#1267,#1218,#1117,.T.);
#910=EDGE_CURVE('',#1266,#1220,#1118,.T.);
#911=EDGE_CURVE('',#1268,#1269,#1119,.T.);
#912=EDGE_CURVE('',#1268,#1219,#1120,.T.);
#913=EDGE_CURVE('',#1269,#1221,#1121,.T.);
#914=EDGE_CURVE('',#1270,#1271,#1122,.T.);
#915=EDGE_CURVE('',#1271,#1222,#1123,.T.);
#916=EDGE_CURVE('',#1270,#1224,#1124,.T.);
#917=EDGE_CURVE('',#1272,#1273,#1125,.T.);
#918=EDGE_CURVE('',#1272,#1223,#1126,.T.);
#919=EDGE_CURVE('',#1273,#1225,#1127,.T.);
#920=EDGE_CURVE('',#1274,#1275,#1128,.T.);
#921=EDGE_CURVE('',#1275,#1226,#1129,.T.);
#922=EDGE_CURVE('',#1274,#1228,#1130,.T.);
#923=EDGE_CURVE('',#1276,#1277,#1131,.T.);
#924=EDGE_CURVE('',#1276,#1227,#1132,.T.);
#925=EDGE_CURVE('',#1277,#1229,#1133,.T.);
#926=EDGE_CURVE('',#1278,#1279,#1134,.T.);
#927=EDGE_CURVE('',#1279,#1230,#1135,.T.);
#928=EDGE_CURVE('',#1278,#1232,#1136,.T.);
#929=EDGE_CURVE('',#1280,#1281,#1137,.T.);
#930=EDGE_CURVE('',#1280,#1231,#1138,.T.);
#931=EDGE_CURVE('',#1281,#1233,#1139,.T.);
#932=EDGE_CURVE('',#1282,#1283,#1140,.T.);
#933=EDGE_CURVE('',#1283,#1234,#1141,.T.);
#934=EDGE_CURVE('',#1282,#1236,#1142,.T.);
#935=EDGE_CURVE('',#1284,#1285,#1143,.T.);
#936=EDGE_CURVE('',#1284,#1235,#1144,.T.);
#937=EDGE_CURVE('',#1285,#1237,#1145,.T.);
#938=EDGE_CURVE('',#1286,#1287,#1146,.T.);
#939=EDGE_CURVE('',#1286,#1238,#1147,.T.);
#940=EDGE_CURVE('',#1287,#1239,#1148,.T.);
#941=EDGE_CURVE('',#1288,#1289,#1149,.T.);
#942=EDGE_CURVE('',#1288,#1240,#1150,.T.);
#943=EDGE_CURVE('',#1289,#1241,#1151,.T.);
#944=EDGE_CURVE('',#1290,#1291,#1152,.T.);
#945=EDGE_CURVE('',#1291,#1242,#1153,.T.);
#946=EDGE_CURVE('',#1290,#1243,#1154,.T.);
#947=EDGE_CURVE('',#1292,#1293,#1155,.T.);
#948=EDGE_CURVE('',#1293,#1244,#1156,.T.);
#949=EDGE_CURVE('',#1292,#1245,#1157,.T.);
#950=EDGE_CURVE('',#1294,#1295,#1158,.T.);
#951=EDGE_CURVE('',#1294,#1246,#1159,.T.);
#952=EDGE_CURVE('',#1295,#1247,#1160,.T.);
#953=EDGE_CURVE('',#1296,#1297,#1161,.T.);
#954=EDGE_CURVE('',#1296,#1248,#1162,.T.);
#955=EDGE_CURVE('',#1297,#1249,#1163,.T.);
#956=EDGE_CURVE('',#1298,#1299,#1164,.T.);
#957=EDGE_CURVE('',#1299,#1250,#1165,.T.);
#958=EDGE_CURVE('',#1298,#1251,#1166,.T.);
#959=EDGE_CURVE('',#1300,#1301,#1167,.T.);
#960=EDGE_CURVE('',#1301,#1252,#1168,.T.);
#961=EDGE_CURVE('',#1300,#1253,#1169,.T.);
#962=EDGE_CURVE('',#1302,#1303,#1170,.T.);
#963=EDGE_CURVE('',#1303,#1254,#1171,.T.);
#964=EDGE_CURVE('',#1302,#1255,#1172,.T.);
#965=EDGE_CURVE('',#1304,#1305,#1173,.T.);
#966=EDGE_CURVE('',#1305,#1256,#1174,.T.);
#967=EDGE_CURVE('',#1304,#1257,#1175,.T.);
#968=EDGE_CURVE('',#1306,#1307,#1176,.T.);
#969=EDGE_CURVE('',#1307,#1258,#1177,.T.);
#970=EDGE_CURVE('',#1306,#1259,#1178,.T.);
#971=EDGE_CURVE('',#1308,#1309,#1179,.T.);
#972=EDGE_CURVE('',#1309,#1260,#1180,.T.);
#973=EDGE_CURVE('',#1308,#1261,#1181,.T.);
#974=B_SPLINE_CURVE_WITH_KNOTS('',1,(#1865,#1866),.UNSPECIFIED.,.F.,.F.,
(2,2),(7.92809724509617,10.1780972450962),.UNSPECIFIED.);
#975=B_SPLINE_CURVE_WITH_KNOTS('',1,(#1867,#1868),.UNSPECIFIED.,.F.,.F.,
(2,2),(0.,26.4472910173963),.UNSPECIFIED.);
#976=B_SPLINE_CURVE_WITH_KNOTS('',1,(#1869,#1870),.UNSPECIFIED.,.F.,.F.,
(2,2),(7.92809724509617,10.1780972450962),.UNSPECIFIED.);
#977=B_SPLINE_CURVE_WITH_KNOTS('',1,(#1879,#1880),.UNSPECIFIED.,.F.,.F.,
(2,2),(10.3744467859455,11.1244467859455),.UNSPECIFIED.);
#978=B_SPLINE_CURVE_WITH_KNOTS('',1,(#1881,#1882),.UNSPECIFIED.,.F.,.F.,
(2,2),(0.,26.4472910173963),.UNSPECIFIED.);
#979=B_SPLINE_CURVE_WITH_KNOTS('',1,(#1883,#1884),.UNSPECIFIED.,.F.,.F.,
(2,2),(10.3744467859455,11.1244467859455),.UNSPECIFIED.);
#980=B_SPLINE_CURVE_WITH_KNOTS('',1,(#1893,#1894),.UNSPECIFIED.,.F.,.F.,
(2,2),(11.3207963267949,13.5707963267949),.UNSPECIFIED.);
#981=B_SPLINE_CURVE_WITH_KNOTS('',1,(#1895,#1896),.UNSPECIFIED.,.F.,.F.,
(2,2),(0.,26.4472910173963),.UNSPECIFIED.);
#982=B_SPLINE_CURVE_WITH_KNOTS('',1,(#1897,#1898),.UNSPECIFIED.,.F.,.F.,
(2,2),(11.3207963267949,13.5707963267949),.UNSPECIFIED.);
#983=B_SPLINE_CURVE_WITH_KNOTS('',1,(#1907,#1908),.UNSPECIFIED.,.F.,.F.,
(2,2),(13.7671458676443,14.5171458676443),.UNSPECIFIED.);
#984=B_SPLINE_CURVE_WITH_KNOTS('',1,(#1909,#1910),.UNSPECIFIED.,.F.,.F.,
(2,2),(13.7671458676443,14.5171458676443),.UNSPECIFIED.);
#985=B_SPLINE_CURVE_WITH_KNOTS('',1,(#1921,#1922),.UNSPECIFIED.,.F.,.F.,
(2,2),(7.92809724509617,10.1780972450962),.UNSPECIFIED.);
#986=B_SPLINE_CURVE_WITH_KNOTS('',1,(#1923,#1924),.UNSPECIFIED.,.F.,.F.,
(2,2),(0.,26.4472910173963),.UNSPECIFIED.);
#987=B_SPLINE_CURVE_WITH_KNOTS('',1,(#1925,#1926),.UNSPECIFIED.,.F.,.F.,
(2,2),(-10.1780972450962,-7.92809724509617),.UNSPECIFIED.);
#988=B_SPLINE_CURVE_WITH_KNOTS('',1,(#1935,#1936),.UNSPECIFIED.,.F.,.F.,
(2,2),(10.3744467859455,11.1244467859455),.UNSPECIFIED.);
#989=B_SPLINE_CURVE_WITH_KNOTS('',1,(#1937,#1938),.UNSPECIFIED.,.F.,.F.,
(2,2),(0.,26.4472910173963),.UNSPECIFIED.);
#990=B_SPLINE_CURVE_WITH_KNOTS('',1,(#1939,#1940),.UNSPECIFIED.,.F.,.F.,
(2,2),(-11.1244467859455,-10.3744467859455),.UNSPECIFIED.);
#991=B_SPLINE_CURVE_WITH_KNOTS('',1,(#1949,#1950),.UNSPECIFIED.,.F.,.F.,
(2,2),(11.3207963267949,13.5707963267949),.UNSPECIFIED.);
#992=B_SPLINE_CURVE_WITH_KNOTS('',1,(#1951,#1952),.UNSPECIFIED.,.F.,.F.,
(2,2),(0.,26.4472910173963),.UNSPECIFIED.);
#993=B_SPLINE_CURVE_WITH_KNOTS('',1,(#1953,#1954),.UNSPECIFIED.,.F.,.F.,
(2,2),(-13.5707963267949,-11.3207963267949),.UNSPECIFIED.);
#994=B_SPLINE_CURVE_WITH_KNOTS('',1,(#1963,#1964),.UNSPECIFIED.,.F.,.F.,
(2,2),(13.7671458676443,14.5171458676443),.UNSPECIFIED.);
#995=B_SPLINE_CURVE_WITH_KNOTS('',1,(#1965,#1966),.UNSPECIFIED.,.F.,.F.,
(2,2),(-14.5171458676443,-13.7671458676443),.UNSPECIFIED.);
#996=B_SPLINE_CURVE_WITH_KNOTS('',1,(#1971,#1972),.UNSPECIFIED.,.F.,.F.,
(2,2),(0.,1.),.UNSPECIFIED.);
#997=B_SPLINE_CURVE_WITH_KNOTS('',1,(#1975,#1976),.UNSPECIFIED.,.F.,.F.,
(2,2),(0.,1.),.UNSPECIFIED.);
#998=B_SPLINE_CURVE_WITH_KNOTS('',1,(#1977,#1978),.UNSPECIFIED.,.F.,.F.,
(2,2),(0.,1.),.UNSPECIFIED.);
#999=B_SPLINE_CURVE_WITH_KNOTS('',1,(#1979,#1980),.UNSPECIFIED.,.F.,.F.,
(2,2),(-1.,0.),.UNSPECIFIED.);
#1000=B_SPLINE_CURVE_WITH_KNOTS('',1,(#1987,#1988),.UNSPECIFIED.,.F.,.F.,
(2,2),(-1.,0.),.UNSPECIFIED.);
#1001=B_SPLINE_CURVE_WITH_KNOTS('',1,(#1991,#1992),.UNSPECIFIED.,.F.,.F.,
(2,2),(-1.,0.),.UNSPECIFIED.);
#1002=B_SPLINE_CURVE_WITH_KNOTS('',1,(#1993,#1994),.UNSPECIFIED.,.F.,.F.,
(2,2),(0.,1.),.UNSPECIFIED.);
#1003=B_SPLINE_CURVE_WITH_KNOTS('',1,(#1995,#1996),.UNSPECIFIED.,.F.,.F.,
(2,2),(-1.,0.),.UNSPECIFIED.);
#1004=(
BOUNDED_CURVE()
B_SPLINE_CURVE(2,(#1855,#1856,#1857),.UNSPECIFIED.,.F.,.F.)
B_SPLINE_CURVE_WITH_KNOTS((3,3),(7.73174770424681,7.92809724509617),
 .UNSPECIFIED.)
CURVE()
GEOMETRIC_REPRESENTATION_ITEM()
RATIONAL_B_SPLINE_CURVE((1.,0.707106781186547,1.))
REPRESENTATION_ITEM('')
);
#1005=(
BOUNDED_CURVE()
B_SPLINE_CURVE(1,(#1858,#1859),.UNSPECIFIED.,.F.,.F.)
B_SPLINE_CURVE_WITH_KNOTS((2,2),(0.,26.4472910173963),.UNSPECIFIED.)
CURVE()
GEOMETRIC_REPRESENTATION_ITEM()
RATIONAL_B_SPLINE_CURVE((1.,1.))
REPRESENTATION_ITEM('')
);
#1006=(
BOUNDED_CURVE()
B_SPLINE_CURVE(2,(#1860,#1861,#1862),.UNSPECIFIED.,.F.,.F.)
B_SPLINE_CURVE_WITH_KNOTS((3,3),(7.73174770424681,7.92809724509617),
 .UNSPECIFIED.)
CURVE()
GEOMETRIC_REPRESENTATION_ITEM()
RATIONAL_B_SPLINE_CURVE((1.,0.707106781186547,1.))
REPRESENTATION_ITEM('')
);
#1007=(
BOUNDED_CURVE()
B_SPLINE_CURVE(1,(#1863,#1864),.UNSPECIFIED.,.F.,.F.)
B_SPLINE_CURVE_WITH_KNOTS((2,2),(0.,26.4472910173963),.UNSPECIFIED.)
CURVE()
GEOMETRIC_REPRESENTATION_ITEM()
RATIONAL_B_SPLINE_CURVE((1.,1.))
REPRESENTATION_ITEM('')
);
#1008=(
BOUNDED_CURVE()
B_SPLINE_CURVE(2,(#1871,#1872,#1873),.UNSPECIFIED.,.F.,.F.)
B_SPLINE_CURVE_WITH_KNOTS((3,3),(10.1780972450962,10.3744467859455),
 .UNSPECIFIED.)
CURVE()
GEOMETRIC_REPRESENTATION_ITEM()
RATIONAL_B_SPLINE_CURVE((1.,0.707106781186548,1.))
REPRESENTATION_ITEM('')
);
#1009=(
BOUNDED_CURVE()
B_SPLINE_CURVE(1,(#1874,#1875),.UNSPECIFIED.,.F.,.F.)
B_SPLINE_CURVE_WITH_KNOTS((2,2),(0.,26.4472910173963),.UNSPECIFIED.)
CURVE()
GEOMETRIC_REPRESENTATION_ITEM()
RATIONAL_B_SPLINE_CURVE((1.,1.))
REPRESENTATION_ITEM('')
);
#1010=(
BOUNDED_CURVE()
B_SPLINE_CURVE(2,(#1876,#1877,#1878),.UNSPECIFIED.,.F.,.F.)
B_SPLINE_CURVE_WITH_KNOTS((3,3),(10.1780972450962,10.3744467859455),
 .UNSPECIFIED.)
CURVE()
GEOMETRIC_REPRESENTATION_ITEM()
RATIONAL_B_SPLINE_CURVE((1.,0.707106781186548,1.))
REPRESENTATION_ITEM('')
);
#1011=(
BOUNDED_CURVE()
B_SPLINE_CURVE(2,(#1885,#1886,#1887),.UNSPECIFIED.,.F.,.F.)
B_SPLINE_CURVE_WITH_KNOTS((3,3),(11.1244467859455,11.3207963267949),
 .UNSPECIFIED.)
CURVE()
GEOMETRIC_REPRESENTATION_ITEM()
RATIONAL_B_SPLINE_CURVE((1.,0.707106781186547,1.))
REPRESENTATION_ITEM('')
);
#1012=(
BOUNDED_CURVE()
B_SPLINE_CURVE(1,(#1888,#1889),.UNSPECIFIED.,.F.,.F.)
B_SPLINE_CURVE_WITH_KNOTS((2,2),(0.,26.4472910173963),.UNSPECIFIED.)
CURVE()
GEOMETRIC_REPRESENTATION_ITEM()
RATIONAL_B_SPLINE_CURVE((1.,1.))
REPRESENTATION_ITEM('')
);
#1013=(
BOUNDED_CURVE()
B_SPLINE_CURVE(2,(#1890,#1891,#1892),.UNSPECIFIED.,.F.,.F.)
B_SPLINE_CURVE_WITH_KNOTS((3,3),(11.1244467859455,11.3207963267949),
 .UNSPECIFIED.)
CURVE()
GEOMETRIC_REPRESENTATION_ITEM()
RATIONAL_B_SPLINE_CURVE((1.,0.707106781186547,1.))
REPRESENTATION_ITEM('')
);
#1014=(
BOUNDED_CURVE()
B_SPLINE_CURVE(2,(#1899,#1900,#1901),.UNSPECIFIED.,.F.,.F.)
B_SPLINE_CURVE_WITH_KNOTS((3,3),(13.5707963267949,13.7671458676443),
 .UNSPECIFIED.)
CURVE()
GEOMETRIC_REPRESENTATION_ITEM()
RATIONAL_B_SPLINE_CURVE((1.,0.707106781186544,1.))
REPRESENTATION_ITEM('')
);
#1015=(
BOUNDED_CURVE()
B_SPLINE_CURVE(1,(#1902,#1903),.UNSPECIFIED.,.F.,.F.)
B_SPLINE_CURVE_WITH_KNOTS((2,2),(0.,26.4472910173963),.UNSPECIFIED.)
CURVE()
GEOMETRIC_REPRESENTATION_ITEM()
RATIONAL_B_SPLINE_CURVE((1.,1.))
REPRESENTATION_ITEM('')
);
#1016=(
BOUNDED_CURVE()
B_SPLINE_CURVE(2,(#1904,#1905,#1906),.UNSPECIFIED.,.F.,.F.)
B_SPLINE_CURVE_WITH_KNOTS((3,3),(13.5707963267949,13.7671458676443),
 .UNSPECIFIED.)
CURVE()
GEOMETRIC_REPRESENTATION_ITEM()
RATIONAL_B_SPLINE_CURVE((1.,0.707106781186544,1.))
REPRESENTATION_ITEM('')
);
#1017=(
BOUNDED_CURVE()
B_SPLINE_CURVE(2,(#1911,#1912,#1913),.UNSPECIFIED.,.F.,.F.)
B_SPLINE_CURVE_WITH_KNOTS((3,3),(7.73174770424681,7.92809724509617),
 .UNSPECIFIED.)
CURVE()
GEOMETRIC_REPRESENTATION_ITEM()
RATIONAL_B_SPLINE_CURVE((1.,0.707106781186548,1.))
REPRESENTATION_ITEM('')
);
#1018=(
BOUNDED_CURVE()
B_SPLINE_CURVE(1,(#1914,#1915),.UNSPECIFIED.,.F.,.F.)
B_SPLINE_CURVE_WITH_KNOTS((2,2),(0.,26.4472910173963),.UNSPECIFIED.)
CURVE()
GEOMETRIC_REPRESENTATION_ITEM()
RATIONAL_B_SPLINE_CURVE((1.,1.))
REPRESENTATION_ITEM('')
);
#1019=(
BOUNDED_CURVE()
B_SPLINE_CURVE(2,(#1916,#1917,#1918),.UNSPECIFIED.,.F.,.F.)
B_SPLINE_CURVE_WITH_KNOTS((3,3),(-7.92809724509617,-7.73174770424681),
 .UNSPECIFIED.)
CURVE()
GEOMETRIC_REPRESENTATION_ITEM()
RATIONAL_B_SPLINE_CURVE((1.,0.707106781186548,1.))
REPRESENTATION_ITEM('')
);
#1020=(
BOUNDED_CURVE()
B_SPLINE_CURVE(1,(#1919,#1920),.UNSPECIFIED.,.F.,.F.)
B_SPLINE_CURVE_WITH_KNOTS((2,2),(-26.4472910173963,0.),.UNSPECIFIED.)
CURVE()
GEOMETRIC_REPRESENTATION_ITEM()
RATIONAL_B_SPLINE_CURVE((1.,1.))
REPRESENTATION_ITEM('')
);
#1021=(
BOUNDED_CURVE()
B_SPLINE_CURVE(2,(#1927,#1928,#1929),.UNSPECIFIED.,.F.,.F.)
B_SPLINE_CURVE_WITH_KNOTS((3,3),(10.1780972450962,10.3744467859455),
 .UNSPECIFIED.)
CURVE()
GEOMETRIC_REPRESENTATION_ITEM()
RATIONAL_B_SPLINE_CURVE((1.,0.707106781186547,1.))
REPRESENTATION_ITEM('')
);
#1022=(
BOUNDED_CURVE()
B_SPLINE_CURVE(1,(#1930,#1931),.UNSPECIFIED.,.F.,.F.)
B_SPLINE_CURVE_WITH_KNOTS((2,2),(0.,26.4472910173963),.UNSPECIFIED.)
CURVE()
GEOMETRIC_REPRESENTATION_ITEM()
RATIONAL_B_SPLINE_CURVE((1.,1.))
REPRESENTATION_ITEM('')
);
#1023=(
BOUNDED_CURVE()
B_SPLINE_CURVE(2,(#1932,#1933,#1934),.UNSPECIFIED.,.F.,.F.)
B_SPLINE_CURVE_WITH_KNOTS((3,3),(-10.3744467859455,-10.1780972450962),
 .UNSPECIFIED.)
CURVE()
GEOMETRIC_REPRESENTATION_ITEM()
RATIONAL_B_SPLINE_CURVE((1.,0.707106781186547,1.))
REPRESENTATION_ITEM('')
);
#1024=(
BOUNDED_CURVE()
B_SPLINE_CURVE(2,(#1941,#1942,#1943),.UNSPECIFIED.,.F.,.F.)
B_SPLINE_CURVE_WITH_KNOTS((3,3),(11.1244467859455,11.3207963267949),
 .UNSPECIFIED.)
CURVE()
GEOMETRIC_REPRESENTATION_ITEM()
RATIONAL_B_SPLINE_CURVE((1.,0.707106781186547,1.))
REPRESENTATION_ITEM('')
);
#1025=(
BOUNDED_CURVE()
B_SPLINE_CURVE(1,(#1944,#1945),.UNSPECIFIED.,.F.,.F.)
B_SPLINE_CURVE_WITH_KNOTS((2,2),(0.,26.4472910173963),.UNSPECIFIED.)
CURVE()
GEOMETRIC_REPRESENTATION_ITEM()
RATIONAL_B_SPLINE_CURVE((1.,1.))
REPRESENTATION_ITEM('')
);
#1026=(
BOUNDED_CURVE()
B_SPLINE_CURVE(2,(#1946,#1947,#1948),.UNSPECIFIED.,.F.,.F.)
B_SPLINE_CURVE_WITH_KNOTS((3,3),(-11.3207963267949,-11.1244467859455),
 .UNSPECIFIED.)
CURVE()
GEOMETRIC_REPRESENTATION_ITEM()
RATIONAL_B_SPLINE_CURVE((1.,0.707106781186547,1.))
REPRESENTATION_ITEM('')
);
#1027=(
BOUNDED_CURVE()
B_SPLINE_CURVE(2,(#1955,#1956,#1957),.UNSPECIFIED.,.F.,.F.)
B_SPLINE_CURVE_WITH_KNOTS((3,3),(13.5707963267949,13.7671458676443),
 .UNSPECIFIED.)
CURVE()
GEOMETRIC_REPRESENTATION_ITEM()
RATIONAL_B_SPLINE_CURVE((1.,0.707106781186545,1.))
REPRESENTATION_ITEM('')
);
#1028=(
BOUNDED_CURVE()
B_SPLINE_CURVE(1,(#1958,#1959),.UNSPECIFIED.,.F.,.F.)
B_SPLINE_CURVE_WITH_KNOTS((2,2),(0.,26.4472910173963),.UNSPECIFIED.)
CURVE()
GEOMETRIC_REPRESENTATION_ITEM()
RATIONAL_B_SPLINE_CURVE((1.,1.))
REPRESENTATION_ITEM('')
);
#1029=(
BOUNDED_CURVE()
B_SPLINE_CURVE(2,(#1960,#1961,#1962),.UNSPECIFIED.,.F.,.F.)
B_SPLINE_CURVE_WITH_KNOTS((3,3),(-13.7671458676443,-13.5707963267949),
 .UNSPECIFIED.)
CURVE()
GEOMETRIC_REPRESENTATION_ITEM()
RATIONAL_B_SPLINE_CURVE((1.,0.707106781186545,1.))
REPRESENTATION_ITEM('')
);
#1030=(
BOUNDED_CURVE()
B_SPLINE_CURVE(1,(#1967,#1968),.UNSPECIFIED.,.F.,.F.)
B_SPLINE_CURVE_WITH_KNOTS((2,2),(0.,1.),.UNSPECIFIED.)
CURVE()
GEOMETRIC_REPRESENTATION_ITEM()
RATIONAL_B_SPLINE_CURVE((1.,1.))
REPRESENTATION_ITEM('')
);
#1031=(
BOUNDED_CURVE()
B_SPLINE_CURVE(1,(#1969,#1970),.UNSPECIFIED.,.F.,.F.)
B_SPLINE_CURVE_WITH_KNOTS((2,2),(-1.,0.),.UNSPECIFIED.)
CURVE()
GEOMETRIC_REPRESENTATION_ITEM()
RATIONAL_B_SPLINE_CURVE((1.,1.))
REPRESENTATION_ITEM('')
);
#1032=(
BOUNDED_CURVE()
B_SPLINE_CURVE(1,(#1973,#1974),.UNSPECIFIED.,.F.,.F.)
B_SPLINE_CURVE_WITH_KNOTS((2,2),(0.,1.),.UNSPECIFIED.)
CURVE()
GEOMETRIC_REPRESENTATION_ITEM()
RATIONAL_B_SPLINE_CURVE((1.,1.))
REPRESENTATION_ITEM('')
);
#1033=(
BOUNDED_CURVE()
B_SPLINE_CURVE(1,(#1981,#1982),.UNSPECIFIED.,.F.,.F.)
B_SPLINE_CURVE_WITH_KNOTS((2,2),(0.,1.),.UNSPECIFIED.)
CURVE()
GEOMETRIC_REPRESENTATION_ITEM()
RATIONAL_B_SPLINE_CURVE((1.,1.))
REPRESENTATION_ITEM('')
);
#1034=(
BOUNDED_CURVE()
B_SPLINE_CURVE(1,(#1983,#1984),.UNSPECIFIED.,.F.,.F.)
B_SPLINE_CURVE_WITH_KNOTS((2,2),(0.,1.),.UNSPECIFIED.)
CURVE()
GEOMETRIC_REPRESENTATION_ITEM()
RATIONAL_B_SPLINE_CURVE((1.,1.))
REPRESENTATION_ITEM('')
);
#1035=(
BOUNDED_CURVE()
B_SPLINE_CURVE(1,(#1985,#1986),.UNSPECIFIED.,.F.,.F.)
B_SPLINE_CURVE_WITH_KNOTS((2,2),(-1.,0.),.UNSPECIFIED.)
CURVE()
GEOMETRIC_REPRESENTATION_ITEM()
RATIONAL_B_SPLINE_CURVE((1.,1.))
REPRESENTATION_ITEM('')
);
#1036=(
BOUNDED_CURVE()
B_SPLINE_CURVE(1,(#1989,#1990),.UNSPECIFIED.,.F.,.F.)
B_SPLINE_CURVE_WITH_KNOTS((2,2),(-1.,0.),.UNSPECIFIED.)
CURVE()
GEOMETRIC_REPRESENTATION_ITEM()
RATIONAL_B_SPLINE_CURVE((1.,1.))
REPRESENTATION_ITEM('')
);
#1037=(
BOUNDED_CURVE()
B_SPLINE_CURVE(1,(#1997,#1998),.UNSPECIFIED.,.F.,.F.)
B_SPLINE_CURVE_WITH_KNOTS((2,2),(-1.,0.),.UNSPECIFIED.)
CURVE()
GEOMETRIC_REPRESENTATION_ITEM()
RATIONAL_B_SPLINE_CURVE((1.,1.))
REPRESENTATION_ITEM('')
);
#1038=(
BOUNDED_CURVE()
B_SPLINE_CURVE(2,(#1999,#2000,#2001,#2002,#2003),.UNSPECIFIED.,.F.,.F.)
B_SPLINE_CURVE_WITH_KNOTS((3,2,3),(-0.196349540849362,-0.147262155637022,
-0.098174770424681),.UNSPECIFIED.)
CURVE()
GEOMETRIC_REPRESENTATION_ITEM()
RATIONAL_B_SPLINE_CURVE((1.,0.707106781186548,1.,0.707106781186548,1.))
REPRESENTATION_ITEM('')
);
#1039=(
BOUNDED_CURVE()
B_SPLINE_CURVE(2,(#2004,#2005,#2006,#2007,#2008),.UNSPECIFIED.,.F.,.F.)
B_SPLINE_CURVE_WITH_KNOTS((3,2,3),(0.,0.0490873852123405,0.0981747704246811),
 .UNSPECIFIED.)
CURVE()
GEOMETRIC_REPRESENTATION_ITEM()
RATIONAL_B_SPLINE_CURVE((1.,0.707106781186548,1.,0.707106781186547,1.))
REPRESENTATION_ITEM('')
);
#1040=(
BOUNDED_CURVE()
B_SPLINE_CURVE(2,(#2009,#2010,#2011,#2012,#2013),.UNSPECIFIED.,.F.,.F.)
B_SPLINE_CURVE_WITH_KNOTS((3,2,3),(-0.196349540849362,-0.147262155637022,
-0.098174770424681),.UNSPECIFIED.)
CURVE()
GEOMETRIC_REPRESENTATION_ITEM()
RATIONAL_B_SPLINE_CURVE((1.,0.707106781186548,1.,0.707106781186548,1.))
REPRESENTATION_ITEM('')
);
#1041=(
BOUNDED_CURVE()
B_SPLINE_CURVE(2,(#2014,#2015,#2016,#2017,#2018),.UNSPECIFIED.,.F.,.F.)
B_SPLINE_CURVE_WITH_KNOTS((3,2,3),(0.,0.0490873852123405,0.098174770424681),
 .UNSPECIFIED.)
CURVE()
GEOMETRIC_REPRESENTATION_ITEM()
RATIONAL_B_SPLINE_CURVE((1.,0.707106781186548,1.,0.707106781186548,1.))
REPRESENTATION_ITEM('')
);
#1042=(
BOUNDED_CURVE()
B_SPLINE_CURVE(1,(#2019,#2020),.UNSPECIFIED.,.F.,.F.)
B_SPLINE_CURVE_WITH_KNOTS((2,2),(0.169400529129112,0.176881832781823),
 .UNSPECIFIED.)
CURVE()
GEOMETRIC_REPRESENTATION_ITEM()
RATIONAL_B_SPLINE_CURVE((1.,1.))
REPRESENTATION_ITEM('')
);
#1043=(
BOUNDED_CURVE()
B_SPLINE_CURVE(1,(#2021,#2022),.UNSPECIFIED.,.F.,.F.)
B_SPLINE_CURVE_WITH_KNOTS((2,2),(0.0867456441949414,0.094226947847653),
 .UNSPECIFIED.)
CURVE()
GEOMETRIC_REPRESENTATION_ITEM()
RATIONAL_B_SPLINE_CURVE((1.,1.))
REPRESENTATION_ITEM('')
);
#1044=(
BOUNDED_CURVE()
B_SPLINE_CURVE(2,(#2023,#2024,#2025,#2026,#2027),.UNSPECIFIED.,.F.,.F.)
B_SPLINE_CURVE_WITH_KNOTS((3,2,3),(-0.196349540849362,-0.147262155637022,
-0.098174770424681),.UNSPECIFIED.)
CURVE()
GEOMETRIC_REPRESENTATION_ITEM()
RATIONAL_B_SPLINE_CURVE((1.,0.707106781186548,1.,0.707106781186548,1.))
REPRESENTATION_ITEM('')
);
#1045=(
BOUNDED_CURVE()
B_SPLINE_CURVE(2,(#2028,#2029,#2030,#2031,#2032),.UNSPECIFIED.,.F.,.F.)
B_SPLINE_CURVE_WITH_KNOTS((3,2,3),(0.,0.0490873852123405,0.0981747704246811),
 .UNSPECIFIED.)
CURVE()
GEOMETRIC_REPRESENTATION_ITEM()
RATIONAL_B_SPLINE_CURVE((1.,0.707106781186548,1.,0.707106781186547,1.))
REPRESENTATION_ITEM('')
);
#1046=(
BOUNDED_CURVE()
B_SPLINE_CURVE(2,(#2033,#2034,#2035,#2036,#2037),.UNSPECIFIED.,.F.,.F.)
B_SPLINE_CURVE_WITH_KNOTS((3,2,3),(-0.196349540849362,-0.147262155637022,
-0.098174770424681),.UNSPECIFIED.)
CURVE()
GEOMETRIC_REPRESENTATION_ITEM()
RATIONAL_B_SPLINE_CURVE((1.,0.707106781186548,1.,0.707106781186548,1.))
REPRESENTATION_ITEM('')
);
#1047=(
BOUNDED_CURVE()
B_SPLINE_CURVE(2,(#2038,#2039,#2040,#2041,#2042),.UNSPECIFIED.,.F.,.F.)
B_SPLINE_CURVE_WITH_KNOTS((3,2,3),(0.,0.0490873852123405,0.098174770424681),
 .UNSPECIFIED.)
CURVE()
GEOMETRIC_REPRESENTATION_ITEM()
RATIONAL_B_SPLINE_CURVE((1.,0.707106781186548,1.,0.707106781186548,1.))
REPRESENTATION_ITEM('')
);
#1048=(
BOUNDED_CURVE()
B_SPLINE_CURVE(1,(#2043,#2044),.UNSPECIFIED.,.F.,.F.)
B_SPLINE_CURVE_WITH_KNOTS((2,2),(0.169400529129112,0.176881832781823),
 .UNSPECIFIED.)
CURVE()
GEOMETRIC_REPRESENTATION_ITEM()
RATIONAL_B_SPLINE_CURVE((1.,1.))
REPRESENTATION_ITEM('')
);
#1049=(
BOUNDED_CURVE()
B_SPLINE_CURVE(1,(#2045,#2046),.UNSPECIFIED.,.F.,.F.)
B_SPLINE_CURVE_WITH_KNOTS((2,2),(0.0867456441949414,0.094226947847653),
 .UNSPECIFIED.)
CURVE()
GEOMETRIC_REPRESENTATION_ITEM()
RATIONAL_B_SPLINE_CURVE((1.,1.))
REPRESENTATION_ITEM('')
);
#1050=(
BOUNDED_CURVE()
B_SPLINE_CURVE(2,(#2047,#2048,#2049,#2050,#2051),.UNSPECIFIED.,.F.,.F.)
B_SPLINE_CURVE_WITH_KNOTS((3,2,3),(-0.196349540849362,-0.147262155637022,
-0.098174770424681),.UNSPECIFIED.)
CURVE()
GEOMETRIC_REPRESENTATION_ITEM()
RATIONAL_B_SPLINE_CURVE((1.,0.707106781186548,1.,0.707106781186548,1.))
REPRESENTATION_ITEM('')
);
#1051=(
BOUNDED_CURVE()
B_SPLINE_CURVE(2,(#2052,#2053,#2054,#2055,#2056),.UNSPECIFIED.,.F.,.F.)
B_SPLINE_CURVE_WITH_KNOTS((3,2,3),(0.,0.0490873852123405,0.098174770424681),
 .UNSPECIFIED.)
CURVE()
GEOMETRIC_REPRESENTATION_ITEM()
RATIONAL_B_SPLINE_CURVE((1.,0.707106781186548,1.,0.707106781186548,1.))
REPRESENTATION_ITEM('')
);
#1052=(
BOUNDED_CURVE()
B_SPLINE_CURVE(2,(#2057,#2058,#2059,#2060,#2061),.UNSPECIFIED.,.F.,.F.)
B_SPLINE_CURVE_WITH_KNOTS((3,2,3),(-0.196349540849362,-0.147262155637022,
-0.0981747704246811),.UNSPECIFIED.)
CURVE()
GEOMETRIC_REPRESENTATION_ITEM()
RATIONAL_B_SPLINE_CURVE((1.,0.707106781186548,1.,0.707106781186548,1.))
REPRESENTATION_ITEM('')
);
#1053=(
BOUNDED_CURVE()
B_SPLINE_CURVE(2,(#2062,#2063,#2064,#2065,#2066),.UNSPECIFIED.,.F.,.F.)
B_SPLINE_CURVE_WITH_KNOTS((3,2,3),(0.,0.0490873852123405,0.098174770424681),
 .UNSPECIFIED.)
CURVE()
GEOMETRIC_REPRESENTATION_ITEM()
RATIONAL_B_SPLINE_CURVE((1.,0.707106781186548,1.,0.707106781186548,1.))
REPRESENTATION_ITEM('')
);
#1054=(
BOUNDED_CURVE()
B_SPLINE_CURVE(1,(#2067,#2068),.UNSPECIFIED.,.F.,.F.)
B_SPLINE_CURVE_WITH_KNOTS((2,2),(0.169400529131396,0.176881832784107),
 .UNSPECIFIED.)
CURVE()
GEOMETRIC_REPRESENTATION_ITEM()
RATIONAL_B_SPLINE_CURVE((1.,1.))
REPRESENTATION_ITEM('')
);
#1055=(
BOUNDED_CURVE()
B_SPLINE_CURVE(1,(#2069,#2070),.UNSPECIFIED.,.F.,.F.)
B_SPLINE_CURVE_WITH_KNOTS((2,2),(0.086745644197225,0.0942269478499374),
 .UNSPECIFIED.)
CURVE()
GEOMETRIC_REPRESENTATION_ITEM()
RATIONAL_B_SPLINE_CURVE((1.,1.))
REPRESENTATION_ITEM('')
);
#1056=(
BOUNDED_CURVE()
B_SPLINE_CURVE(2,(#2071,#2072,#2073,#2074,#2075),.UNSPECIFIED.,.F.,.F.)
B_SPLINE_CURVE_WITH_KNOTS((3,2,3),(-0.196349540849362,-0.147262155637022,
-0.098174770424681),.UNSPECIFIED.)
CURVE()
GEOMETRIC_REPRESENTATION_ITEM()
RATIONAL_B_SPLINE_CURVE((1.,0.707106781186548,1.,0.707106781186548,1.))
REPRESENTATION_ITEM('')
);
#1057=(
BOUNDED_CURVE()
B_SPLINE_CURVE(2,(#2076,#2077,#2078,#2079,#2080),.UNSPECIFIED.,.F.,.F.)
B_SPLINE_CURVE_WITH_KNOTS((3,2,3),(0.,0.0490873852123405,0.098174770424681),
 .UNSPECIFIED.)
CURVE()
GEOMETRIC_REPRESENTATION_ITEM()
RATIONAL_B_SPLINE_CURVE((1.,0.707106781186548,1.,0.707106781186548,1.))
REPRESENTATION_ITEM('')
);
#1058=(
BOUNDED_CURVE()
B_SPLINE_CURVE(2,(#2081,#2082,#2083,#2084,#2085),.UNSPECIFIED.,.F.,.F.)
B_SPLINE_CURVE_WITH_KNOTS((3,2,3),(-0.196349540849362,-0.147262155637022,
-0.098174770424681),.UNSPECIFIED.)
CURVE()
GEOMETRIC_REPRESENTATION_ITEM()
RATIONAL_B_SPLINE_CURVE((1.,0.707106781186548,1.,0.707106781186548,1.))
REPRESENTATION_ITEM('')
);
#1059=(
BOUNDED_CURVE()
B_SPLINE_CURVE(2,(#2086,#2087,#2088,#2089,#2090),.UNSPECIFIED.,.F.,.F.)
B_SPLINE_CURVE_WITH_KNOTS((3,2,3),(0.,0.0490873852123405,0.098174770424681),
 .UNSPECIFIED.)
CURVE()
GEOMETRIC_REPRESENTATION_ITEM()
RATIONAL_B_SPLINE_CURVE((1.,0.707106781186548,1.,0.707106781186548,1.))
REPRESENTATION_ITEM('')
);
#1060=(
BOUNDED_CURVE()
B_SPLINE_CURVE(1,(#2091,#2092),.UNSPECIFIED.,.F.,.F.)
B_SPLINE_CURVE_WITH_KNOTS((2,2),(0.169400529131397,0.176881832784107),
 .UNSPECIFIED.)
CURVE()
GEOMETRIC_REPRESENTATION_ITEM()
RATIONAL_B_SPLINE_CURVE((1.,1.))
REPRESENTATION_ITEM('')
);
#1061=(
BOUNDED_CURVE()
B_SPLINE_CURVE(1,(#2093,#2094),.UNSPECIFIED.,.F.,.F.)
B_SPLINE_CURVE_WITH_KNOTS((2,2),(0.086745644197225,0.0942269478499374),
 .UNSPECIFIED.)
CURVE()
GEOMETRIC_REPRESENTATION_ITEM()
RATIONAL_B_SPLINE_CURVE((1.,1.))
REPRESENTATION_ITEM('')
);
#1062=(
BOUNDED_CURVE()
B_SPLINE_CURVE(2,(#2095,#2096,#2097,#2098,#2099),.UNSPECIFIED.,.F.,.F.)
B_SPLINE_CURVE_WITH_KNOTS((3,2,3),(-0.196349540849362,-0.147262155637022,
-0.098174770424681),.UNSPECIFIED.)
CURVE()
GEOMETRIC_REPRESENTATION_ITEM()
RATIONAL_B_SPLINE_CURVE((1.,0.707106781186548,1.,0.707106781186548,1.))
REPRESENTATION_ITEM('')
);
#1063=(
BOUNDED_CURVE()
B_SPLINE_CURVE(2,(#2100,#2101,#2102,#2103,#2104),.UNSPECIFIED.,.F.,.F.)
B_SPLINE_CURVE_WITH_KNOTS((3,2,3),(0.,0.0490873852123405,0.098174770424681),
 .UNSPECIFIED.)
CURVE()
GEOMETRIC_REPRESENTATION_ITEM()
RATIONAL_B_SPLINE_CURVE((1.,0.707106781186548,1.,0.707106781186548,1.))
REPRESENTATION_ITEM('')
);
#1064=(
BOUNDED_CURVE()
B_SPLINE_CURVE(2,(#2105,#2106,#2107,#2108,#2109),.UNSPECIFIED.,.F.,.F.)
B_SPLINE_CURVE_WITH_KNOTS((3,2,3),(-0.196349540849362,-0.147262155637022,
-0.098174770424681),.UNSPECIFIED.)
CURVE()
GEOMETRIC_REPRESENTATION_ITEM()
RATIONAL_B_SPLINE_CURVE((1.,0.707106781186548,1.,0.707106781186548,1.))
REPRESENTATION_ITEM('')
);
#1065=(
BOUNDED_CURVE()
B_SPLINE_CURVE(2,(#2110,#2111,#2112,#2113,#2114),.UNSPECIFIED.,.F.,.F.)
B_SPLINE_CURVE_WITH_KNOTS((3,2,3),(0.,0.0490873852123405,0.098174770424681),
 .UNSPECIFIED.)
CURVE()
GEOMETRIC_REPRESENTATION_ITEM()
RATIONAL_B_SPLINE_CURVE((1.,0.707106781186548,1.,0.707106781186548,1.))
REPRESENTATION_ITEM('')
);
#1066=(
BOUNDED_CURVE()
B_SPLINE_CURVE(1,(#2115,#2116),.UNSPECIFIED.,.F.,.F.)
B_SPLINE_CURVE_WITH_KNOTS((2,2),(0.169400529133696,0.176881832786408),
 .UNSPECIFIED.)
CURVE()
GEOMETRIC_REPRESENTATION_ITEM()
RATIONAL_B_SPLINE_CURVE((1.,1.))
REPRESENTATION_ITEM('')
);
#1067=(
BOUNDED_CURVE()
B_SPLINE_CURVE(1,(#2117,#2118),.UNSPECIFIED.,.F.,.F.)
B_SPLINE_CURVE_WITH_KNOTS((2,2),(0.0867456441995248,0.0942269478522345),
 .UNSPECIFIED.)
CURVE()
GEOMETRIC_REPRESENTATION_ITEM()
RATIONAL_B_SPLINE_CURVE((1.,1.))
REPRESENTATION_ITEM('')
);
#1068=(
BOUNDED_CURVE()
B_SPLINE_CURVE(2,(#2119,#2120,#2121,#2122,#2123),.UNSPECIFIED.,.F.,.F.)
B_SPLINE_CURVE_WITH_KNOTS((3,2,3),(-0.196349540849362,-0.147262155637022,
-0.098174770424681),.UNSPECIFIED.)
CURVE()
GEOMETRIC_REPRESENTATION_ITEM()
RATIONAL_B_SPLINE_CURVE((1.,0.707106781186548,1.,0.707106781186548,1.))
REPRESENTATION_ITEM('')
);
#1069=(
BOUNDED_CURVE()
B_SPLINE_CURVE(2,(#2124,#2125,#2126,#2127,#2128),.UNSPECIFIED.,.F.,.F.)
B_SPLINE_CURVE_WITH_KNOTS((3,2,3),(0.,0.0490873852123405,0.098174770424681),
 .UNSPECIFIED.)
CURVE()
GEOMETRIC_REPRESENTATION_ITEM()
RATIONAL_B_SPLINE_CURVE((1.,0.707106781186548,1.,0.707106781186548,1.))
REPRESENTATION_ITEM('')
);
#1070=(
BOUNDED_CURVE()
B_SPLINE_CURVE(2,(#2129,#2130,#2131,#2132,#2133),.UNSPECIFIED.,.F.,.F.)
B_SPLINE_CURVE_WITH_KNOTS((3,2,3),(-0.196349540849362,-0.147262155637022,
-0.098174770424681),.UNSPECIFIED.)
CURVE()
GEOMETRIC_REPRESENTATION_ITEM()
RATIONAL_B_SPLINE_CURVE((1.,0.707106781186548,1.,0.707106781186548,1.))
REPRESENTATION_ITEM('')
);
#1071=(
BOUNDED_CURVE()
B_SPLINE_CURVE(2,(#2134,#2135,#2136,#2137,#2138),.UNSPECIFIED.,.F.,.F.)
B_SPLINE_CURVE_WITH_KNOTS((3,2,3),(0.,0.0490873852123405,0.098174770424681),
 .UNSPECIFIED.)
CURVE()
GEOMETRIC_REPRESENTATION_ITEM()
RATIONAL_B_SPLINE_CURVE((1.,0.707106781186548,1.,0.707106781186548,1.))
REPRESENTATION_ITEM('')
);
#1072=(
BOUNDED_CURVE()
B_SPLINE_CURVE(1,(#2139,#2140),.UNSPECIFIED.,.F.,.F.)
B_SPLINE_CURVE_WITH_KNOTS((2,2),(0.169400529133696,0.176881832786408),
 .UNSPECIFIED.)
CURVE()
GEOMETRIC_REPRESENTATION_ITEM()
RATIONAL_B_SPLINE_CURVE((1.,1.))
REPRESENTATION_ITEM('')
);
#1073=(
BOUNDED_CURVE()
B_SPLINE_CURVE(1,(#2141,#2142),.UNSPECIFIED.,.F.,.F.)
B_SPLINE_CURVE_WITH_KNOTS((2,2),(0.0867456441995248,0.0942269478522345),
 .UNSPECIFIED.)
CURVE()
GEOMETRIC_REPRESENTATION_ITEM()
RATIONAL_B_SPLINE_CURVE((1.,1.))
REPRESENTATION_ITEM('')
);
#1074=(
BOUNDED_CURVE()
B_SPLINE_CURVE(2,(#2143,#2144,#2145,#2146,#2147),.UNSPECIFIED.,.F.,.F.)
B_SPLINE_CURVE_WITH_KNOTS((3,2,3),(0.,0.245436926061703,0.490873852123405),
 .UNSPECIFIED.)
CURVE()
GEOMETRIC_REPRESENTATION_ITEM()
RATIONAL_B_SPLINE_CURVE((1.,0.707106781186548,1.,0.707106781186548,1.))
REPRESENTATION_ITEM('')
);
#1075=(
BOUNDED_CURVE()
B_SPLINE_CURVE(2,(#2148,#2149,#2150,#2151,#2152),.UNSPECIFIED.,.F.,.F.)
B_SPLINE_CURVE_WITH_KNOTS((3,2,3),(0.,0.245436926061703,0.490873852123405),
 .UNSPECIFIED.)
CURVE()
GEOMETRIC_REPRESENTATION_ITEM()
RATIONAL_B_SPLINE_CURVE((1.,0.707106781186548,1.,0.707106781186548,1.))
REPRESENTATION_ITEM('')
);
#1076=(
BOUNDED_CURVE()
B_SPLINE_CURVE(1,(#2153,#2154),.UNSPECIFIED.,.F.,.F.)
B_SPLINE_CURVE_WITH_KNOTS((2,2),(5.00000000087523,5.08300000087523),
 .UNSPECIFIED.)
CURVE()
GEOMETRIC_REPRESENTATION_ITEM()
RATIONAL_B_SPLINE_CURVE((1.,1.))
REPRESENTATION_ITEM('')
);
#1077=(
BOUNDED_CURVE()
B_SPLINE_CURVE(2,(#2155,#2156,#2157,#2158,#2159),.UNSPECIFIED.,.F.,.F.)
B_SPLINE_CURVE_WITH_KNOTS((3,2,3),(0.,0.245436926061703,0.490873852123405),
 .UNSPECIFIED.)
CURVE()
GEOMETRIC_REPRESENTATION_ITEM()
RATIONAL_B_SPLINE_CURVE((1.,0.707106781186548,1.,0.707106781186548,1.))
REPRESENTATION_ITEM('')
);
#1078=(
BOUNDED_CURVE()
B_SPLINE_CURVE(2,(#2160,#2161,#2162,#2163,#2164),.UNSPECIFIED.,.F.,.F.)
B_SPLINE_CURVE_WITH_KNOTS((3,2,3),(0.,0.245436926061703,0.490873852123405),
 .UNSPECIFIED.)
CURVE()
GEOMETRIC_REPRESENTATION_ITEM()
RATIONAL_B_SPLINE_CURVE((1.,0.707106781186548,1.,0.707106781186548,1.))
REPRESENTATION_ITEM('')
);
#1079=(
BOUNDED_CURVE()
B_SPLINE_CURVE(1,(#2165,#2166),.UNSPECIFIED.,.F.,.F.)
B_SPLINE_CURVE_WITH_KNOTS((2,2),(5.00000000087775,5.08300000087775),
 .UNSPECIFIED.)
CURVE()
GEOMETRIC_REPRESENTATION_ITEM()
RATIONAL_B_SPLINE_CURVE((1.,1.))
REPRESENTATION_ITEM('')
);
#1080=(
BOUNDED_CURVE()
B_SPLINE_CURVE(2,(#2167,#2168,#2169,#2170,#2171),.UNSPECIFIED.,.F.,.F.)
B_SPLINE_CURVE_WITH_KNOTS((3,2,3),(0.,0.117809724509617,0.235619449019234),
 .UNSPECIFIED.)
CURVE()
GEOMETRIC_REPRESENTATION_ITEM()
RATIONAL_B_SPLINE_CURVE((1.,0.707106781186548,1.,0.707106781186548,1.))
REPRESENTATION_ITEM('')
);
#1081=(
BOUNDED_CURVE()
B_SPLINE_CURVE(2,(#2172,#2173,#2174,#2175,#2176),.UNSPECIFIED.,.F.,.F.)
B_SPLINE_CURVE_WITH_KNOTS((3,2,3),(0.,0.117809724509617,0.235619449019234),
 .UNSPECIFIED.)
CURVE()
GEOMETRIC_REPRESENTATION_ITEM()
RATIONAL_B_SPLINE_CURVE((1.,0.707106781186548,1.,0.707106781186548,1.))
REPRESENTATION_ITEM('')
);
#1082=(
BOUNDED_CURVE()
B_SPLINE_CURVE(1,(#2177,#2178),.UNSPECIFIED.,.F.,.F.)
B_SPLINE_CURVE_WITH_KNOTS((2,2),(0.167000000873787,0.250000000873785),
 .UNSPECIFIED.)
CURVE()
GEOMETRIC_REPRESENTATION_ITEM()
RATIONAL_B_SPLINE_CURVE((1.,1.))
REPRESENTATION_ITEM('')
);
#1083=(
BOUNDED_CURVE()
B_SPLINE_CURVE(2,(#2179,#2180,#2181,#2182,#2183),.UNSPECIFIED.,.F.,.F.)
B_SPLINE_CURVE_WITH_KNOTS((3,2,3),(0.,0.117809724509617,0.235619449019234),
 .UNSPECIFIED.)
CURVE()
GEOMETRIC_REPRESENTATION_ITEM()
RATIONAL_B_SPLINE_CURVE((1.,0.707106781186548,1.,0.707106781186548,1.))
REPRESENTATION_ITEM('')
);
#1084=(
BOUNDED_CURVE()
B_SPLINE_CURVE(2,(#2184,#2185,#2186,#2187,#2188),.UNSPECIFIED.,.F.,.F.)
B_SPLINE_CURVE_WITH_KNOTS((3,2,3),(0.,0.117809724509617,0.235619449019234),
 .UNSPECIFIED.)
CURVE()
GEOMETRIC_REPRESENTATION_ITEM()
RATIONAL_B_SPLINE_CURVE((1.,0.707106781186548,1.,0.707106781186548,1.))
REPRESENTATION_ITEM('')
);
#1085=(
BOUNDED_CURVE()
B_SPLINE_CURVE(1,(#2189,#2190),.UNSPECIFIED.,.F.,.F.)
B_SPLINE_CURVE_WITH_KNOTS((2,2),(0.167000000876312,0.250000000876311),
 .UNSPECIFIED.)
CURVE()
GEOMETRIC_REPRESENTATION_ITEM()
RATIONAL_B_SPLINE_CURVE((1.,1.))
REPRESENTATION_ITEM('')
);
#1086=(
BOUNDED_CURVE()
B_SPLINE_CURVE(2,(#2191,#2192,#2193,#2194,#2195),.UNSPECIFIED.,.F.,.F.)
B_SPLINE_CURVE_WITH_KNOTS((3,2,3),(0.,0.245436926061703,0.490873852123405),
 .UNSPECIFIED.)
CURVE()
GEOMETRIC_REPRESENTATION_ITEM()
RATIONAL_B_SPLINE_CURVE((1.,0.707106781186548,1.,0.707106781186548,1.))
REPRESENTATION_ITEM('')
);
#1087=(
BOUNDED_CURVE()
B_SPLINE_CURVE(2,(#2196,#2197,#2198,#2199,#2200),.UNSPECIFIED.,.F.,.F.)
B_SPLINE_CURVE_WITH_KNOTS((3,2,3),(0.,0.245436926061703,0.490873852123405),
 .UNSPECIFIED.)
CURVE()
GEOMETRIC_REPRESENTATION_ITEM()
RATIONAL_B_SPLINE_CURVE((1.,0.707106781186548,1.,0.707106781186548,1.))
REPRESENTATION_ITEM('')
);
#1088=(
BOUNDED_CURVE()
B_SPLINE_CURVE(1,(#2201,#2202),.UNSPECIFIED.,.F.,.F.)
B_SPLINE_CURVE_WITH_KNOTS((2,2),(5.00000000093368,5.08300000093368),
 .UNSPECIFIED.)
CURVE()
GEOMETRIC_REPRESENTATION_ITEM()
RATIONAL_B_SPLINE_CURVE((1.,1.))
REPRESENTATION_ITEM('')
);
#1089=(
BOUNDED_CURVE()
B_SPLINE_CURVE(2,(#2203,#2204,#2205,#2206,#2207),.UNSPECIFIED.,.F.,.F.)
B_SPLINE_CURVE_WITH_KNOTS((3,2,3),(0.,0.245436926061703,0.490873852123405),
 .UNSPECIFIED.)
CURVE()
GEOMETRIC_REPRESENTATION_ITEM()
RATIONAL_B_SPLINE_CURVE((1.,0.707106781186548,1.,0.707106781186548,1.))
REPRESENTATION_ITEM('')
);
#1090=(
BOUNDED_CURVE()
B_SPLINE_CURVE(2,(#2208,#2209,#2210,#2211,#2212),.UNSPECIFIED.,.F.,.F.)
B_SPLINE_CURVE_WITH_KNOTS((3,2,3),(0.,0.245436926061703,0.490873852123405),
 .UNSPECIFIED.)
CURVE()
GEOMETRIC_REPRESENTATION_ITEM()
RATIONAL_B_SPLINE_CURVE((1.,0.707106781186548,1.,0.707106781186548,1.))
REPRESENTATION_ITEM('')
);
#1091=(
BOUNDED_CURVE()
B_SPLINE_CURVE(1,(#2213,#2214),.UNSPECIFIED.,.F.,.F.)
B_SPLINE_CURVE_WITH_KNOTS((2,2),(5.0000000009362,5.0830000009362),
 .UNSPECIFIED.)
CURVE()
GEOMETRIC_REPRESENTATION_ITEM()
RATIONAL_B_SPLINE_CURVE((1.,1.))
REPRESENTATION_ITEM('')
);
#1092=(
BOUNDED_CURVE()
B_SPLINE_CURVE(2,(#2215,#2216,#2217,#2218,#2219),.UNSPECIFIED.,.F.,.F.)
B_SPLINE_CURVE_WITH_KNOTS((3,2,3),(0.,0.117809724509617,0.235619449019234),
 .UNSPECIFIED.)
CURVE()
GEOMETRIC_REPRESENTATION_ITEM()
RATIONAL_B_SPLINE_CURVE((1.,0.707106781186548,1.,0.707106781186548,1.))
REPRESENTATION_ITEM('')
);
#1093=(
BOUNDED_CURVE()
B_SPLINE_CURVE(2,(#2220,#2221,#2222,#2223,#2224),.UNSPECIFIED.,.F.,.F.)
B_SPLINE_CURVE_WITH_KNOTS((3,2,3),(0.,0.117809724509617,0.235619449019234),
 .UNSPECIFIED.)
CURVE()
GEOMETRIC_REPRESENTATION_ITEM()
RATIONAL_B_SPLINE_CURVE((1.,0.707106781186548,1.,0.707106781186548,1.))
REPRESENTATION_ITEM('')
);
#1094=(
BOUNDED_CURVE()
B_SPLINE_CURVE(1,(#2225,#2226),.UNSPECIFIED.,.F.,.F.)
B_SPLINE_CURVE_WITH_KNOTS((2,2),(0.167000000937674,0.250000000937672),
 .UNSPECIFIED.)
CURVE()
GEOMETRIC_REPRESENTATION_ITEM()
RATIONAL_B_SPLINE_CURVE((1.,1.))
REPRESENTATION_ITEM('')
);
#1095=(
BOUNDED_CURVE()
B_SPLINE_CURVE(2,(#2227,#2228,#2229,#2230,#2231),.UNSPECIFIED.,.F.,.F.)
B_SPLINE_CURVE_WITH_KNOTS((3,2,3),(0.,0.117809724509617,0.235619449019234),
 .UNSPECIFIED.)
CURVE()
GEOMETRIC_REPRESENTATION_ITEM()
RATIONAL_B_SPLINE_CURVE((1.,0.707106781186548,1.,0.707106781186548,1.))
REPRESENTATION_ITEM('')
);
#1096=(
BOUNDED_CURVE()
B_SPLINE_CURVE(2,(#2232,#2233,#2234,#2235,#2236),.UNSPECIFIED.,.F.,.F.)
B_SPLINE_CURVE_WITH_KNOTS((3,2,3),(0.,0.117809724509617,0.235619449019234),
 .UNSPECIFIED.)
CURVE()
GEOMETRIC_REPRESENTATION_ITEM()
RATIONAL_B_SPLINE_CURVE((1.,0.707106781186548,1.,0.707106781186548,1.))
REPRESENTATION_ITEM('')
);
#1097=(
BOUNDED_CURVE()
B_SPLINE_CURVE(1,(#2237,#2238),.UNSPECIFIED.,.F.,.F.)
B_SPLINE_CURVE_WITH_KNOTS((2,2),(0.167000000935148,0.250000000935147),
 .UNSPECIFIED.)
CURVE()
GEOMETRIC_REPRESENTATION_ITEM()
RATIONAL_B_SPLINE_CURVE((1.,1.))
REPRESENTATION_ITEM('')
);
#1098=(
BOUNDED_CURVE()
B_SPLINE_CURVE(2,(#2239,#2240,#2241,#2242,#2243),.UNSPECIFIED.,.F.,.F.)
B_SPLINE_CURVE_WITH_KNOTS((3,2,3),(-1.96349540849362,-1.47262155637022,
-0.98174770424681),.UNSPECIFIED.)
CURVE()
GEOMETRIC_REPRESENTATION_ITEM()
RATIONAL_B_SPLINE_CURVE((1.,0.707106781186548,1.,0.707106781186548,1.))
REPRESENTATION_ITEM('')
);
#1099=(
BOUNDED_CURVE()
B_SPLINE_CURVE(2,(#2244,#2245,#2246,#2247,#2248),.UNSPECIFIED.,.F.,.F.)
B_SPLINE_CURVE_WITH_KNOTS((3,2,3),(-1.96349540849362,-1.47262155637022,
-0.98174770424681),.UNSPECIFIED.)
CURVE()
GEOMETRIC_REPRESENTATION_ITEM()
RATIONAL_B_SPLINE_CURVE((1.,0.707106781186548,1.,0.707106781186548,1.))
REPRESENTATION_ITEM('')
);
#1100=(
BOUNDED_CURVE()
B_SPLINE_CURVE(1,(#2249,#2250),.UNSPECIFIED.,.F.,.F.)
B_SPLINE_CURVE_WITH_KNOTS((2,2),(0.249999999994132,0.332999999994131),
 .UNSPECIFIED.)
CURVE()
GEOMETRIC_REPRESENTATION_ITEM()
RATIONAL_B_SPLINE_CURVE((1.,1.))
REPRESENTATION_ITEM('')
);
#1101=(
BOUNDED_CURVE()
B_SPLINE_CURVE(2,(#2251,#2252,#2253,#2254,#2255),.UNSPECIFIED.,.F.,.F.)
B_SPLINE_CURVE_WITH_KNOTS((3,2,3),(-1.96349540849362,-1.47262155637022,
-0.98174770424681),.UNSPECIFIED.)
CURVE()
GEOMETRIC_REPRESENTATION_ITEM()
RATIONAL_B_SPLINE_CURVE((1.,0.707106781186548,1.,0.707106781186548,1.))
REPRESENTATION_ITEM('')
);
#1102=(
BOUNDED_CURVE()
B_SPLINE_CURVE(2,(#2256,#2257,#2258,#2259,#2260),.UNSPECIFIED.,.F.,.F.)
B_SPLINE_CURVE_WITH_KNOTS((3,2,3),(-1.96349540849362,-1.47262155637022,
-0.98174770424681),.UNSPECIFIED.)
CURVE()
GEOMETRIC_REPRESENTATION_ITEM()
RATIONAL_B_SPLINE_CURVE((1.,0.707106781186548,1.,0.707106781186548,1.))
REPRESENTATION_ITEM('')
);
#1103=(
BOUNDED_CURVE()
B_SPLINE_CURVE(1,(#2261,#2262),.UNSPECIFIED.,.F.,.F.)
B_SPLINE_CURVE_WITH_KNOTS((2,2),(0.249999999996657,0.332999999996656),
 .UNSPECIFIED.)
CURVE()
GEOMETRIC_REPRESENTATION_ITEM()
RATIONAL_B_SPLINE_CURVE((1.,1.))
REPRESENTATION_ITEM('')
);
#1104=(
BOUNDED_CURVE()
B_SPLINE_CURVE(2,(#2263,#2264,#2265,#2266,#2267),.UNSPECIFIED.,.F.,.F.)
B_SPLINE_CURVE_WITH_KNOTS((3,2,3),(-1.96349540849362,-1.47262155637022,
-0.98174770424681),.UNSPECIFIED.)
CURVE()
GEOMETRIC_REPRESENTATION_ITEM()
RATIONAL_B_SPLINE_CURVE((1.,0.707106781186548,1.,0.707106781186548,1.))
REPRESENTATION_ITEM('')
);
#1105=(
BOUNDED_CURVE()
B_SPLINE_CURVE(2,(#2268,#2269,#2270,#2271,#2272),.UNSPECIFIED.,.F.,.F.)
B_SPLINE_CURVE_WITH_KNOTS((3,2,3),(-1.96349540849362,-1.47262155637022,
-0.98174770424681),.UNSPECIFIED.)
CURVE()
GEOMETRIC_REPRESENTATION_ITEM()
RATIONAL_B_SPLINE_CURVE((1.,0.707106781186548,1.,0.707106781186548,1.))
REPRESENTATION_ITEM('')
);
#1106=(
BOUNDED_CURVE()
B_SPLINE_CURVE(1,(#2273,#2274),.UNSPECIFIED.,.F.,.F.)
B_SPLINE_CURVE_WITH_KNOTS((2,2),(0.249999999939045,0.332999999939044),
 .UNSPECIFIED.)
CURVE()
GEOMETRIC_REPRESENTATION_ITEM()
RATIONAL_B_SPLINE_CURVE((1.,1.))
REPRESENTATION_ITEM('')
);
#1107=(
BOUNDED_CURVE()
B_SPLINE_CURVE(2,(#2275,#2276,#2277,#2278,#2279),.UNSPECIFIED.,.F.,.F.)
B_SPLINE_CURVE_WITH_KNOTS((3,2,3),(-1.96349540849362,-1.47262155637022,
-0.98174770424681),.UNSPECIFIED.)
CURVE()
GEOMETRIC_REPRESENTATION_ITEM()
RATIONAL_B_SPLINE_CURVE((1.,0.707106781186548,1.,0.707106781186548,1.))
REPRESENTATION_ITEM('')
);
#1108=(
BOUNDED_CURVE()
B_SPLINE_CURVE(2,(#2280,#2281,#2282,#2283,#2284),.UNSPECIFIED.,.F.,.F.)
B_SPLINE_CURVE_WITH_KNOTS((3,2,3),(-1.96349540849362,-1.47262155637022,
-0.98174770424681),.UNSPECIFIED.)
CURVE()
GEOMETRIC_REPRESENTATION_ITEM()
RATIONAL_B_SPLINE_CURVE((1.,0.707106781186548,1.,0.707106781186548,1.))
REPRESENTATION_ITEM('')
);
#1109=(
BOUNDED_CURVE()
B_SPLINE_CURVE(1,(#2285,#2286),.UNSPECIFIED.,.F.,.F.)
B_SPLINE_CURVE_WITH_KNOTS((2,2),(0.249999999936521,0.33299999993652),
 .UNSPECIFIED.)
CURVE()
GEOMETRIC_REPRESENTATION_ITEM()
RATIONAL_B_SPLINE_CURVE((1.,1.))
REPRESENTATION_ITEM('')
);
#1110=(
BOUNDED_CURVE()
B_SPLINE_CURVE(1,(#2287,#2288),.UNSPECIFIED.,.F.,.F.)
B_SPLINE_CURVE_WITH_KNOTS((2,2),(0.169400529129111,0.176881832781822),
 .UNSPECIFIED.)
CURVE()
GEOMETRIC_REPRESENTATION_ITEM()
RATIONAL_B_SPLINE_CURVE((1.,1.))
REPRESENTATION_ITEM('')
);
#1111=(
BOUNDED_CURVE()
B_SPLINE_CURVE(2,(#2289,#2290,#2291,#2292,#2293),.UNSPECIFIED.,.F.,.F.)
B_SPLINE_CURVE_WITH_KNOTS((3,2,3),(-0.098174770424681,-0.0490873852123405,
0.),.UNSPECIFIED.)
CURVE()
GEOMETRIC_REPRESENTATION_ITEM()
RATIONAL_B_SPLINE_CURVE((1.,0.707106781186548,1.,0.707106781186548,1.))
REPRESENTATION_ITEM('')
);
#1112=(
BOUNDED_CURVE()
B_SPLINE_CURVE(2,(#2294,#2295,#2296,#2297,#2298),.UNSPECIFIED.,.F.,.F.)
B_SPLINE_CURVE_WITH_KNOTS((3,2,3),(-0.098174770424681,-0.0490873852123405,
0.),.UNSPECIFIED.)
CURVE()
GEOMETRIC_REPRESENTATION_ITEM()
RATIONAL_B_SPLINE_CURVE((1.,0.707106781186548,1.,0.707106781186548,1.))
REPRESENTATION_ITEM('')
);
#1113=(
BOUNDED_CURVE()
B_SPLINE_CURVE(1,(#2299,#2300),.UNSPECIFIED.,.F.,.F.)
B_SPLINE_CURVE_WITH_KNOTS((2,2),(0.0867456441949416,0.0942269478476524),
 .UNSPECIFIED.)
CURVE()
GEOMETRIC_REPRESENTATION_ITEM()
RATIONAL_B_SPLINE_CURVE((1.,1.))
REPRESENTATION_ITEM('')
);
#1114=(
BOUNDED_CURVE()
B_SPLINE_CURVE(2,(#2301,#2302,#2303,#2304,#2305),.UNSPECIFIED.,.F.,.F.)
B_SPLINE_CURVE_WITH_KNOTS((3,2,3),(0.0981747704246811,0.147262155637022,
0.196349540849362),.UNSPECIFIED.)
CURVE()
GEOMETRIC_REPRESENTATION_ITEM()
RATIONAL_B_SPLINE_CURVE((1.,0.707106781186548,1.,0.707106781186548,1.))
REPRESENTATION_ITEM('')
);
#1115=(
BOUNDED_CURVE()
B_SPLINE_CURVE(2,(#2306,#2307,#2308,#2309,#2310),.UNSPECIFIED.,.F.,.F.)
B_SPLINE_CURVE_WITH_KNOTS((3,2,3),(0.098174770424681,0.147262155637022,
0.196349540849362),.UNSPECIFIED.)
CURVE()
GEOMETRIC_REPRESENTATION_ITEM()
RATIONAL_B_SPLINE_CURVE((1.,0.707106781186548,1.,0.707106781186548,1.))
REPRESENTATION_ITEM('')
);
#1116=(
BOUNDED_CURVE()
B_SPLINE_CURVE(1,(#2311,#2312),.UNSPECIFIED.,.F.,.F.)
B_SPLINE_CURVE_WITH_KNOTS((2,2),(0.169400529129111,0.176881832781822),
 .UNSPECIFIED.)
CURVE()
GEOMETRIC_REPRESENTATION_ITEM()
RATIONAL_B_SPLINE_CURVE((1.,1.))
REPRESENTATION_ITEM('')
);
#1117=(
BOUNDED_CURVE()
B_SPLINE_CURVE(2,(#2313,#2314,#2315,#2316,#2317),.UNSPECIFIED.,.F.,.F.)
B_SPLINE_CURVE_WITH_KNOTS((3,2,3),(-0.098174770424681,-0.0490873852123405,
0.),.UNSPECIFIED.)
CURVE()
GEOMETRIC_REPRESENTATION_ITEM()
RATIONAL_B_SPLINE_CURVE((1.,0.707106781186548,1.,0.707106781186548,1.))
REPRESENTATION_ITEM('')
);
#1118=(
BOUNDED_CURVE()
B_SPLINE_CURVE(2,(#2318,#2319,#2320,#2321,#2322),.UNSPECIFIED.,.F.,.F.)
B_SPLINE_CURVE_WITH_KNOTS((3,2,3),(-0.098174770424681,-0.0490873852123405,
0.),.UNSPECIFIED.)
CURVE()
GEOMETRIC_REPRESENTATION_ITEM()
RATIONAL_B_SPLINE_CURVE((1.,0.707106781186548,1.,0.707106781186548,1.))
REPRESENTATION_ITEM('')
);
#1119=(
BOUNDED_CURVE()
B_SPLINE_CURVE(1,(#2323,#2324),.UNSPECIFIED.,.F.,.F.)
B_SPLINE_CURVE_WITH_KNOTS((2,2),(0.0867456441949416,0.0942269478476537),
 .UNSPECIFIED.)
CURVE()
GEOMETRIC_REPRESENTATION_ITEM()
RATIONAL_B_SPLINE_CURVE((1.,1.))
REPRESENTATION_ITEM('')
);
#1120=(
BOUNDED_CURVE()
B_SPLINE_CURVE(2,(#2325,#2326,#2327,#2328,#2329),.UNSPECIFIED.,.F.,.F.)
B_SPLINE_CURVE_WITH_KNOTS((3,2,3),(0.0981747704246811,0.147262155637022,
0.196349540849362),.UNSPECIFIED.)
CURVE()
GEOMETRIC_REPRESENTATION_ITEM()
RATIONAL_B_SPLINE_CURVE((1.,0.707106781186548,1.,0.707106781186548,1.))
REPRESENTATION_ITEM('')
);
#1121=(
BOUNDED_CURVE()
B_SPLINE_CURVE(2,(#2330,#2331,#2332,#2333,#2334),.UNSPECIFIED.,.F.,.F.)
B_SPLINE_CURVE_WITH_KNOTS((3,2,3),(0.098174770424681,0.147262155637022,
0.196349540849362),.UNSPECIFIED.)
CURVE()
GEOMETRIC_REPRESENTATION_ITEM()
RATIONAL_B_SPLINE_CURVE((1.,0.707106781186548,1.,0.707106781186548,1.))
REPRESENTATION_ITEM('')
);
#1122=(
BOUNDED_CURVE()
B_SPLINE_CURVE(1,(#2335,#2336),.UNSPECIFIED.,.F.,.F.)
B_SPLINE_CURVE_WITH_KNOTS((2,2),(0.169400529131397,0.176881832784108),
 .UNSPECIFIED.)
CURVE()
GEOMETRIC_REPRESENTATION_ITEM()
RATIONAL_B_SPLINE_CURVE((1.,1.))
REPRESENTATION_ITEM('')
);
#1123=(
BOUNDED_CURVE()
B_SPLINE_CURVE(2,(#2337,#2338,#2339,#2340,#2341),.UNSPECIFIED.,.F.,.F.)
B_SPLINE_CURVE_WITH_KNOTS((3,2,3),(-0.098174770424681,-0.0490873852123405,
0.),.UNSPECIFIED.)
CURVE()
GEOMETRIC_REPRESENTATION_ITEM()
RATIONAL_B_SPLINE_CURVE((1.,0.707106781186548,1.,0.707106781186548,1.))
REPRESENTATION_ITEM('')
);
#1124=(
BOUNDED_CURVE()
B_SPLINE_CURVE(2,(#2342,#2343,#2344,#2345,#2346),.UNSPECIFIED.,.F.,.F.)
B_SPLINE_CURVE_WITH_KNOTS((3,2,3),(-0.0981747704246811,-0.0490873852123405,
0.),.UNSPECIFIED.)
CURVE()
GEOMETRIC_REPRESENTATION_ITEM()
RATIONAL_B_SPLINE_CURVE((1.,0.707106781186547,1.,0.707106781186548,1.))
REPRESENTATION_ITEM('')
);
#1125=(
BOUNDED_CURVE()
B_SPLINE_CURVE(1,(#2347,#2348),.UNSPECIFIED.,.F.,.F.)
B_SPLINE_CURVE_WITH_KNOTS((2,2),(0.0867456441972254,0.0942269478499376),
 .UNSPECIFIED.)
CURVE()
GEOMETRIC_REPRESENTATION_ITEM()
RATIONAL_B_SPLINE_CURVE((1.,1.))
REPRESENTATION_ITEM('')
);
#1126=(
BOUNDED_CURVE()
B_SPLINE_CURVE(2,(#2349,#2350,#2351,#2352,#2353),.UNSPECIFIED.,.F.,.F.)
B_SPLINE_CURVE_WITH_KNOTS((3,2,3),(0.098174770424681,0.147262155637022,
0.196349540849362),.UNSPECIFIED.)
CURVE()
GEOMETRIC_REPRESENTATION_ITEM()
RATIONAL_B_SPLINE_CURVE((1.,0.707106781186548,1.,0.707106781186548,1.))
REPRESENTATION_ITEM('')
);
#1127=(
BOUNDED_CURVE()
B_SPLINE_CURVE(2,(#2354,#2355,#2356,#2357,#2358),.UNSPECIFIED.,.F.,.F.)
B_SPLINE_CURVE_WITH_KNOTS((3,2,3),(0.098174770424681,0.147262155637022,
0.196349540849362),.UNSPECIFIED.)
CURVE()
GEOMETRIC_REPRESENTATION_ITEM()
RATIONAL_B_SPLINE_CURVE((1.,0.707106781186548,1.,0.707106781186548,1.))
REPRESENTATION_ITEM('')
);
#1128=(
BOUNDED_CURVE()
B_SPLINE_CURVE(1,(#2359,#2360),.UNSPECIFIED.,.F.,.F.)
B_SPLINE_CURVE_WITH_KNOTS((2,2),(0.169400529131398,0.176881832784108),
 .UNSPECIFIED.)
CURVE()
GEOMETRIC_REPRESENTATION_ITEM()
RATIONAL_B_SPLINE_CURVE((1.,1.))
REPRESENTATION_ITEM('')
);
#1129=(
BOUNDED_CURVE()
B_SPLINE_CURVE(2,(#2361,#2362,#2363,#2364,#2365),.UNSPECIFIED.,.F.,.F.)
B_SPLINE_CURVE_WITH_KNOTS((3,2,3),(-0.098174770424681,-0.0490873852123405,
0.),.UNSPECIFIED.)
CURVE()
GEOMETRIC_REPRESENTATION_ITEM()
RATIONAL_B_SPLINE_CURVE((1.,0.707106781186548,1.,0.707106781186548,1.))
REPRESENTATION_ITEM('')
);
#1130=(
BOUNDED_CURVE()
B_SPLINE_CURVE(2,(#2366,#2367,#2368,#2369,#2370),.UNSPECIFIED.,.F.,.F.)
B_SPLINE_CURVE_WITH_KNOTS((3,2,3),(-0.098174770424681,-0.0490873852123405,
0.),.UNSPECIFIED.)
CURVE()
GEOMETRIC_REPRESENTATION_ITEM()
RATIONAL_B_SPLINE_CURVE((1.,0.707106781186548,1.,0.707106781186548,1.))
REPRESENTATION_ITEM('')
);
#1131=(
BOUNDED_CURVE()
B_SPLINE_CURVE(1,(#2371,#2372),.UNSPECIFIED.,.F.,.F.)
B_SPLINE_CURVE_WITH_KNOTS((2,2),(0.0867456441972254,0.0942269478499376),
 .UNSPECIFIED.)
CURVE()
GEOMETRIC_REPRESENTATION_ITEM()
RATIONAL_B_SPLINE_CURVE((1.,1.))
REPRESENTATION_ITEM('')
);
#1132=(
BOUNDED_CURVE()
B_SPLINE_CURVE(2,(#2373,#2374,#2375,#2376,#2377),.UNSPECIFIED.,.F.,.F.)
B_SPLINE_CURVE_WITH_KNOTS((3,2,3),(0.098174770424681,0.147262155637022,
0.196349540849362),.UNSPECIFIED.)
CURVE()
GEOMETRIC_REPRESENTATION_ITEM()
RATIONAL_B_SPLINE_CURVE((1.,0.707106781186548,1.,0.707106781186548,1.))
REPRESENTATION_ITEM('')
);
#1133=(
BOUNDED_CURVE()
B_SPLINE_CURVE(2,(#2378,#2379,#2380,#2381,#2382),.UNSPECIFIED.,.F.,.F.)
B_SPLINE_CURVE_WITH_KNOTS((3,2,3),(0.098174770424681,0.147262155637022,
0.196349540849362),.UNSPECIFIED.)
CURVE()
GEOMETRIC_REPRESENTATION_ITEM()
RATIONAL_B_SPLINE_CURVE((1.,0.707106781186548,1.,0.707106781186548,1.))
REPRESENTATION_ITEM('')
);
#1134=(
BOUNDED_CURVE()
B_SPLINE_CURVE(1,(#2383,#2384),.UNSPECIFIED.,.F.,.F.)
B_SPLINE_CURVE_WITH_KNOTS((2,2),(0.169400529133697,0.176881832786408),
 .UNSPECIFIED.)
CURVE()
GEOMETRIC_REPRESENTATION_ITEM()
RATIONAL_B_SPLINE_CURVE((1.,1.))
REPRESENTATION_ITEM('')
);
#1135=(
BOUNDED_CURVE()
B_SPLINE_CURVE(2,(#2385,#2386,#2387,#2388,#2389),.UNSPECIFIED.,.F.,.F.)
B_SPLINE_CURVE_WITH_KNOTS((3,2,3),(-0.098174770424681,-0.0490873852123405,
0.),.UNSPECIFIED.)
CURVE()
GEOMETRIC_REPRESENTATION_ITEM()
RATIONAL_B_SPLINE_CURVE((1.,0.707106781186548,1.,0.707106781186548,1.))
REPRESENTATION_ITEM('')
);
#1136=(
BOUNDED_CURVE()
B_SPLINE_CURVE(2,(#2390,#2391,#2392,#2393,#2394),.UNSPECIFIED.,.F.,.F.)
B_SPLINE_CURVE_WITH_KNOTS((3,2,3),(-0.098174770424681,-0.0490873852123405,
0.),.UNSPECIFIED.)
CURVE()
GEOMETRIC_REPRESENTATION_ITEM()
RATIONAL_B_SPLINE_CURVE((1.,0.707106781186548,1.,0.707106781186548,1.))
REPRESENTATION_ITEM('')
);
#1137=(
BOUNDED_CURVE()
B_SPLINE_CURVE(1,(#2395,#2396),.UNSPECIFIED.,.F.,.F.)
B_SPLINE_CURVE_WITH_KNOTS((2,2),(0.0867456441995247,0.0942269478522342),
 .UNSPECIFIED.)
CURVE()
GEOMETRIC_REPRESENTATION_ITEM()
RATIONAL_B_SPLINE_CURVE((1.,1.))
REPRESENTATION_ITEM('')
);
#1138=(
BOUNDED_CURVE()
B_SPLINE_CURVE(2,(#2397,#2398,#2399,#2400,#2401),.UNSPECIFIED.,.F.,.F.)
B_SPLINE_CURVE_WITH_KNOTS((3,2,3),(0.098174770424681,0.147262155637022,
0.196349540849362),.UNSPECIFIED.)
CURVE()
GEOMETRIC_REPRESENTATION_ITEM()
RATIONAL_B_SPLINE_CURVE((1.,0.707106781186548,1.,0.707106781186548,1.))
REPRESENTATION_ITEM('')
);
#1139=(
BOUNDED_CURVE()
B_SPLINE_CURVE(2,(#2402,#2403,#2404,#2405,#2406),.UNSPECIFIED.,.F.,.F.)
B_SPLINE_CURVE_WITH_KNOTS((3,2,3),(0.098174770424681,0.147262155637022,
0.196349540849362),.UNSPECIFIED.)
CURVE()
GEOMETRIC_REPRESENTATION_ITEM()
RATIONAL_B_SPLINE_CURVE((1.,0.707106781186547,1.,0.707106781186548,1.))
REPRESENTATION_ITEM('')
);
#1140=(
BOUNDED_CURVE()
B_SPLINE_CURVE(1,(#2407,#2408),.UNSPECIFIED.,.F.,.F.)
B_SPLINE_CURVE_WITH_KNOTS((2,2),(0.169400529133697,0.176881832786408),
 .UNSPECIFIED.)
CURVE()
GEOMETRIC_REPRESENTATION_ITEM()
RATIONAL_B_SPLINE_CURVE((1.,1.))
REPRESENTATION_ITEM('')
);
#1141=(
BOUNDED_CURVE()
B_SPLINE_CURVE(2,(#2409,#2410,#2411,#2412,#2413),.UNSPECIFIED.,.F.,.F.)
B_SPLINE_CURVE_WITH_KNOTS((3,2,3),(-0.098174770424681,-0.0490873852123405,
0.),.UNSPECIFIED.)
CURVE()
GEOMETRIC_REPRESENTATION_ITEM()
RATIONAL_B_SPLINE_CURVE((1.,0.707106781186548,1.,0.707106781186548,1.))
REPRESENTATION_ITEM('')
);
#1142=(
BOUNDED_CURVE()
B_SPLINE_CURVE(2,(#2414,#2415,#2416,#2417,#2418),.UNSPECIFIED.,.F.,.F.)
B_SPLINE_CURVE_WITH_KNOTS((3,2,3),(-0.098174770424681,-0.0490873852123405,
0.),.UNSPECIFIED.)
CURVE()
GEOMETRIC_REPRESENTATION_ITEM()
RATIONAL_B_SPLINE_CURVE((1.,0.707106781186548,1.,0.707106781186548,1.))
REPRESENTATION_ITEM('')
);
#1143=(
BOUNDED_CURVE()
B_SPLINE_CURVE(1,(#2419,#2420),.UNSPECIFIED.,.F.,.F.)
B_SPLINE_CURVE_WITH_KNOTS((2,2),(0.0867456441995247,0.0942269478522342),
 .UNSPECIFIED.)
CURVE()
GEOMETRIC_REPRESENTATION_ITEM()
RATIONAL_B_SPLINE_CURVE((1.,1.))
REPRESENTATION_ITEM('')
);
#1144=(
BOUNDED_CURVE()
B_SPLINE_CURVE(2,(#2421,#2422,#2423,#2424,#2425),.UNSPECIFIED.,.F.,.F.)
B_SPLINE_CURVE_WITH_KNOTS((3,2,3),(0.098174770424681,0.147262155637022,
0.196349540849362),.UNSPECIFIED.)
CURVE()
GEOMETRIC_REPRESENTATION_ITEM()
RATIONAL_B_SPLINE_CURVE((1.,0.707106781186548,1.,0.707106781186548,1.))
REPRESENTATION_ITEM('')
);
#1145=(
BOUNDED_CURVE()
B_SPLINE_CURVE(2,(#2426,#2427,#2428,#2429,#2430),.UNSPECIFIED.,.F.,.F.)
B_SPLINE_CURVE_WITH_KNOTS((3,2,3),(0.098174770424681,0.147262155637022,
0.196349540849362),.UNSPECIFIED.)
CURVE()
GEOMETRIC_REPRESENTATION_ITEM()
RATIONAL_B_SPLINE_CURVE((1.,0.707106781186548,1.,0.707106781186548,1.))
REPRESENTATION_ITEM('')
);
#1146=(
BOUNDED_CURVE()
B_SPLINE_CURVE(1,(#2431,#2432),.UNSPECIFIED.,.F.,.F.)
B_SPLINE_CURVE_WITH_KNOTS((2,2),(5.00000000087523,5.08300000087523),
 .UNSPECIFIED.)
CURVE()
GEOMETRIC_REPRESENTATION_ITEM()
RATIONAL_B_SPLINE_CURVE((1.,1.))
REPRESENTATION_ITEM('')
);
#1147=(
BOUNDED_CURVE()
B_SPLINE_CURVE(2,(#2433,#2434,#2435,#2436,#2437),.UNSPECIFIED.,.F.,.F.)
B_SPLINE_CURVE_WITH_KNOTS((3,2,3),(0.490873852123405,0.736310778185108,
0.98174770424681),.UNSPECIFIED.)
CURVE()
GEOMETRIC_REPRESENTATION_ITEM()
RATIONAL_B_SPLINE_CURVE((1.,0.707106781186548,1.,0.707106781186548,1.))
REPRESENTATION_ITEM('')
);
#1148=(
BOUNDED_CURVE()
B_SPLINE_CURVE(2,(#2438,#2439,#2440,#2441,#2442),.UNSPECIFIED.,.F.,.F.)
B_SPLINE_CURVE_WITH_KNOTS((3,2,3),(0.490873852123405,0.736310778185108,
0.98174770424681),.UNSPECIFIED.)
CURVE()
GEOMETRIC_REPRESENTATION_ITEM()
RATIONAL_B_SPLINE_CURVE((1.,0.707106781186548,1.,0.707106781186548,1.))
REPRESENTATION_ITEM('')
);
#1149=(
BOUNDED_CURVE()
B_SPLINE_CURVE(1,(#2443,#2444),.UNSPECIFIED.,.F.,.F.)
B_SPLINE_CURVE_WITH_KNOTS((2,2),(5.00000000087775,5.08300000087775),
 .UNSPECIFIED.)
CURVE()
GEOMETRIC_REPRESENTATION_ITEM()
RATIONAL_B_SPLINE_CURVE((1.,1.))
REPRESENTATION_ITEM('')
);
#1150=(
BOUNDED_CURVE()
B_SPLINE_CURVE(2,(#2445,#2446,#2447,#2448,#2449),.UNSPECIFIED.,.F.,.F.)
B_SPLINE_CURVE_WITH_KNOTS((3,2,3),(0.490873852123405,0.736310778185108,
0.98174770424681),.UNSPECIFIED.)
CURVE()
GEOMETRIC_REPRESENTATION_ITEM()
RATIONAL_B_SPLINE_CURVE((1.,0.707106781186548,1.,0.707106781186548,1.))
REPRESENTATION_ITEM('')
);
#1151=(
BOUNDED_CURVE()
B_SPLINE_CURVE(2,(#2450,#2451,#2452,#2453,#2454),.UNSPECIFIED.,.F.,.F.)
B_SPLINE_CURVE_WITH_KNOTS((3,2,3),(0.490873852123405,0.736310778185108,
0.98174770424681),.UNSPECIFIED.)
CURVE()
GEOMETRIC_REPRESENTATION_ITEM()
RATIONAL_B_SPLINE_CURVE((1.,0.707106781186548,1.,0.707106781186548,1.))
REPRESENTATION_ITEM('')
);
#1152=(
BOUNDED_CURVE()
B_SPLINE_CURVE(1,(#2455,#2456),.UNSPECIFIED.,.F.,.F.)
B_SPLINE_CURVE_WITH_KNOTS((2,2),(0.167000000873788,0.250000000873786),
 .UNSPECIFIED.)
CURVE()
GEOMETRIC_REPRESENTATION_ITEM()
RATIONAL_B_SPLINE_CURVE((1.,1.))
REPRESENTATION_ITEM('')
);
#1153=(
BOUNDED_CURVE()
B_SPLINE_CURVE(2,(#2457,#2458,#2459,#2460,#2461),.UNSPECIFIED.,.F.,.F.)
B_SPLINE_CURVE_WITH_KNOTS((3,2,3),(0.235619449019234,0.353429173528852,
0.471238898038469),.UNSPECIFIED.)
CURVE()
GEOMETRIC_REPRESENTATION_ITEM()
RATIONAL_B_SPLINE_CURVE((1.,0.707106781186548,1.,0.707106781186548,1.))
REPRESENTATION_ITEM('')
);
#1154=(
BOUNDED_CURVE()
B_SPLINE_CURVE(2,(#2462,#2463,#2464,#2465,#2466),.UNSPECIFIED.,.F.,.F.)
B_SPLINE_CURVE_WITH_KNOTS((3,2,3),(0.235619449019234,0.353429173528852,
0.471238898038469),.UNSPECIFIED.)
CURVE()
GEOMETRIC_REPRESENTATION_ITEM()
RATIONAL_B_SPLINE_CURVE((1.,0.707106781186548,1.,0.707106781186548,1.))
REPRESENTATION_ITEM('')
);
#1155=(
BOUNDED_CURVE()
B_SPLINE_CURVE(1,(#2467,#2468),.UNSPECIFIED.,.F.,.F.)
B_SPLINE_CURVE_WITH_KNOTS((2,2),(0.167000000876312,0.250000000876312),
 .UNSPECIFIED.)
CURVE()
GEOMETRIC_REPRESENTATION_ITEM()
RATIONAL_B_SPLINE_CURVE((1.,1.))
REPRESENTATION_ITEM('')
);
#1156=(
BOUNDED_CURVE()
B_SPLINE_CURVE(2,(#2469,#2470,#2471,#2472,#2473),.UNSPECIFIED.,.F.,.F.)
B_SPLINE_CURVE_WITH_KNOTS((3,2,3),(0.235619449019234,0.353429173528852,
0.471238898038469),.UNSPECIFIED.)
CURVE()
GEOMETRIC_REPRESENTATION_ITEM()
RATIONAL_B_SPLINE_CURVE((1.,0.707106781186548,1.,0.707106781186548,1.))
REPRESENTATION_ITEM('')
);
#1157=(
BOUNDED_CURVE()
B_SPLINE_CURVE(2,(#2474,#2475,#2476,#2477,#2478),.UNSPECIFIED.,.F.,.F.)
B_SPLINE_CURVE_WITH_KNOTS((3,2,3),(0.235619449019234,0.353429173528852,
0.471238898038469),.UNSPECIFIED.)
CURVE()
GEOMETRIC_REPRESENTATION_ITEM()
RATIONAL_B_SPLINE_CURVE((1.,0.707106781186548,1.,0.707106781186548,1.))
REPRESENTATION_ITEM('')
);
#1158=(
BOUNDED_CURVE()
B_SPLINE_CURVE(1,(#2479,#2480),.UNSPECIFIED.,.F.,.F.)
B_SPLINE_CURVE_WITH_KNOTS((2,2),(5.00000000093368,5.08300000093368),
 .UNSPECIFIED.)
CURVE()
GEOMETRIC_REPRESENTATION_ITEM()
RATIONAL_B_SPLINE_CURVE((1.,1.))
REPRESENTATION_ITEM('')
);
#1159=(
BOUNDED_CURVE()
B_SPLINE_CURVE(2,(#2481,#2482,#2483,#2484,#2485),.UNSPECIFIED.,.F.,.F.)
B_SPLINE_CURVE_WITH_KNOTS((3,2,3),(0.490873852123405,0.736310778185108,
0.98174770424681),.UNSPECIFIED.)
CURVE()
GEOMETRIC_REPRESENTATION_ITEM()
RATIONAL_B_SPLINE_CURVE((1.,0.707106781186548,1.,0.707106781186548,1.))
REPRESENTATION_ITEM('')
);
#1160=(
BOUNDED_CURVE()
B_SPLINE_CURVE(2,(#2486,#2487,#2488,#2489,#2490),.UNSPECIFIED.,.F.,.F.)
B_SPLINE_CURVE_WITH_KNOTS((3,2,3),(0.490873852123405,0.736310778185108,
0.98174770424681),.UNSPECIFIED.)
CURVE()
GEOMETRIC_REPRESENTATION_ITEM()
RATIONAL_B_SPLINE_CURVE((1.,0.707106781186548,1.,0.707106781186548,1.))
REPRESENTATION_ITEM('')
);
#1161=(
BOUNDED_CURVE()
B_SPLINE_CURVE(1,(#2491,#2492),.UNSPECIFIED.,.F.,.F.)
B_SPLINE_CURVE_WITH_KNOTS((2,2),(5.0000000009362,5.0830000009362),
 .UNSPECIFIED.)
CURVE()
GEOMETRIC_REPRESENTATION_ITEM()
RATIONAL_B_SPLINE_CURVE((1.,1.))
REPRESENTATION_ITEM('')
);
#1162=(
BOUNDED_CURVE()
B_SPLINE_CURVE(2,(#2493,#2494,#2495,#2496,#2497),.UNSPECIFIED.,.F.,.F.)
B_SPLINE_CURVE_WITH_KNOTS((3,2,3),(0.490873852123405,0.736310778185108,
0.98174770424681),.UNSPECIFIED.)
CURVE()
GEOMETRIC_REPRESENTATION_ITEM()
RATIONAL_B_SPLINE_CURVE((1.,0.707106781186548,1.,0.707106781186548,1.))
REPRESENTATION_ITEM('')
);
#1163=(
BOUNDED_CURVE()
B_SPLINE_CURVE(2,(#2498,#2499,#2500,#2501,#2502),.UNSPECIFIED.,.F.,.F.)
B_SPLINE_CURVE_WITH_KNOTS((3,2,3),(0.490873852123405,0.736310778185108,
0.98174770424681),.UNSPECIFIED.)
CURVE()
GEOMETRIC_REPRESENTATION_ITEM()
RATIONAL_B_SPLINE_CURVE((1.,0.707106781186548,1.,0.707106781186548,1.))
REPRESENTATION_ITEM('')
);
#1164=(
BOUNDED_CURVE()
B_SPLINE_CURVE(1,(#2503,#2504),.UNSPECIFIED.,.F.,.F.)
B_SPLINE_CURVE_WITH_KNOTS((2,2),(0.167000000937674,0.250000000937673),
 .UNSPECIFIED.)
CURVE()
GEOMETRIC_REPRESENTATION_ITEM()
RATIONAL_B_SPLINE_CURVE((1.,1.))
REPRESENTATION_ITEM('')
);
#1165=(
BOUNDED_CURVE()
B_SPLINE_CURVE(2,(#2505,#2506,#2507,#2508,#2509),.UNSPECIFIED.,.F.,.F.)
B_SPLINE_CURVE_WITH_KNOTS((3,2,3),(0.235619449019234,0.353429173528852,
0.471238898038469),.UNSPECIFIED.)
CURVE()
GEOMETRIC_REPRESENTATION_ITEM()
RATIONAL_B_SPLINE_CURVE((1.,0.707106781186548,1.,0.707106781186548,1.))
REPRESENTATION_ITEM('')
);
#1166=(
BOUNDED_CURVE()
B_SPLINE_CURVE(2,(#2510,#2511,#2512,#2513,#2514),.UNSPECIFIED.,.F.,.F.)
B_SPLINE_CURVE_WITH_KNOTS((3,2,3),(0.235619449019234,0.353429173528852,
0.471238898038469),.UNSPECIFIED.)
CURVE()
GEOMETRIC_REPRESENTATION_ITEM()
RATIONAL_B_SPLINE_CURVE((1.,0.707106781186548,1.,0.707106781186548,1.))
REPRESENTATION_ITEM('')
);
#1167=(
BOUNDED_CURVE()
B_SPLINE_CURVE(1,(#2515,#2516),.UNSPECIFIED.,.F.,.F.)
B_SPLINE_CURVE_WITH_KNOTS((2,2),(0.167000000935149,0.250000000935147),
 .UNSPECIFIED.)
CURVE()
GEOMETRIC_REPRESENTATION_ITEM()
RATIONAL_B_SPLINE_CURVE((1.,1.))
REPRESENTATION_ITEM('')
);
#1168=(
BOUNDED_CURVE()
B_SPLINE_CURVE(2,(#2517,#2518,#2519,#2520,#2521),.UNSPECIFIED.,.F.,.F.)
B_SPLINE_CURVE_WITH_KNOTS((3,2,3),(0.235619449019234,0.353429173528852,
0.471238898038469),.UNSPECIFIED.)
CURVE()
GEOMETRIC_REPRESENTATION_ITEM()
RATIONAL_B_SPLINE_CURVE((1.,0.707106781186548,1.,0.707106781186548,1.))
REPRESENTATION_ITEM('')
);
#1169=(
BOUNDED_CURVE()
B_SPLINE_CURVE(2,(#2522,#2523,#2524,#2525,#2526),.UNSPECIFIED.,.F.,.F.)
B_SPLINE_CURVE_WITH_KNOTS((3,2,3),(0.235619449019234,0.353429173528852,
0.471238898038469),.UNSPECIFIED.)
CURVE()
GEOMETRIC_REPRESENTATION_ITEM()
RATIONAL_B_SPLINE_CURVE((1.,0.707106781186548,1.,0.707106781186548,1.))
REPRESENTATION_ITEM('')
);
#1170=(
BOUNDED_CURVE()
B_SPLINE_CURVE(1,(#2527,#2528),.UNSPECIFIED.,.F.,.F.)
B_SPLINE_CURVE_WITH_KNOTS((2,2),(0.249999999994132,0.332999999994131),
 .UNSPECIFIED.)
CURVE()
GEOMETRIC_REPRESENTATION_ITEM()
RATIONAL_B_SPLINE_CURVE((1.,1.))
REPRESENTATION_ITEM('')
);
#1171=(
BOUNDED_CURVE()
B_SPLINE_CURVE(2,(#2529,#2530,#2531,#2532,#2533),.UNSPECIFIED.,.F.,.F.)
B_SPLINE_CURVE_WITH_KNOTS((3,2,3),(-0.98174770424681,-0.490873852123405,
0.),.UNSPECIFIED.)
CURVE()
GEOMETRIC_REPRESENTATION_ITEM()
RATIONAL_B_SPLINE_CURVE((1.,0.707106781186548,1.,0.707106781186548,1.))
REPRESENTATION_ITEM('')
);
#1172=(
BOUNDED_CURVE()
B_SPLINE_CURVE(2,(#2534,#2535,#2536,#2537,#2538),.UNSPECIFIED.,.F.,.F.)
B_SPLINE_CURVE_WITH_KNOTS((3,2,3),(-0.98174770424681,-0.490873852123405,
0.),.UNSPECIFIED.)
CURVE()
GEOMETRIC_REPRESENTATION_ITEM()
RATIONAL_B_SPLINE_CURVE((1.,0.707106781186548,1.,0.707106781186548,1.))
REPRESENTATION_ITEM('')
);
#1173=(
BOUNDED_CURVE()
B_SPLINE_CURVE(1,(#2539,#2540),.UNSPECIFIED.,.F.,.F.)
B_SPLINE_CURVE_WITH_KNOTS((2,2),(0.249999999996657,0.332999999996656),
 .UNSPECIFIED.)
CURVE()
GEOMETRIC_REPRESENTATION_ITEM()
RATIONAL_B_SPLINE_CURVE((1.,1.))
REPRESENTATION_ITEM('')
);
#1174=(
BOUNDED_CURVE()
B_SPLINE_CURVE(2,(#2541,#2542,#2543,#2544,#2545),.UNSPECIFIED.,.F.,.F.)
B_SPLINE_CURVE_WITH_KNOTS((3,2,3),(-0.98174770424681,-0.490873852123405,
0.),.UNSPECIFIED.)
CURVE()
GEOMETRIC_REPRESENTATION_ITEM()
RATIONAL_B_SPLINE_CURVE((1.,0.707106781186548,1.,0.707106781186548,1.))
REPRESENTATION_ITEM('')
);
#1175=(
BOUNDED_CURVE()
B_SPLINE_CURVE(2,(#2546,#2547,#2548,#2549,#2550),.UNSPECIFIED.,.F.,.F.)
B_SPLINE_CURVE_WITH_KNOTS((3,2,3),(-0.98174770424681,-0.490873852123405,
0.),.UNSPECIFIED.)
CURVE()
GEOMETRIC_REPRESENTATION_ITEM()
RATIONAL_B_SPLINE_CURVE((1.,0.707106781186548,1.,0.707106781186548,1.))
REPRESENTATION_ITEM('')
);
#1176=(
BOUNDED_CURVE()
B_SPLINE_CURVE(1,(#2551,#2552),.UNSPECIFIED.,.F.,.F.)
B_SPLINE_CURVE_WITH_KNOTS((2,2),(0.249999999939045,0.332999999939044),
 .UNSPECIFIED.)
CURVE()
GEOMETRIC_REPRESENTATION_ITEM()
RATIONAL_B_SPLINE_CURVE((1.,1.))
REPRESENTATION_ITEM('')
);
#1177=(
BOUNDED_CURVE()
B_SPLINE_CURVE(2,(#2553,#2554,#2555,#2556,#2557),.UNSPECIFIED.,.F.,.F.)
B_SPLINE_CURVE_WITH_KNOTS((3,2,3),(-0.98174770424681,-0.490873852123405,
0.),.UNSPECIFIED.)
CURVE()
GEOMETRIC_REPRESENTATION_ITEM()
RATIONAL_B_SPLINE_CURVE((1.,0.707106781186548,1.,0.707106781186548,1.))
REPRESENTATION_ITEM('')
);
#1178=(
BOUNDED_CURVE()
B_SPLINE_CURVE(2,(#2558,#2559,#2560,#2561,#2562),.UNSPECIFIED.,.F.,.F.)
B_SPLINE_CURVE_WITH_KNOTS((3,2,3),(-0.98174770424681,-0.490873852123405,
0.),.UNSPECIFIED.)
CURVE()
GEOMETRIC_REPRESENTATION_ITEM()
RATIONAL_B_SPLINE_CURVE((1.,0.707106781186548,1.,0.707106781186548,1.))
REPRESENTATION_ITEM('')
);
#1179=(
BOUNDED_CURVE()
B_SPLINE_CURVE(1,(#2563,#2564),.UNSPECIFIED.,.F.,.F.)
B_SPLINE_CURVE_WITH_KNOTS((2,2),(0.249999999936521,0.33299999993652),
 .UNSPECIFIED.)
CURVE()
GEOMETRIC_REPRESENTATION_ITEM()
RATIONAL_B_SPLINE_CURVE((1.,1.))
REPRESENTATION_ITEM('')
);
#1180=(
BOUNDED_CURVE()
B_SPLINE_CURVE(2,(#2565,#2566,#2567,#2568,#2569),.UNSPECIFIED.,.F.,.F.)
B_SPLINE_CURVE_WITH_KNOTS((3,2,3),(-0.98174770424681,-0.490873852123405,
0.),.UNSPECIFIED.)
CURVE()
GEOMETRIC_REPRESENTATION_ITEM()
RATIONAL_B_SPLINE_CURVE((1.,0.707106781186548,1.,0.707106781186548,1.))
REPRESENTATION_ITEM('')
);
#1181=(
BOUNDED_CURVE()
B_SPLINE_CURVE(2,(#2570,#2571,#2572,#2573,#2574),.UNSPECIFIED.,.F.,.F.)
B_SPLINE_CURVE_WITH_KNOTS((3,2,3),(-0.98174770424681,-0.490873852123405,
0.),.UNSPECIFIED.)
CURVE()
GEOMETRIC_REPRESENTATION_ITEM()
RATIONAL_B_SPLINE_CURVE((1.,0.707106781186548,1.,0.707106781186548,1.))
REPRESENTATION_ITEM('')
);
#1182=VERTEX_POINT('',#1727);
#1183=VERTEX_POINT('',#1728);
#1184=VERTEX_POINT('',#1729);
#1185=VERTEX_POINT('',#1730);
#1186=VERTEX_POINT('',#1731);
#1187=VERTEX_POINT('',#1732);
#1188=VERTEX_POINT('',#1733);
#1189=VERTEX_POINT('',#1734);
#1190=VERTEX_POINT('',#1735);
#1191=VERTEX_POINT('',#1736);
#1192=VERTEX_POINT('',#1737);
#1193=VERTEX_POINT('',#1738);
#1194=VERTEX_POINT('',#1739);
#1195=VERTEX_POINT('',#1740);
#1196=VERTEX_POINT('',#1741);
#1197=VERTEX_POINT('',#1742);
#1198=VERTEX_POINT('',#1743);
#1199=VERTEX_POINT('',#1744);
#1200=VERTEX_POINT('',#1745);
#1201=VERTEX_POINT('',#1746);
#1202=VERTEX_POINT('',#1747);
#1203=VERTEX_POINT('',#1748);
#1204=VERTEX_POINT('',#1749);
#1205=VERTEX_POINT('',#1750);
#1206=VERTEX_POINT('',#1751);
#1207=VERTEX_POINT('',#1752);
#1208=VERTEX_POINT('',#1753);
#1209=VERTEX_POINT('',#1754);
#1210=VERTEX_POINT('',#1755);
#1211=VERTEX_POINT('',#1756);
#1212=VERTEX_POINT('',#1757);
#1213=VERTEX_POINT('',#1758);
#1214=VERTEX_POINT('',#1759);
#1215=VERTEX_POINT('',#1760);
#1216=VERTEX_POINT('',#1761);
#1217=VERTEX_POINT('',#1762);
#1218=VERTEX_POINT('',#1763);
#1219=VERTEX_POINT('',#1764);
#1220=VERTEX_POINT('',#1765);
#1221=VERTEX_POINT('',#1766);
#1222=VERTEX_POINT('',#1767);
#1223=VERTEX_POINT('',#1768);
#1224=VERTEX_POINT('',#1769);
#1225=VERTEX_POINT('',#1770);
#1226=VERTEX_POINT('',#1771);
#1227=VERTEX_POINT('',#1772);
#1228=VERTEX_POINT('',#1773);
#1229=VERTEX_POINT('',#1774);
#1230=VERTEX_POINT('',#1775);
#1231=VERTEX_POINT('',#1776);
#1232=VERTEX_POINT('',#1777);
#1233=VERTEX_POINT('',#1778);
#1234=VERTEX_POINT('',#1779);
#1235=VERTEX_POINT('',#1780);
#1236=VERTEX_POINT('',#1781);
#1237=VERTEX_POINT('',#1782);
#1238=VERTEX_POINT('',#1783);
#1239=VERTEX_POINT('',#1784);
#1240=VERTEX_POINT('',#1785);
#1241=VERTEX_POINT('',#1786);
#1242=VERTEX_POINT('',#1787);
#1243=VERTEX_POINT('',#1788);
#1244=VERTEX_POINT('',#1789);
#1245=VERTEX_POINT('',#1790);
#1246=VERTEX_POINT('',#1791);
#1247=VERTEX_POINT('',#1792);
#1248=VERTEX_POINT('',#1793);
#1249=VERTEX_POINT('',#1794);
#1250=VERTEX_POINT('',#1795);
#1251=VERTEX_POINT('',#1796);
#1252=VERTEX_POINT('',#1797);
#1253=VERTEX_POINT('',#1798);
#1254=VERTEX_POINT('',#1799);
#1255=VERTEX_POINT('',#1800);
#1256=VERTEX_POINT('',#1801);
#1257=VERTEX_POINT('',#1802);
#1258=VERTEX_POINT('',#1803);
#1259=VERTEX_POINT('',#1804);
#1260=VERTEX_POINT('',#1805);
#1261=VERTEX_POINT('',#1806);
#1262=VERTEX_POINT('',#1807);
#1263=VERTEX_POINT('',#1808);
#1264=VERTEX_POINT('',#1809);
#1265=VERTEX_POINT('',#1810);
#1266=VERTEX_POINT('',#1811);
#1267=VERTEX_POINT('',#1812);
#1268=VERTEX_POINT('',#1813);
#1269=VERTEX_POINT('',#1814);
#1270=VERTEX_POINT('',#1815);
#1271=VERTEX_POINT('',#1816);
#1272=VERTEX_POINT('',#1817);
#1273=VERTEX_POINT('',#1818);
#1274=VERTEX_POINT('',#1819);
#1275=VERTEX_POINT('',#1820);
#1276=VERTEX_POINT('',#1821);
#1277=VERTEX_POINT('',#1822);
#1278=VERTEX_POINT('',#1823);
#1279=VERTEX_POINT('',#1824);
#1280=VERTEX_POINT('',#1825);
#1281=VERTEX_POINT('',#1826);
#1282=VERTEX_POINT('',#1827);
#1283=VERTEX_POINT('',#1828);
#1284=VERTEX_POINT('',#1829);
#1285=VERTEX_POINT('',#1830);
#1286=VERTEX_POINT('',#1831);
#1287=VERTEX_POINT('',#1832);
#1288=VERTEX_POINT('',#1833);
#1289=VERTEX_POINT('',#1834);
#1290=VERTEX_POINT('',#1835);
#1291=VERTEX_POINT('',#1836);
#1292=VERTEX_POINT('',#1837);
#1293=VERTEX_POINT('',#1838);
#1294=VERTEX_POINT('',#1839);
#1295=VERTEX_POINT('',#1840);
#1296=VERTEX_POINT('',#1841);
#1297=VERTEX_POINT('',#1842);
#1298=VERTEX_POINT('',#1843);
#1299=VERTEX_POINT('',#1844);
#1300=VERTEX_POINT('',#1845);
#1301=VERTEX_POINT('',#1846);
#1302=VERTEX_POINT('',#1847);
#1303=VERTEX_POINT('',#1848);
#1304=VERTEX_POINT('',#1849);
#1305=VERTEX_POINT('',#1850);
#1306=VERTEX_POINT('',#1851);
#1307=VERTEX_POINT('',#1852);
#1308=VERTEX_POINT('',#1853);
#1309=VERTEX_POINT('',#1854);
#1310=PLANE('',#1482);
#1311=PLANE('',#1484);
#1312=PLANE('',#1486);
#1313=PLANE('',#1488);
#1314=PLANE('',#1490);
#1315=PLANE('',#1492);
#1316=PLANE('',#1494);
#1317=PLANE('',#1496);
#1318=PLANE('',#1497);
#1319=PLANE('',#1498);
#1320=PLANE('',#1499);
#1321=PLANE('',#1500);
#1322=PLANE('',#1501);
#1323=PLANE('',#1502);
#1324=PLANE('',#1503);
#1325=PLANE('',#1504);
#1326=PLANE('',#1505);
#1327=PLANE('',#1506);
#1328=PLANE('',#1507);
#1329=PLANE('',#1508);
#1330=PLANE('',#1509);
#1331=PLANE('',#1510);
#1332=PLANE('',#1511);
#1333=PLANE('',#1512);
#1334=CYLINDRICAL_SURFACE('',#1481,0.125000000000455);
#1335=CYLINDRICAL_SURFACE('',#1483,0.124999999999531);
#1336=CYLINDRICAL_SURFACE('',#1485,0.125000000000227);
#1337=CYLINDRICAL_SURFACE('',#1487,0.124999999999929);
#1338=CYLINDRICAL_SURFACE('',#1489,0.0419999999994616);
#1339=CYLINDRICAL_SURFACE('',#1491,0.0419999999998508);
#1340=CYLINDRICAL_SURFACE('',#1493,0.0420000000012806);
#1341=CYLINDRICAL_SURFACE('',#1495,0.0419999999994401);
#1342=CYLINDRICAL_SURFACE('',#1513,0.03125);
#1343=CYLINDRICAL_SURFACE('',#1514,0.03125);
#1344=CYLINDRICAL_SURFACE('',#1515,0.0312499999997726);
#1345=CYLINDRICAL_SURFACE('',#1516,0.0312499999997726);
#1346=CYLINDRICAL_SURFACE('',#1517,0.0312500000002274);
#1347=CYLINDRICAL_SURFACE('',#1518,0.0312500000002274);
#1348=CYLINDRICAL_SURFACE('',#1519,0.0312500000002274);
#1349=CYLINDRICAL_SURFACE('',#1520,0.0312500000002274);
#1350=CYLINDRICAL_SURFACE('',#1521,0.03125);
#1351=CYLINDRICAL_SURFACE('',#1522,0.03125);
#1352=CYLINDRICAL_SURFACE('',#1523,0.0312500000002274);
#1353=CYLINDRICAL_SURFACE('',#1524,0.0312500000002274);
#1354=CYLINDRICAL_SURFACE('',#1525,0.15625);
#1355=CYLINDRICAL_SURFACE('',#1526,0.15625);
#1356=CYLINDRICAL_SURFACE('',#1527,0.0750000000002728);
#1357=CYLINDRICAL_SURFACE('',#1528,0.0750000000000455);
#1358=CYLINDRICAL_SURFACE('',#1529,0.15625);
#1359=CYLINDRICAL_SURFACE('',#1530,0.15625);
#1360=CYLINDRICAL_SURFACE('',#1531,0.0750000000005002);
#1361=CYLINDRICAL_SURFACE('',#1532,0.0749999999998181);
#1362=CYLINDRICAL_SURFACE('',#1533,0.3125);
#1363=CYLINDRICAL_SURFACE('',#1534,0.3125);
#1364=CYLINDRICAL_SURFACE('',#1535,0.3125);
#1365=CYLINDRICAL_SURFACE('',#1536,0.312499999999773);
#1366=CYLINDRICAL_SURFACE('',#1537,0.03125);
#1367=CYLINDRICAL_SURFACE('',#1538,0.03125);
#1368=CYLINDRICAL_SURFACE('',#1539,0.0312500000002274);
#1369=CYLINDRICAL_SURFACE('',#1540,0.0312500000002274);
#1370=CYLINDRICAL_SURFACE('',#1541,0.0312499999997726);
#1371=CYLINDRICAL_SURFACE('',#1542,0.0312499999997726);
#1372=CYLINDRICAL_SURFACE('',#1543,0.0312499999997726);
#1373=CYLINDRICAL_SURFACE('',#1544,0.0312499999997726);
#1374=CYLINDRICAL_SURFACE('',#1545,0.03125);
#1375=CYLINDRICAL_SURFACE('',#1546,0.03125);
#1376=CYLINDRICAL_SURFACE('',#1547,0.0312499999997726);
#1377=CYLINDRICAL_SURFACE('',#1548,0.0312499999997726);
#1378=CYLINDRICAL_SURFACE('',#1549,0.156250000000227);
#1379=CYLINDRICAL_SURFACE('',#1550,0.15625);
#1380=CYLINDRICAL_SURFACE('',#1551,0.0750000000002728);
#1381=CYLINDRICAL_SURFACE('',#1552,0.0749999999998181);
#1382=CYLINDRICAL_SURFACE('',#1553,0.15625);
#1383=CYLINDRICAL_SURFACE('',#1554,0.15625);
#1384=CYLINDRICAL_SURFACE('',#1555,0.0750000000005002);
#1385=CYLINDRICAL_SURFACE('',#1556,0.0750000000000455);
#1386=CYLINDRICAL_SURFACE('',#1557,0.3125);
#1387=CYLINDRICAL_SURFACE('',#1558,0.3125);
#1388=CYLINDRICAL_SURFACE('',#1559,0.312500000000227);
#1389=CYLINDRICAL_SURFACE('',#1560,0.3125);
#1390=SHAPE_DEFINITION_REPRESENTATION(#1391,#1479);
#1391=PRODUCT_DEFINITION_SHAPE('Document','',#1393);
#1392=PRODUCT_DEFINITION_CONTEXT('3D Mechanical Parts',#1465,'design');
#1393=PRODUCT_DEFINITION('A','First version',#1435,#1392);
#1394=DATE_TIME_ROLE('classification_date');
#1395=DATE_TIME_ROLE('creation_date');
#1396=APPLIED_DATE_AND_TIME_ASSIGNMENT(#1420,#1394,(#1399));
#1397=APPLIED_DATE_AND_TIME_ASSIGNMENT(#1422,#1395,(#1393));
#1398=SECURITY_CLASSIFICATION_LEVEL('unclassified');
#1399=SECURITY_CLASSIFICATION('A','Security for version',#1398);
#1400=APPLIED_SECURITY_CLASSIFICATION_ASSIGNMENT(#1399,(#1435));
#1401=APPROVAL_ROLE('Version approval');
#1402=APPROVAL_ROLE('Version Security approval');
#1403=APPROVAL_ROLE('Definition approval');
#1404=APPROVAL_PERSON_ORGANIZATION(#1453,#1429,#1401);
#1405=APPROVAL_PERSON_ORGANIZATION(#1454,#1430,#1402);
#1406=APPROVAL_PERSON_ORGANIZATION(#1457,#1431,#1403);
#1407=COORDINATED_UNIVERSAL_TIME_OFFSET(5,0,.BEHIND.);
#1408=LOCAL_TIME(0,0,0.,#1407);
#1409=LOCAL_TIME(0,0,0.,#1407);
#1410=LOCAL_TIME(0,0,0.,#1407);
#1411=LOCAL_TIME(0,0,0.,#1407);
#1412=LOCAL_TIME(0,0,0.,#1407);
#1413=CALENDAR_DATE(1999,1,1);
#1414=CALENDAR_DATE(1999,1,1);
#1415=CALENDAR_DATE(1999,1,1);
#1416=CALENDAR_DATE(1999,1,1);
#1417=CALENDAR_DATE(1999,1,1);
#1418=DATE_AND_TIME(#1413,#1408);
#1419=DATE_AND_TIME(#1414,#1409);
#1420=DATE_AND_TIME(#1415,#1410);
#1421=DATE_AND_TIME(#1416,#1411);
#1422=DATE_AND_TIME(#1417,#1412);
#1423=APPROVAL_DATE_TIME(#1418,#1429);
#1424=APPROVAL_DATE_TIME(#1419,#1430);
#1425=APPROVAL_DATE_TIME(#1421,#1431);
#1426=APPROVAL_STATUS('not_yet_approved');
#1427=APPROVAL_STATUS('not_yet_approved');
#1428=APPROVAL_STATUS('approved');
#1429=APPROVAL(#1426,'Version approval');
#1430=APPROVAL(#1427,'Version Security approval');
#1431=APPROVAL(#1428,'Definition approval');
#1432=APPLIED_APPROVAL_ASSIGNMENT(#1429,(#1435));
#1433=APPLIED_APPROVAL_ASSIGNMENT(#1430,(#1399));
#1434=APPLIED_APPROVAL_ASSIGNMENT(#1431,(#1393));
#1435=PRODUCT_DEFINITION_FORMATION_WITH_SPECIFIED_SOURCE('A',
'First version',#1467,.MADE.);
#1436=PERSON_AND_ORGANIZATION_ROLE('design_owner');
#1437=PERSON_AND_ORGANIZATION_ROLE('creator');
#1438=PERSON_AND_ORGANIZATION_ROLE('design_supplier');
#1439=PERSON_AND_ORGANIZATION_ROLE('classification_officer');
#1440=PERSON_AND_ORGANIZATION_ROLE('creator');
#1441=ORGANIZATION('STI','lab','lab');
#1442=ORGANIZATION('STI','unknown','unknown');
#1443=ORGANIZATION('STI','unknown','unknown');
#1444=ORGANIZATION('STI','unknown','unknown');
#1445=ORGANIZATION('STI','unknown','unknown');
#1446=ORGANIZATION('STI','unknown','unknown');
#1447=ORGANIZATION('STI','unknown','unknown');
#1448=PERSON('1','Box','vc60',$,$,$);
#1449=PERSON('2','last','first',$,$,$);
#1450=PERSON('3','President','Mr.',$,$,$);
#1451=PERSON_AND_ORGANIZATION(#1448,#1441);
#1452=PERSON_AND_ORGANIZATION(#1449,#1442);
#1453=PERSON_AND_ORGANIZATION(#1450,#1443);
#1454=PERSON_AND_ORGANIZATION(#1450,#1444);
#1455=PERSON_AND_ORGANIZATION(#1450,#1445);
#1456=PERSON_AND_ORGANIZATION(#1449,#1446);
#1457=PERSON_AND_ORGANIZATION(#1450,#1447);
#1458=APPLIED_PERSON_AND_ORGANIZATION_ASSIGNMENT(#1451,#1436,(#1467));
#1459=APPLIED_PERSON_AND_ORGANIZATION_ASSIGNMENT(#1452,#1437,(#1435));
#1460=APPLIED_PERSON_AND_ORGANIZATION_ASSIGNMENT(#1452,#1438,(#1435));
#1461=APPLIED_PERSON_AND_ORGANIZATION_ASSIGNMENT(#1455,#1439,(#1399));
#1462=APPLIED_PERSON_AND_ORGANIZATION_ASSIGNMENT(#1456,#1440,(#1393));
#1463=PRODUCT_RELATED_PRODUCT_CATEGORY('detail','detail',(#1467));
#1464=APPLICATION_PROTOCOL_DEFINITION('International Standard',
'config_control_design',1994,#1465);
#1465=APPLICATION_CONTEXT(
'configuration controlled 3d designs of mechanical parts and assemblie
s');
#1466=PRODUCT_CONTEXT('3D Mechanical Parts',#1465,'mechanical');
#1467=PRODUCT('Document','Document','',(#1466));
#1468=(
LENGTH_UNIT()
NAMED_UNIT(*)
SI_UNIT(.CENTI.,.METRE.)
);
#1469=LENGTH_MEASURE_WITH_UNIT(LENGTH_MEASURE(2.54),#1468);
#1470=(
CONVERSION_BASED_UNIT('INCH',#1469)
LENGTH_UNIT()
NAMED_UNIT(#1473)
);
#1471=(
NAMED_UNIT(*)
PLANE_ANGLE_UNIT()
SI_UNIT($,.RADIAN.)
);
#1472=DIMENSIONAL_EXPONENTS(0.,0.,0.,0.,0.,0.,0.);
#1473=DIMENSIONAL_EXPONENTS(1.,0.,0.,0.,0.,0.,0.);
#1474=PLANE_ANGLE_MEASURE_WITH_UNIT(PLANE_ANGLE_MEASURE(0.01745329252),
#1471);
#1475=(
CONVERSION_BASED_UNIT('DEGREES',#1474)
NAMED_UNIT(#1472)
PLANE_ANGLE_UNIT()
);
#1476=(
NAMED_UNIT(*)
SI_UNIT($,.STERADIAN.)
SOLID_ANGLE_UNIT()
);
#1477=UNCERTAINTY_MEASURE_WITH_UNIT(LENGTH_MEASURE(0.000393700787401575),
#1470,'DISTANCE_ACCURACY_VALUE',
'Maximum model space distance between geometric entities at asserted c
onnectivities');
#1478=(
GEOMETRIC_REPRESENTATION_CONTEXT(3)
GLOBAL_UNCERTAINTY_ASSIGNED_CONTEXT((#1477))
GLOBAL_UNIT_ASSIGNED_CONTEXT((#1476,#1475,#1470))
REPRESENTATION_CONTEXT('ID1','3D')
);
#1479=SHAPE_REPRESENTATION('Document',(#1480,#1561),#1478);
#1480=AXIS2_PLACEMENT_3D('',#1646,#1562,#1563);
#1481=AXIS2_PLACEMENT_3D('',#1647,#1564,$);
#1482=AXIS2_PLACEMENT_3D('',#1648,#1565,$);
#1483=AXIS2_PLACEMENT_3D('',#1649,#1566,$);
#1484=AXIS2_PLACEMENT_3D('',#1650,#1567,$);
#1485=AXIS2_PLACEMENT_3D('',#1651,#1568,$);
#1486=AXIS2_PLACEMENT_3D('',#1652,#1569,$);
#1487=AXIS2_PLACEMENT_3D('',#1653,#1570,$);
#1488=AXIS2_PLACEMENT_3D('',#1654,#1571,$);
#1489=AXIS2_PLACEMENT_3D('',#1655,#1572,$);
#1490=AXIS2_PLACEMENT_3D('',#1656,#1573,$);
#1491=AXIS2_PLACEMENT_3D('',#1657,#1574,$);
#1492=AXIS2_PLACEMENT_3D('',#1658,#1575,$);
#1493=AXIS2_PLACEMENT_3D('',#1659,#1576,$);
#1494=AXIS2_PLACEMENT_3D('',#1660,#1577,$);
#1495=AXIS2_PLACEMENT_3D('',#1661,#1578,$);
#1496=AXIS2_PLACEMENT_3D('',#1662,#1579,$);
#1497=AXIS2_PLACEMENT_3D('',#1663,#1580,$);
#1498=AXIS2_PLACEMENT_3D('',#1664,#1581,$);
#1499=AXIS2_PLACEMENT_3D('',#1665,#1582,$);
#1500=AXIS2_PLACEMENT_3D('',#1666,#1583,$);
#1501=AXIS2_PLACEMENT_3D('',#1667,#1584,$);
#1502=AXIS2_PLACEMENT_3D('',#1668,#1585,$);
#1503=AXIS2_PLACEMENT_3D('',#1669,#1586,$);
#1504=AXIS2_PLACEMENT_3D('',#1670,#1587,$);
#1505=AXIS2_PLACEMENT_3D('',#1671,#1588,$);
#1506=AXIS2_PLACEMENT_3D('',#1672,#1589,$);
#1507=AXIS2_PLACEMENT_3D('',#1673,#1590,$);
#1508=AXIS2_PLACEMENT_3D('',#1674,#1591,$);
#1509=AXIS2_PLACEMENT_3D('',#1675,#1592,$);
#1510=AXIS2_PLACEMENT_3D('',#1676,#1593,$);
#1511=AXIS2_PLACEMENT_3D('',#1677,#1594,$);
#1512=AXIS2_PLACEMENT_3D('',#1678,#1595,$);
#1513=AXIS2_PLACEMENT_3D('',#1679,#1596,$);
#1514=AXIS2_PLACEMENT_3D('',#1680,#1597,$);
#1515=AXIS2_PLACEMENT_3D('',#1681,#1598,$);
#1516=AXIS2_PLACEMENT_3D('',#1682,#1599,$);
#1517=AXIS2_PLACEMENT_3D('',#1683,#1600,$);
#1518=AXIS2_PLACEMENT_3D('',#1684,#1601,$);
#1519=AXIS2_PLACEMENT_3D('',#1685,#1602,$);
#1520=AXIS2_PLACEMENT_3D('',#1686,#1603,$);
#1521=AXIS2_PLACEMENT_3D('',#1687,#1604,$);
#1522=AXIS2_PLACEMENT_3D('',#1688,#1605,$);
#1523=AXIS2_PLACEMENT_3D('',#1689,#1606,$);
#1524=AXIS2_PLACEMENT_3D('',#1690,#1607,$);
#1525=AXIS2_PLACEMENT_3D('',#1691,#1608,$);
#1526=AXIS2_PLACEMENT_3D('',#1692,#1609,$);
#1527=AXIS2_PLACEMENT_3D('',#1693,#1610,$);
#1528=AXIS2_PLACEMENT_3D('',#1694,#1611,$);
#1529=AXIS2_PLACEMENT_3D('',#1695,#1612,$);
#1530=AXIS2_PLACEMENT_3D('',#1696,#1613,$);
#1531=AXIS2_PLACEMENT_3D('',#1697,#1614,$);
#1532=AXIS2_PLACEMENT_3D('',#1698,#1615,$);
#1533=AXIS2_PLACEMENT_3D('',#1699,#1616,$);
#1534=AXIS2_PLACEMENT_3D('',#1700,#1617,$);
#1535=AXIS2_PLACEMENT_3D('',#1701,#1618,$);
#1536=AXIS2_PLACEMENT_3D('',#1702,#1619,$);
#1537=AXIS2_PLACEMENT_3D('',#1703,#1620,$);
#1538=AXIS2_PLACEMENT_3D('',#1704,#1621,$);
#1539=AXIS2_PLACEMENT_3D('',#1705,#1622,$);
#1540=AXIS2_PLACEMENT_3D('',#1706,#1623,$);
#1541=AXIS2_PLACEMENT_3D('',#1707,#1624,$);
#1542=AXIS2_PLACEMENT_3D('',#1708,#1625,$);
#1543=AXIS2_PLACEMENT_3D('',#1709,#1626,$);
#1544=AXIS2_PLACEMENT_3D('',#1710,#1627,$);
#1545=AXIS2_PLACEMENT_3D('',#1711,#1628,$);
#1546=AXIS2_PLACEMENT_3D('',#1712,#1629,$);
#1547=AXIS2_PLACEMENT_3D('',#1713,#1630,$);
#1548=AXIS2_PLACEMENT_3D('',#1714,#1631,$);
#1549=AXIS2_PLACEMENT_3D('',#1715,#1632,$);
#1550=AXIS2_PLACEMENT_3D('',#1716,#1633,$);
#1551=AXIS2_PLACEMENT_3D('',#1717,#1634,$);
#1552=AXIS2_PLACEMENT_3D('',#1718,#1635,$);
#1553=AXIS2_PLACEMENT_3D('',#1719,#1636,$);
#1554=AXIS2_PLACEMENT_3D('',#1720,#1637,$);
#1555=AXIS2_PLACEMENT_3D('',#1721,#1638,$);
#1556=AXIS2_PLACEMENT_3D('',#1722,#1639,$);
#1557=AXIS2_PLACEMENT_3D('',#1723,#1640,$);
#1558=AXIS2_PLACEMENT_3D('',#1724,#1641,$);
#1559=AXIS2_PLACEMENT_3D('',#1725,#1642,$);
#1560=AXIS2_PLACEMENT_3D('',#1726,#1643,$);
#1561=AXIS2_PLACEMENT_3D('',#2575,#1644,#1645);
#1562=DIRECTION('',(0.,0.,1.));
#1563=DIRECTION('',(1.,0.,0.));
#1564=DIRECTION('',(1.,1.81898940355346E-12,-1.81898940353825E-12));
#1565=DIRECTION('',(0.,0.,1.));
#1566=DIRECTION('',(1.,-1.81898940353774E-12,-1.81898940355397E-12));
#1567=DIRECTION('',(0.,-1.,0.));
#1568=DIRECTION('',(1.,-2.57243948432001E-12,-6.21041829141031E-12));
#1569=DIRECTION('',(0.,0.,-1.));
#1570=DIRECTION('',(1.,2.57243948430877E-12,-6.21041829139908E-12));
#1571=DIRECTION('',(0.,1.,0.));
#1572=DIRECTION('',(1.,2.23114227183319E-11,1.68977637792173E-11));
#1573=DIRECTION('',(0.,0.,-1.));
#1574=DIRECTION('',(1.,5.41365893904844E-12,5.41365893919941E-12));
#1575=DIRECTION('',(0.,1.,0.));
#1576=DIRECTION('',(1.,-7.65606989393238E-12,-1.8483387772239E-11));
#1577=DIRECTION('',(0.,0.,1.));
#1578=DIRECTION('',(1.,2.23114227182415E-11,-1.68977637790555E-11));
#1579=DIRECTION('',(0.,-1.,0.));
#1580=DIRECTION('',(-1.,0.,0.));
#1581=DIRECTION('',(-1.,0.,0.));
#1582=DIRECTION('',(-1.,0.,0.));
#1583=DIRECTION('',(-1.,0.,0.));
#1584=DIRECTION('',(-1.,0.,0.));
#1585=DIRECTION('',(-1.,0.,0.));
#1586=DIRECTION('',(-1.,0.,0.));
#1587=DIRECTION('',(-1.,0.,0.));
#1588=DIRECTION('',(1.,0.,0.));
#1589=DIRECTION('',(1.,0.,0.));
#1590=DIRECTION('',(1.,0.,0.));
#1591=DIRECTION('',(1.,0.,0.));
#1592=DIRECTION('',(1.,0.,0.));
#1593=DIRECTION('',(1.,0.,0.));
#1594=DIRECTION('',(1.,0.,0.));
#1595=DIRECTION('',(1.,0.,0.));
#1596=DIRECTION('',(0.,0.,1.));
#1597=DIRECTION('',(0.,0.,1.));
#1598=DIRECTION('',(0.,0.,1.));
#1599=DIRECTION('',(0.,0.,1.));
#1600=DIRECTION('',(0.,0.,1.));
#1601=DIRECTION('',(0.,0.,1.));
#1602=DIRECTION('',(0.,0.,1.));
#1603=DIRECTION('',(0.,0.,1.));
#1604=DIRECTION('',(0.,0.,1.));
#1605=DIRECTION('',(0.,0.,1.));
#1606=DIRECTION('',(0.,0.,1.));
#1607=DIRECTION('',(0.,0.,1.));
#1608=DIRECTION('',(0.,0.,1.));
#1609=DIRECTION('',(0.,0.,1.));
#1610=DIRECTION('',(0.,0.,1.));
#1611=DIRECTION('',(0.,0.,1.));
#1612=DIRECTION('',(0.,0.,1.));
#1613=DIRECTION('',(0.,0.,1.));
#1614=DIRECTION('',(0.,0.,1.));
#1615=DIRECTION('',(0.,0.,1.));
#1616=DIRECTION('',(0.,0.,1.));
#1617=DIRECTION('',(0.,0.,1.));
#1618=DIRECTION('',(0.,0.,1.));
#1619=DIRECTION('',(0.,0.,1.));
#1620=DIRECTION('',(0.,0.,1.));
#1621=DIRECTION('',(0.,0.,1.));
#1622=DIRECTION('',(0.,0.,1.));
#1623=DIRECTION('',(0.,0.,1.));
#1624=DIRECTION('',(0.,0.,1.));
#1625=DIRECTION('',(0.,0.,1.));
#1626=DIRECTION('',(0.,0.,1.));
#1627=DIRECTION('',(0.,0.,1.));
#1628=DIRECTION('',(0.,0.,1.));
#1629=DIRECTION('',(0.,0.,1.));
#1630=DIRECTION('',(0.,0.,1.));
#1631=DIRECTION('',(0.,0.,1.));
#1632=DIRECTION('',(0.,0.,1.));
#1633=DIRECTION('',(0.,0.,1.));
#1634=DIRECTION('',(0.,0.,1.));
#1635=DIRECTION('',(0.,0.,1.));
#1636=DIRECTION('',(0.,0.,1.));
#1637=DIRECTION('',(0.,0.,1.));
#1638=DIRECTION('',(0.,0.,1.));
#1639=DIRECTION('',(0.,0.,1.));
#1640=DIRECTION('',(0.,0.,1.));
#1641=DIRECTION('',(0.,0.,1.));
#1642=DIRECTION('',(0.,0.,1.));
#1643=DIRECTION('',(0.,0.,1.));
#1644=DIRECTION('',(0.,0.,1.));
#1645=DIRECTION('',(1.,0.,0.));
#1646=CARTESIAN_POINT('',(0.,0.,0.));
#1647=CARTESIAN_POINT('',(1164.24155870585,-1469.31111375726,0.875000000905307));
#1648=CARTESIAN_POINT('',(1151.01791319715,-1469.31111375727,1.00000000093912));
#1649=CARTESIAN_POINT('',(1164.24155870585,-1471.56111375726,0.875000000906198));
#1650=CARTESIAN_POINT('',(1151.01791319715,-1471.68611375727,0.875000000939124));
#1651=CARTESIAN_POINT('',(1164.24155870585,-1471.56111375726,0.12500000090623));
#1652=CARTESIAN_POINT('',(1151.01791319715,-1471.56111375727,9.39095912144694E-10));
#1653=CARTESIAN_POINT('',(1164.24155870585,-1469.31111375726,0.125000000905629));
#1654=CARTESIAN_POINT('',(1151.01791319715,-1469.18611375727,0.125000000939124));
#1655=CARTESIAN_POINT('',(1164.24155870585,-1469.31111375726,0.875000000906311));
#1656=CARTESIAN_POINT('',(1151.01791319715,-1469.31111375727,0.917000000939126));
#1657=CARTESIAN_POINT('',(1164.24155870585,-1471.56111375726,0.875000000905887));
#1658=CARTESIAN_POINT('',(1151.01791319715,-1471.60311375727,0.875000000939124));
#1659=CARTESIAN_POINT('',(1164.24155870585,-1471.56111375726,0.125000000906918));
#1660=CARTESIAN_POINT('',(1151.01791319715,-1471.56111375727,0.0830000009390943));
#1661=CARTESIAN_POINT('',(1164.24155870585,-1469.31111375726,0.125000000905175));
#1662=CARTESIAN_POINT('',(1151.01791319715,-1469.26911375727,0.125000000939124));
#1663=CARTESIAN_POINT('',(1151.01791319715,-1469.18611375727,0.125000000939124));
#1664=CARTESIAN_POINT('',(1151.01791319715,-1469.18611375727,0.875000000939124));
#1665=CARTESIAN_POINT('',(1151.01791319715,-1469.31111375727,1.00000000093912));
#1666=CARTESIAN_POINT('',(1151.01791319715,-1471.56111375727,1.00000000093912));
#1667=CARTESIAN_POINT('',(1151.01791319715,-1471.68611375727,0.875000000939124));
#1668=CARTESIAN_POINT('',(1151.01791319715,-1471.68611375727,0.125000000939124));
#1669=CARTESIAN_POINT('',(1151.01791319715,-1471.56111375727,9.39095912144694E-10));
#1670=CARTESIAN_POINT('',(1151.01791319715,-1469.31111375727,9.39095912144694E-10));
#1671=CARTESIAN_POINT('',(1177.46520421455,-1469.31111375726,1.00000000087233));
#1672=CARTESIAN_POINT('',(1177.46520421455,-1471.56111375726,1.00000000087233));
#1673=CARTESIAN_POINT('',(1177.46520421455,-1471.68611375726,0.875000000872333));
#1674=CARTESIAN_POINT('',(1177.46520421455,-1471.68611375726,0.125000000872333));
#1675=CARTESIAN_POINT('',(1177.46520421455,-1471.56111375726,8.72304894983245E-10));
#1676=CARTESIAN_POINT('',(1177.46520421455,-1469.31111375726,8.72304894983245E-10));
#1677=CARTESIAN_POINT('',(1177.46520421455,-1469.18611375726,0.125000000872333));
#1678=CARTESIAN_POINT('',(1177.46520421455,-1469.18611375726,0.875000000872333));
#1679=CARTESIAN_POINT('',(1174.34020421458,-1471.06146432479,0.424406184509294));
#1680=CARTESIAN_POINT('',(1174.34020421458,-1471.06146432479,0.424406184509294));
#1681=CARTESIAN_POINT('',(1174.34020421458,-1469.81076318975,0.424406184509294));
#1682=CARTESIAN_POINT('',(1174.34020421458,-1469.81076318975,0.424406184509294));
#1683=CARTESIAN_POINT('',(1164.24155788711,-1471.06146432479,0.424406184509294));
#1684=CARTESIAN_POINT('',(1164.24155788711,-1471.06146432479,0.424406184509294));
#1685=CARTESIAN_POINT('',(1164.24155788711,-1469.81076318975,0.424406184509294));
#1686=CARTESIAN_POINT('',(1164.24155788711,-1469.81076318975,0.424406184509294));
#1687=CARTESIAN_POINT('',(1154.14291319712,-1471.06146432479,0.424406184509294));
#1688=CARTESIAN_POINT('',(1154.14291319712,-1471.06146432479,0.424406184509294));
#1689=CARTESIAN_POINT('',(1154.14291319712,-1469.81076318975,0.424406184509294));
#1690=CARTESIAN_POINT('',(1154.14291319712,-1469.81076318975,0.424406184509294));
#1691=CARTESIAN_POINT('',(1176.46525332636,-1470.43611375726,0.));
#1692=CARTESIAN_POINT('',(1175.46525332636,-1470.43611375726,0.));
#1693=CARTESIAN_POINT('',(1176.96525332637,-1469.93611375725,5.75));
#1694=CARTESIAN_POINT('',(1175.96525332637,-1469.93611375725,5.75));
#1695=CARTESIAN_POINT('',(1153.01786408534,-1470.43611375726,0.));
#1696=CARTESIAN_POINT('',(1152.01786408534,-1470.43611375726,0.));
#1697=CARTESIAN_POINT('',(1151.51786408533,-1469.93611375725,5.75));
#1698=CARTESIAN_POINT('',(1152.51786408533,-1469.93611375725,5.75));
#1699=CARTESIAN_POINT('',(1153.01786408534,-1470.43611375726,0.917000000939126));
#1700=CARTESIAN_POINT('',(1152.01786408534,-1470.43611375726,0.917000000939126));
#1701=CARTESIAN_POINT('',(1175.46525332636,-1470.43611375726,0.917000000939126));
#1702=CARTESIAN_POINT('',(1176.46525332636,-1470.43611375726,0.917000000939126));
#1703=CARTESIAN_POINT('',(1174.34020421458,-1471.06146432479,0.424406184509294));
#1704=CARTESIAN_POINT('',(1174.34020421458,-1471.06146432479,0.424406184509294));
#1705=CARTESIAN_POINT('',(1174.34020421458,-1469.81076318975,0.424406184509294));
#1706=CARTESIAN_POINT('',(1174.34020421458,-1469.81076318975,0.424406184509294));
#1707=CARTESIAN_POINT('',(1164.24155788711,-1471.06146432479,0.424406184509294));
#1708=CARTESIAN_POINT('',(1164.24155788711,-1471.06146432479,0.424406184509294));
#1709=CARTESIAN_POINT('',(1164.24155788711,-1469.81076318975,0.424406184509294));
#1710=CARTESIAN_POINT('',(1164.24155788711,-1469.81076318975,0.424406184509294));
#1711=CARTESIAN_POINT('',(1154.14291319712,-1471.06146432479,0.424406184509294));
#1712=CARTESIAN_POINT('',(1154.14291319712,-1471.06146432479,0.424406184509294));
#1713=CARTESIAN_POINT('',(1154.14291319712,-1469.81076318975,0.424406184509294));
#1714=CARTESIAN_POINT('',(1154.14291319712,-1469.81076318975,0.424406184509294));
#1715=CARTESIAN_POINT('',(1176.46525332636,-1470.43611375726,0.));
#1716=CARTESIAN_POINT('',(1175.46525332636,-1470.43611375726,0.));
#1717=CARTESIAN_POINT('',(1176.96525332637,-1469.93611375725,5.75));
#1718=CARTESIAN_POINT('',(1175.96525332637,-1469.93611375725,5.75));
#1719=CARTESIAN_POINT('',(1153.01786408534,-1470.43611375726,0.));
#1720=CARTESIAN_POINT('',(1152.01786408534,-1470.43611375726,0.));
#1721=CARTESIAN_POINT('',(1151.51786408533,-1469.93611375725,5.75));
#1722=CARTESIAN_POINT('',(1152.51786408533,-1469.93611375725,5.75));
#1723=CARTESIAN_POINT('',(1153.01786408534,-1470.43611375726,0.917000000939126));
#1724=CARTESIAN_POINT('',(1152.01786408534,-1470.43611375726,0.917000000939126));
#1725=CARTESIAN_POINT('',(1175.46525332636,-1470.43611375726,0.917000000939126));
#1726=CARTESIAN_POINT('',(1176.46525332636,-1470.43611375726,0.917000000939126));
#1727=CARTESIAN_POINT('',(1151.01791319715,-1469.18611375727,0.875000000939124));
#1728=CARTESIAN_POINT('',(1151.01791319715,-1469.31111375727,1.00000000093912));
#1729=CARTESIAN_POINT('',(1177.46520421455,-1469.31111375726,1.00000000087232));
#1730=CARTESIAN_POINT('',(1177.46520421455,-1469.18611375726,0.875000000872319));
#1731=CARTESIAN_POINT('',(1151.01791319715,-1471.56111375727,1.00000000093912));
#1732=CARTESIAN_POINT('',(1177.46520421455,-1471.56111375726,1.00000000087232));
#1733=CARTESIAN_POINT('',(1151.01791319715,-1471.68611375727,0.875000000939124));
#1734=CARTESIAN_POINT('',(1177.46520421455,-1471.68611375726,0.875000000872319));
#1735=CARTESIAN_POINT('',(1151.01791319715,-1471.68611375727,0.125000000939124));
#1736=CARTESIAN_POINT('',(1177.46520421455,-1471.68611375726,0.125000000872319));
#1737=CARTESIAN_POINT('',(1151.01791319715,-1471.56111375727,9.39095912144694E-10));
#1738=CARTESIAN_POINT('',(1177.46520421455,-1471.56111375726,8.72304894983245E-10));
#1739=CARTESIAN_POINT('',(1151.01791319715,-1469.31111375727,9.39095912144694E-10));
#1740=CARTESIAN_POINT('',(1177.46520421455,-1469.31111375726,8.72304894983245E-10));
#1741=CARTESIAN_POINT('',(1151.01791319715,-1469.18611375727,0.125000000939124));
#1742=CARTESIAN_POINT('',(1177.46520421455,-1469.18611375726,0.125000000872319));
#1743=CARTESIAN_POINT('',(1151.01791319715,-1469.26911375727,0.875000000939039));
#1744=CARTESIAN_POINT('',(1151.01791319715,-1469.31111375727,0.917000000939126));
#1745=CARTESIAN_POINT('',(1177.46520421455,-1469.31111375726,0.917000000872335));
#1746=CARTESIAN_POINT('',(1177.46520421455,-1469.26911375726,0.875000000872248));
#1747=CARTESIAN_POINT('',(1151.01791319715,-1471.56111375727,0.917000000939126));
#1748=CARTESIAN_POINT('',(1177.46520421455,-1471.56111375726,0.917000000872335));
#1749=CARTESIAN_POINT('',(1151.01791319715,-1471.60311375727,0.875000000939195));
#1750=CARTESIAN_POINT('',(1177.46520421455,-1471.60311375726,0.875000000872419));
#1751=CARTESIAN_POINT('',(1151.01791319715,-1471.60311375727,0.125000000939082));
#1752=CARTESIAN_POINT('',(1177.46520421455,-1471.60311375726,0.125000000872348));
#1753=CARTESIAN_POINT('',(1151.01791319715,-1471.56111375727,0.0830000009391085));
#1754=CARTESIAN_POINT('',(1177.46520421455,-1471.56111375726,0.0830000008723033));
#1755=CARTESIAN_POINT('',(1151.01791319715,-1469.31111375727,0.0830000009391227));
#1756=CARTESIAN_POINT('',(1177.46520421455,-1469.31111375726,0.0830000008723175));
#1757=CARTESIAN_POINT('',(1151.01791319715,-1469.26911375727,0.125000000939323));
#1758=CARTESIAN_POINT('',(1177.46520421455,-1469.26911375726,0.125000000872475));
#1759=CARTESIAN_POINT('',(1174.30895421458,-1471.06146432479,1.00000000088029));
#1760=CARTESIAN_POINT('',(1174.30895421458,-1471.06146432479,8.80277184478473E-10));
#1761=CARTESIAN_POINT('',(1174.30895421458,-1471.06146432479,0.917000000880293));
#1762=CARTESIAN_POINT('',(1174.30895421458,-1471.06146432479,0.0830000008802756));
#1763=CARTESIAN_POINT('',(1174.30895421458,-1469.81076318975,1.00000000088029));
#1764=CARTESIAN_POINT('',(1174.30895421458,-1469.81076318975,8.80277184478473E-10));
#1765=CARTESIAN_POINT('',(1174.30895421457,-1469.81076318975,0.917000000880293));
#1766=CARTESIAN_POINT('',(1174.30895421458,-1469.81076318975,0.0830000008802756));
#1767=CARTESIAN_POINT('',(1164.27280788711,-1471.06146432479,1.00000000090564));
#1768=CARTESIAN_POINT('',(1164.27280788711,-1471.06146432479,9.05615138435678E-10));
#1769=CARTESIAN_POINT('',(1164.27280788711,-1471.06146432479,0.917000000905645));
#1770=CARTESIAN_POINT('',(1164.27280788711,-1471.06146432479,0.0830000009056135));
#1771=CARTESIAN_POINT('',(1164.27280788711,-1469.81076318975,1.00000000090564));
#1772=CARTESIAN_POINT('',(1164.27280788711,-1469.81076318975,9.05615138435678E-10));
#1773=CARTESIAN_POINT('',(1164.27280788711,-1469.81076318975,0.917000000905645));
#1774=CARTESIAN_POINT('',(1164.27280788711,-1469.81076318975,0.0830000009056278));
#1775=CARTESIAN_POINT('',(1154.17416319712,-1471.06146432479,1.00000000093117));
#1776=CARTESIAN_POINT('',(1154.17416319712,-1471.06146432479,9.31137833504181E-10));
#1777=CARTESIAN_POINT('',(1154.17416319712,-1471.06146432479,0.917000000931168));
#1778=CARTESIAN_POINT('',(1154.17416319712,-1471.06146432479,0.0830000009311078));
#1779=CARTESIAN_POINT('',(1154.17416319712,-1469.81076318975,1.00000000093117));
#1780=CARTESIAN_POINT('',(1154.17416319712,-1469.81076318975,9.31123622649466E-10));
#1781=CARTESIAN_POINT('',(1154.17416319712,-1469.81076318975,0.917000000931168));
#1782=CARTESIAN_POINT('',(1154.17416319712,-1469.81076318975,0.0830000009311078));
#1783=CARTESIAN_POINT('',(1176.30900332636,-1470.43611375726,8.75226127869712E-10));
#1784=CARTESIAN_POINT('',(1176.30900332636,-1470.43611375726,0.0830000008752243));
#1785=CARTESIAN_POINT('',(1175.30900332636,-1470.43611375726,8.77751614980859E-10));
#1786=CARTESIAN_POINT('',(1175.30900332636,-1470.43611375726,0.0830000008777503));
#1787=CARTESIAN_POINT('',(1176.89025332637,-1469.93611375725,1.00000000087379));
#1788=CARTESIAN_POINT('',(1176.89025332637,-1469.93611375725,0.917000000873787));
#1789=CARTESIAN_POINT('',(1175.89025332637,-1469.93611375725,1.00000000087631));
#1790=CARTESIAN_POINT('',(1175.89025332637,-1469.93611375725,0.917000000876312));
#1791=CARTESIAN_POINT('',(1153.17411408534,-1470.43611375726,9.33664513224812E-10));
#1792=CARTESIAN_POINT('',(1153.17411408534,-1470.43611375726,0.0830000009336627));
#1793=CARTESIAN_POINT('',(1152.17411408534,-1470.43611375726,9.3619000033596E-10));
#1794=CARTESIAN_POINT('',(1152.17411408534,-1470.43611375726,0.0830000009361886));
#1795=CARTESIAN_POINT('',(1151.59286408533,-1469.93611375725,1.00000000093767));
#1796=CARTESIAN_POINT('',(1151.59286408533,-1469.93611375725,0.917000000937674));
#1797=CARTESIAN_POINT('',(1152.59286408533,-1469.93611375725,1.00000000093515));
#1798=CARTESIAN_POINT('',(1152.59286408533,-1469.93611375725,0.917000000935148));
#1799=CARTESIAN_POINT('',(1153.33036408534,-1470.43611375726,1.00000000093327));
#1800=CARTESIAN_POINT('',(1153.33036408534,-1470.43611375726,0.917000000933272));
#1801=CARTESIAN_POINT('',(1152.33036408534,-1470.43611375726,1.0000000009358));
#1802=CARTESIAN_POINT('',(1152.33036408534,-1470.43611375726,0.917000000935797));
#1803=CARTESIAN_POINT('',(1175.15275332636,-1470.43611375726,1.00000000087817));
#1804=CARTESIAN_POINT('',(1175.15275332636,-1470.43611375726,0.917000000878173));
#1805=CARTESIAN_POINT('',(1176.15275332636,-1470.43611375726,1.00000000087565));
#1806=CARTESIAN_POINT('',(1176.15275332636,-1470.43611375726,0.917000000875648));
#1807=CARTESIAN_POINT('',(1174.37145421458,-1471.06146432479,0.917000000880265));
#1808=CARTESIAN_POINT('',(1174.37145421458,-1471.06146432479,1.00000000088026));
#1809=CARTESIAN_POINT('',(1174.37145421458,-1471.06146432479,8.80248762769042E-10));
#1810=CARTESIAN_POINT('',(1174.37145421458,-1471.06146432479,0.083000000880233));
#1811=CARTESIAN_POINT('',(1174.37145421458,-1469.81076318975,0.917000000880265));
#1812=CARTESIAN_POINT('',(1174.37145421458,-1469.81076318975,1.00000000088026));
#1813=CARTESIAN_POINT('',(1174.37145421458,-1469.81076318975,8.80248762769042E-10));
#1814=CARTESIAN_POINT('',(1174.37145421458,-1469.81076318975,0.083000000880233));
#1815=CARTESIAN_POINT('',(1164.21030788711,-1471.06146432479,0.917000000905702));
#1816=CARTESIAN_POINT('',(1164.21030788711,-1471.06146432479,1.00000000090569));
#1817=CARTESIAN_POINT('',(1164.21030788711,-1471.06146432479,9.05657770999824E-10));
#1818=CARTESIAN_POINT('',(1164.21030788711,-1471.06146432479,0.0830000009056562));
#1819=CARTESIAN_POINT('',(1164.21030788711,-1469.81076318975,0.917000000905688));
#1820=CARTESIAN_POINT('',(1164.21030788711,-1469.81076318975,1.00000000090569));
#1821=CARTESIAN_POINT('',(1164.21030788711,-1469.81076318975,9.05671981854539E-10));
#1822=CARTESIAN_POINT('',(1164.21030788711,-1469.81076318975,0.0830000009056562));
#1823=CARTESIAN_POINT('',(1154.11166319712,-1471.06146432479,0.917000000931196));
#1824=CARTESIAN_POINT('',(1154.11166319712,-1471.06146432479,1.00000000093119));
#1825=CARTESIAN_POINT('',(1154.11166319712,-1471.06146432479,9.31166255213611E-10));
#1826=CARTESIAN_POINT('',(1154.11166319712,-1471.06146432479,0.0830000009311646));
#1827=CARTESIAN_POINT('',(1154.11166319712,-1469.81076318975,0.917000000931196));
#1828=CARTESIAN_POINT('',(1154.11166319712,-1469.81076318975,1.00000000093119));
#1829=CARTESIAN_POINT('',(1154.11166319712,-1469.81076318975,9.31166255213611E-10));
#1830=CARTESIAN_POINT('',(1154.11166319712,-1469.81076318975,0.0830000009311647));
#1831=CARTESIAN_POINT('',(1176.62150332636,-1470.43611375726,8.75028938196465E-10));
#1832=CARTESIAN_POINT('',(1176.62150332636,-1470.43611375726,0.0830000008750265));
#1833=CARTESIAN_POINT('',(1175.62150332636,-1470.43611375726,8.77554473532882E-10));
#1834=CARTESIAN_POINT('',(1175.62150332636,-1470.43611375726,0.0830000008775507));
#1835=CARTESIAN_POINT('',(1177.04025332637,-1469.93611375725,0.917000000873692));
#1836=CARTESIAN_POINT('',(1177.04025332637,-1469.93611375725,1.00000000087369));
#1837=CARTESIAN_POINT('',(1176.04025332637,-1469.93611375725,0.917000000876218));
#1838=CARTESIAN_POINT('',(1176.04025332637,-1469.93611375725,1.00000000087622));
#1839=CARTESIAN_POINT('',(1152.86161408534,-1470.43611375726,9.33856103557673E-10));
#1840=CARTESIAN_POINT('',(1152.86161408534,-1470.43611375726,0.0830000009338523));
#1841=CARTESIAN_POINT('',(1151.86161408534,-1470.43611375726,9.36379862537251E-10));
#1842=CARTESIAN_POINT('',(1151.86161408534,-1470.43611375726,0.0830000009363805));
#1843=CARTESIAN_POINT('',(1151.44286408533,-1469.93611375725,0.917000000937769));
#1844=CARTESIAN_POINT('',(1151.44286408533,-1469.93611375725,1.00000000093777));
#1845=CARTESIAN_POINT('',(1152.44286408533,-1469.93611375725,0.917000000935243));
#1846=CARTESIAN_POINT('',(1152.44286408533,-1469.93611375725,1.00000000093524));
#1847=CARTESIAN_POINT('',(1152.70536408534,-1470.43611375726,0.917000000933395));
#1848=CARTESIAN_POINT('',(1152.70536408534,-1470.43611375726,1.00000000093339));
#1849=CARTESIAN_POINT('',(1151.70536408534,-1470.43611375726,0.91700000093592));
#1850=CARTESIAN_POINT('',(1151.70536408534,-1470.43611375726,1.00000000093592));
#1851=CARTESIAN_POINT('',(1175.77775332636,-1470.43611375726,0.917000000878059));
#1852=CARTESIAN_POINT('',(1175.77775332636,-1470.43611375726,1.00000000087806));
#1853=CARTESIAN_POINT('',(1176.77775332636,-1470.43611375726,0.917000000875533));
#1854=CARTESIAN_POINT('',(1176.77775332636,-1470.43611375726,1.00000000087553));
#1855=CARTESIAN_POINT('',(1151.01791319715,-1469.18611375727,0.875000000939124));
#1856=CARTESIAN_POINT('',(1151.01791319715,-1469.18611375727,1.00000000093913));
#1857=CARTESIAN_POINT('',(1151.01791319715,-1469.31111375727,1.00000000093912));
#1858=CARTESIAN_POINT('',(1151.01791319715,-1469.31111375727,1.00000000093912));
#1859=CARTESIAN_POINT('',(1177.46520421455,-1469.31111375726,1.00000000087232));
#1860=CARTESIAN_POINT('',(1177.46520421455,-1469.18611375726,0.875000000872319));
#1861=CARTESIAN_POINT('',(1177.46520421455,-1469.18611375726,1.00000000087232));
#1862=CARTESIAN_POINT('',(1177.46520421455,-1469.31111375726,1.00000000087232));
#1863=CARTESIAN_POINT('',(1151.01791319715,-1469.18611375727,0.875000000939124));
#1864=CARTESIAN_POINT('',(1177.46520421455,-1469.18611375726,0.875000000872319));
#1865=CARTESIAN_POINT('',(1151.01791319715,-1469.31111375727,1.00000000093912));
#1866=CARTESIAN_POINT('',(1151.01791319715,-1471.56111375727,1.00000000093912));
#1867=CARTESIAN_POINT('',(1151.01791319715,-1471.56111375727,1.00000000093912));
#1868=CARTESIAN_POINT('',(1177.46520421455,-1471.56111375726,1.00000000087232));
#1869=CARTESIAN_POINT('',(1177.46520421455,-1469.31111375726,1.00000000087232));
#1870=CARTESIAN_POINT('',(1177.46520421455,-1471.56111375726,1.00000000087232));
#1871=CARTESIAN_POINT('',(1151.01791319715,-1471.56111375727,1.00000000093912));
#1872=CARTESIAN_POINT('',(1151.01791319715,-1471.68611375727,1.00000000093915));
#1873=CARTESIAN_POINT('',(1151.01791319715,-1471.68611375727,0.875000000939124));
#1874=CARTESIAN_POINT('',(1151.01791319715,-1471.68611375727,0.875000000939124));
#1875=CARTESIAN_POINT('',(1177.46520421455,-1471.68611375726,0.875000000872319));
#1876=CARTESIAN_POINT('',(1177.46520421455,-1471.56111375726,1.00000000087232));
#1877=CARTESIAN_POINT('',(1177.46520421455,-1471.68611375726,1.00000000087235));
#1878=CARTESIAN_POINT('',(1177.46520421455,-1471.68611375726,0.875000000872319));
#1879=CARTESIAN_POINT('',(1151.01791319715,-1471.68611375727,0.875000000939124));
#1880=CARTESIAN_POINT('',(1151.01791319715,-1471.68611375727,0.125000000939124));
#1881=CARTESIAN_POINT('',(1151.01791319715,-1471.68611375727,0.125000000939124));
#1882=CARTESIAN_POINT('',(1177.46520421455,-1471.68611375726,0.125000000872319));
#1883=CARTESIAN_POINT('',(1177.46520421455,-1471.68611375726,0.875000000872319));
#1884=CARTESIAN_POINT('',(1177.46520421455,-1471.68611375726,0.125000000872319));
#1885=CARTESIAN_POINT('',(1151.01791319715,-1471.68611375727,0.125000000939124));
#1886=CARTESIAN_POINT('',(1151.01791319715,-1471.68611375727,9.39136202301836E-10));
#1887=CARTESIAN_POINT('',(1151.01791319715,-1471.56111375727,9.39095912144694E-10));
#1888=CARTESIAN_POINT('',(1151.01791319715,-1471.56111375727,9.39095912144694E-10));
#1889=CARTESIAN_POINT('',(1177.46520421455,-1471.56111375726,8.72304894983245E-10));
#1890=CARTESIAN_POINT('',(1177.46520421455,-1471.68611375726,0.125000000872319));
#1891=CARTESIAN_POINT('',(1177.46520421455,-1471.68611375726,8.72343213035461E-10));
#1892=CARTESIAN_POINT('',(1177.46520421455,-1471.56111375726,8.72304894983245E-10));
#1893=CARTESIAN_POINT('',(1151.01791319715,-1471.56111375727,9.39095912144694E-10));
#1894=CARTESIAN_POINT('',(1151.01791319715,-1469.31111375727,9.39095912144694E-10));
#1895=CARTESIAN_POINT('',(1151.01791319715,-1469.31111375727,9.39095912144694E-10));
#1896=CARTESIAN_POINT('',(1177.46520421455,-1469.31111375726,8.72304894983245E-10));
#1897=CARTESIAN_POINT('',(1177.46520421455,-1471.56111375726,8.72304894983245E-10));
#1898=CARTESIAN_POINT('',(1177.46520421455,-1469.31111375726,8.72304894983245E-10));
#1899=CARTESIAN_POINT('',(1151.01791319715,-1469.31111375727,9.39095912144694E-10));
#1900=CARTESIAN_POINT('',(1151.01791319715,-1469.18611375727,9.39147428462918E-10));
#1901=CARTESIAN_POINT('',(1151.01791319715,-1469.18611375727,0.125000000939124));
#1902=CARTESIAN_POINT('',(1151.01791319715,-1469.18611375727,0.125000000939124));
#1903=CARTESIAN_POINT('',(1177.46520421455,-1469.18611375726,0.125000000872319));
#1904=CARTESIAN_POINT('',(1177.46520421455,-1469.31111375726,8.72304894983245E-10));
#1905=CARTESIAN_POINT('',(1177.46520421455,-1469.18611375726,8.72334342013072E-10));
#1906=CARTESIAN_POINT('',(1177.46520421455,-1469.18611375726,0.125000000872319));
#1907=CARTESIAN_POINT('',(1151.01791319715,-1469.18611375727,0.125000000939124));
#1908=CARTESIAN_POINT('',(1151.01791319715,-1469.18611375727,0.875000000939124));
#1909=CARTESIAN_POINT('',(1177.46520421455,-1469.18611375726,0.125000000872319));
#1910=CARTESIAN_POINT('',(1177.46520421455,-1469.18611375726,0.875000000872319));
#1911=CARTESIAN_POINT('',(1151.01791319715,-1469.26911375727,0.875000000939039));
#1912=CARTESIAN_POINT('',(1151.01791319715,-1469.26911375727,0.917000000939251));
#1913=CARTESIAN_POINT('',(1151.01791319715,-1469.31111375727,0.917000000939126));
#1914=CARTESIAN_POINT('',(1151.01791319715,-1469.31111375727,0.917000000939126));
#1915=CARTESIAN_POINT('',(1177.46520421455,-1469.31111375726,0.917000000872335));
#1916=CARTESIAN_POINT('',(1177.46520421455,-1469.31111375726,0.917000000872335));
#1917=CARTESIAN_POINT('',(1177.46520421455,-1469.26911375725,0.91700000087246));
#1918=CARTESIAN_POINT('',(1177.46520421455,-1469.26911375726,0.875000000872248));
#1919=CARTESIAN_POINT('',(1177.46520421455,-1469.26911375726,0.875000000872248));
#1920=CARTESIAN_POINT('',(1151.01791319715,-1469.26911375727,0.875000000939039));
#1921=CARTESIAN_POINT('',(1151.01791319715,-1469.31111375727,0.917000000939126));
#1922=CARTESIAN_POINT('',(1151.01791319715,-1471.56111375727,0.917000000939126));
#1923=CARTESIAN_POINT('',(1151.01791319715,-1471.56111375727,0.917000000939126));
#1924=CARTESIAN_POINT('',(1177.46520421455,-1471.56111375726,0.917000000872335));
#1925=CARTESIAN_POINT('',(1177.46520421455,-1471.56111375726,0.917000000872335));
#1926=CARTESIAN_POINT('',(1177.46520421455,-1469.31111375726,0.917000000872335));
#1927=CARTESIAN_POINT('',(1151.01791319715,-1471.56111375727,0.917000000939126));
#1928=CARTESIAN_POINT('',(1151.01791319715,-1471.60311375727,0.917000000938982));
#1929=CARTESIAN_POINT('',(1151.01791319715,-1471.60311375727,0.875000000939195));
#1930=CARTESIAN_POINT('',(1151.01791319715,-1471.60311375727,0.875000000939195));
#1931=CARTESIAN_POINT('',(1177.46520421455,-1471.60311375726,0.875000000872419));
#1932=CARTESIAN_POINT('',(1177.46520421455,-1471.60311375726,0.875000000872419));
#1933=CARTESIAN_POINT('',(1177.46520421455,-1471.60311375726,0.917000000872169));
#1934=CARTESIAN_POINT('',(1177.46520421455,-1471.56111375726,0.917000000872335));
#1935=CARTESIAN_POINT('',(1151.01791319715,-1471.60311375727,0.875000000939195));
#1936=CARTESIAN_POINT('',(1151.01791319715,-1471.60311375727,0.125000000939082));
#1937=CARTESIAN_POINT('',(1151.01791319715,-1471.60311375727,0.125000000939082));
#1938=CARTESIAN_POINT('',(1177.46520421455,-1471.60311375726,0.125000000872348));
#1939=CARTESIAN_POINT('',(1177.46520421455,-1471.60311375726,0.125000000872348));
#1940=CARTESIAN_POINT('',(1177.46520421455,-1471.60311375726,0.875000000872419));
#1941=CARTESIAN_POINT('',(1151.01791319715,-1471.60311375727,0.125000000939082));
#1942=CARTESIAN_POINT('',(1151.01791319715,-1471.60311375727,0.0830000009391779));
#1943=CARTESIAN_POINT('',(1151.01791319715,-1471.56111375727,0.0830000009391085));
#1944=CARTESIAN_POINT('',(1151.01791319715,-1471.56111375727,0.0830000009391085));
#1945=CARTESIAN_POINT('',(1177.46520421455,-1471.56111375726,0.0830000008723033));
#1946=CARTESIAN_POINT('',(1177.46520421455,-1471.56111375726,0.0830000008723033));
#1947=CARTESIAN_POINT('',(1177.46520421455,-1471.60311375725,0.0830000008722744));
#1948=CARTESIAN_POINT('',(1177.46520421455,-1471.60311375726,0.125000000872348));
#1949=CARTESIAN_POINT('',(1151.01791319715,-1471.56111375727,0.0830000009391085));
#1950=CARTESIAN_POINT('',(1151.01791319715,-1469.31111375727,0.0830000009391227));
#1951=CARTESIAN_POINT('',(1151.01791319715,-1469.31111375727,0.0830000009391227));
#1952=CARTESIAN_POINT('',(1177.46520421455,-1469.31111375726,0.0830000008723175));
#1953=CARTESIAN_POINT('',(1177.46520421455,-1469.31111375726,0.0830000008723175));
#1954=CARTESIAN_POINT('',(1177.46520421455,-1471.56111375726,0.0830000008723033));
#1955=CARTESIAN_POINT('',(1151.01791319715,-1469.31111375727,0.0830000009391228));
#1956=CARTESIAN_POINT('',(1151.01791319715,-1469.26911375727,0.0830000009386869));
#1957=CARTESIAN_POINT('',(1151.01791319715,-1469.26911375727,0.125000000939323));
#1958=CARTESIAN_POINT('',(1151.01791319715,-1469.26911375727,0.125000000939323));
#1959=CARTESIAN_POINT('',(1177.46520421455,-1469.26911375726,0.125000000872475));
#1960=CARTESIAN_POINT('',(1177.46520421455,-1469.26911375726,0.125000000872475));
#1961=CARTESIAN_POINT('',(1177.46520421455,-1469.26911375726,0.0830000008719542));
#1962=CARTESIAN_POINT('',(1177.46520421455,-1469.31111375726,0.0830000008723175));
#1963=CARTESIAN_POINT('',(1151.01791319715,-1469.26911375727,0.125000000939323));
#1964=CARTESIAN_POINT('',(1151.01791319715,-1469.26911375727,0.875000000939039));
#1965=CARTESIAN_POINT('',(1177.46520421455,-1469.26911375726,0.875000000872248));
#1966=CARTESIAN_POINT('',(1177.46520421455,-1469.26911375726,0.125000000872475));
#1967=CARTESIAN_POINT('',(1151.01791319715,-1469.31111375727,1.00000000093912));
#1968=CARTESIAN_POINT('',(1151.01791319715,-1469.31111375727,0.917000000939126));
#1969=CARTESIAN_POINT('',(1151.01791319715,-1469.26911375727,0.875000000939039));
#1970=CARTESIAN_POINT('',(1151.01791319715,-1469.18611375727,0.875000000939124));
#1971=CARTESIAN_POINT('',(1151.01791319715,-1471.56111375727,1.00000000093912));
#1972=CARTESIAN_POINT('',(1151.01791319715,-1471.56111375727,0.917000000939126));
#1973=CARTESIAN_POINT('',(1151.01791319715,-1471.68611375727,0.875000000939124));
#1974=CARTESIAN_POINT('',(1151.01791319715,-1471.60311375727,0.875000000939195));
#1975=CARTESIAN_POINT('',(1151.01791319715,-1471.68611375727,0.125000000939124));
#1976=CARTESIAN_POINT('',(1151.01791319715,-1471.60311375727,0.125000000939082));
#1977=CARTESIAN_POINT('',(1151.01791319715,-1469.31111375727,9.39095912144694E-10));
#1978=CARTESIAN_POINT('',(1151.01791319715,-1469.31111375727,0.0830000009391227));
#1979=CARTESIAN_POINT('',(1151.01791319715,-1471.56111375727,0.0830000009391085));
#1980=CARTESIAN_POINT('',(1151.01791319715,-1471.56111375727,9.39095912144694E-10));
#1981=CARTESIAN_POINT('',(1151.01791319715,-1469.18611375727,0.125000000939124));
#1982=CARTESIAN_POINT('',(1151.01791319715,-1469.26911375727,0.125000000939323));
#1983=CARTESIAN_POINT('',(1177.46520421455,-1469.18611375726,0.875000000872319));
#1984=CARTESIAN_POINT('',(1177.46520421455,-1469.26911375726,0.875000000872248));
#1985=CARTESIAN_POINT('',(1177.46520421455,-1469.31111375726,0.917000000872335));
#1986=CARTESIAN_POINT('',(1177.46520421455,-1469.31111375726,1.00000000087232));
#1987=CARTESIAN_POINT('',(1177.46520421455,-1471.56111375726,0.917000000872335));
#1988=CARTESIAN_POINT('',(1177.46520421455,-1471.56111375726,1.00000000087232));
#1989=CARTESIAN_POINT('',(1177.46520421455,-1471.60311375726,0.875000000872419));
#1990=CARTESIAN_POINT('',(1177.46520421455,-1471.68611375726,0.875000000872319));
#1991=CARTESIAN_POINT('',(1177.46520421455,-1471.60311375726,0.125000000872348));
#1992=CARTESIAN_POINT('',(1177.46520421455,-1471.68611375726,0.125000000872319));
#1993=CARTESIAN_POINT('',(1177.46520421455,-1471.56111375726,8.72304894983245E-10));
#1994=CARTESIAN_POINT('',(1177.46520421455,-1471.56111375726,0.0830000008723033));
#1995=CARTESIAN_POINT('',(1177.46520421455,-1469.31111375726,0.0830000008723175));
#1996=CARTESIAN_POINT('',(1177.46520421455,-1469.31111375726,8.72304894983245E-10));
#1997=CARTESIAN_POINT('',(1177.46520421455,-1469.26911375726,0.125000000872475));
#1998=CARTESIAN_POINT('',(1177.46520421455,-1469.18611375726,0.125000000872319));
#1999=CARTESIAN_POINT('',(1174.30895421458,-1471.06146432479,1.00000000088026));
#2000=CARTESIAN_POINT('',(1174.30895421457,-1471.03021432479,1.00000000088027));
#2001=CARTESIAN_POINT('',(1174.34020421458,-1471.03021432479,1.00000000088026));
#2002=CARTESIAN_POINT('',(1174.37145421457,-1471.03021432479,1.00000000088027));
#2003=CARTESIAN_POINT('',(1174.37145421458,-1471.06146432479,1.00000000088026));
#2004=CARTESIAN_POINT('',(1174.30895421458,-1471.06146432479,8.80248762769043E-10));
#2005=CARTESIAN_POINT('',(1174.30895421457,-1471.09271432479,8.8025098370362E-10));
#2006=CARTESIAN_POINT('',(1174.34020421458,-1471.09271432479,8.80248762769043E-10));
#2007=CARTESIAN_POINT('',(1174.37145421457,-1471.09271432479,8.8025098370362E-10));
#2008=CARTESIAN_POINT('',(1174.37145421458,-1471.06146432479,8.80248762769042E-10));
#2009=CARTESIAN_POINT('',(1174.30895421458,-1471.06146432479,0.917000000880265));
#2010=CARTESIAN_POINT('',(1174.30895421457,-1471.03021432479,0.917000000880278));
#2011=CARTESIAN_POINT('',(1174.34020421458,-1471.03021432479,0.917000000880265));
#2012=CARTESIAN_POINT('',(1174.37145421457,-1471.03021432479,0.917000000880278));
#2013=CARTESIAN_POINT('',(1174.37145421458,-1471.06146432479,0.917000000880265));
#2014=CARTESIAN_POINT('',(1174.30895421458,-1471.06146432479,0.083000000880233));
#2015=CARTESIAN_POINT('',(1174.30895421457,-1471.09271432479,0.0830000008802423));
#2016=CARTESIAN_POINT('',(1174.34020421458,-1471.09271432479,0.083000000880233));
#2017=CARTESIAN_POINT('',(1174.37145421457,-1471.09271432479,0.0830000008802423));
#2018=CARTESIAN_POINT('',(1174.37145421458,-1471.06146432479,0.083000000880233));
#2019=CARTESIAN_POINT('',(1174.30895421458,-1471.06146432479,0.917000000880293));
#2020=CARTESIAN_POINT('',(1174.30895421458,-1471.06146432479,1.00000000088029));
#2021=CARTESIAN_POINT('',(1174.30895421458,-1471.06146432479,8.80277184478473E-10));
#2022=CARTESIAN_POINT('',(1174.30895421458,-1471.06146432479,0.0830000008802756));
#2023=CARTESIAN_POINT('',(1174.30895421458,-1469.81076318975,1.00000000088026));
#2024=CARTESIAN_POINT('',(1174.30895421457,-1469.77951318975,1.00000000088027));
#2025=CARTESIAN_POINT('',(1174.34020421458,-1469.77951318975,1.00000000088026));
#2026=CARTESIAN_POINT('',(1174.37145421457,-1469.77951318975,1.00000000088027));
#2027=CARTESIAN_POINT('',(1174.37145421458,-1469.81076318975,1.00000000088026));
#2028=CARTESIAN_POINT('',(1174.30895421458,-1469.81076318975,8.80248762769043E-10));
#2029=CARTESIAN_POINT('',(1174.30895421457,-1469.84201318975,8.8025098370362E-10));
#2030=CARTESIAN_POINT('',(1174.34020421458,-1469.84201318975,8.80248762769043E-10));
#2031=CARTESIAN_POINT('',(1174.37145421457,-1469.84201318975,8.8025098370362E-10));
#2032=CARTESIAN_POINT('',(1174.37145421458,-1469.81076318975,8.80248762769042E-10));
#2033=CARTESIAN_POINT('',(1174.30895421458,-1469.81076318975,0.917000000880265));
#2034=CARTESIAN_POINT('',(1174.30895421457,-1469.77951318975,0.917000000880278));
#2035=CARTESIAN_POINT('',(1174.34020421458,-1469.77951318975,0.917000000880265));
#2036=CARTESIAN_POINT('',(1174.37145421457,-1469.77951318975,0.917000000880278));
#2037=CARTESIAN_POINT('',(1174.37145421458,-1469.81076318975,0.917000000880265));
#2038=CARTESIAN_POINT('',(1174.30895421458,-1469.81076318975,0.083000000880233));
#2039=CARTESIAN_POINT('',(1174.30895421457,-1469.84201318975,0.0830000008802323));
#2040=CARTESIAN_POINT('',(1174.34020421458,-1469.84201318975,0.083000000880233));
#2041=CARTESIAN_POINT('',(1174.37145421457,-1469.84201318975,0.0830000008802323));
#2042=CARTESIAN_POINT('',(1174.37145421458,-1469.81076318975,0.083000000880233));
#2043=CARTESIAN_POINT('',(1174.30895421457,-1469.81076318975,0.917000000880293));
#2044=CARTESIAN_POINT('',(1174.30895421458,-1469.81076318975,1.00000000088029));
#2045=CARTESIAN_POINT('',(1174.30895421458,-1469.81076318975,8.80277184478473E-10));
#2046=CARTESIAN_POINT('',(1174.30895421458,-1469.81076318975,0.0830000008802756));
#2047=CARTESIAN_POINT('',(1164.27280788711,-1471.06146432479,1.00000000090569));
#2048=CARTESIAN_POINT('',(1164.27280788711,-1471.09271432479,1.00000000090568));
#2049=CARTESIAN_POINT('',(1164.24155788711,-1471.09271432479,1.00000000090569));
#2050=CARTESIAN_POINT('',(1164.21030788711,-1471.09271432479,1.00000000090568));
#2051=CARTESIAN_POINT('',(1164.21030788711,-1471.06146432479,1.00000000090569));
#2052=CARTESIAN_POINT('',(1164.27280788711,-1471.06146432479,9.05657770999824E-10));
#2053=CARTESIAN_POINT('',(1164.27280788711,-1471.03021432479,9.05663872202892E-10));
#2054=CARTESIAN_POINT('',(1164.24155788711,-1471.03021432479,9.05657770999824E-10));
#2055=CARTESIAN_POINT('',(1164.21030788711,-1471.03021432479,9.05663872202892E-10));
#2056=CARTESIAN_POINT('',(1164.21030788711,-1471.06146432479,9.05657770999824E-10));
#2057=CARTESIAN_POINT('',(1164.27280788711,-1471.06146432479,0.917000000905702));
#2058=CARTESIAN_POINT('',(1164.27280788711,-1471.09271432479,0.917000000905701));
#2059=CARTESIAN_POINT('',(1164.24155788711,-1471.09271432479,0.917000000905702));
#2060=CARTESIAN_POINT('',(1164.21030788711,-1471.09271432479,0.917000000905701));
#2061=CARTESIAN_POINT('',(1164.21030788711,-1471.06146432479,0.917000000905702));
#2062=CARTESIAN_POINT('',(1164.27280788711,-1471.06146432479,0.0830000009056562));
#2063=CARTESIAN_POINT('',(1164.27280788711,-1471.03021432479,0.0830000009056653));
#2064=CARTESIAN_POINT('',(1164.24155788711,-1471.03021432479,0.0830000009056562));
#2065=CARTESIAN_POINT('',(1164.21030788711,-1471.03021432479,0.0830000009056653));
#2066=CARTESIAN_POINT('',(1164.21030788711,-1471.06146432479,0.0830000009056562));
#2067=CARTESIAN_POINT('',(1164.27280788711,-1471.06146432479,0.917000000905645));
#2068=CARTESIAN_POINT('',(1164.27280788711,-1471.06146432479,1.00000000090564));
#2069=CARTESIAN_POINT('',(1164.27280788711,-1471.06146432479,9.05615138435678E-10));
#2070=CARTESIAN_POINT('',(1164.27280788711,-1471.06146432479,0.0830000009056135));
#2071=CARTESIAN_POINT('',(1164.27280788711,-1469.81076318975,1.00000000090569));
#2072=CARTESIAN_POINT('',(1164.27280788711,-1469.84201318975,1.00000000090568));
#2073=CARTESIAN_POINT('',(1164.24155788711,-1469.84201318975,1.00000000090569));
#2074=CARTESIAN_POINT('',(1164.21030788711,-1469.84201318975,1.00000000090568));
#2075=CARTESIAN_POINT('',(1164.21030788711,-1469.81076318975,1.00000000090569));
#2076=CARTESIAN_POINT('',(1164.27280788711,-1469.81076318975,9.05671981854539E-10));
#2077=CARTESIAN_POINT('',(1164.27280788711,-1469.77951318975,9.05673920794628E-10));
#2078=CARTESIAN_POINT('',(1164.24155788711,-1469.77951318975,9.05671981854539E-10));
#2079=CARTESIAN_POINT('',(1164.21030788711,-1469.77951318975,9.05673920794628E-10));
#2080=CARTESIAN_POINT('',(1164.21030788711,-1469.81076318975,9.05671981854539E-10));
#2081=CARTESIAN_POINT('',(1164.27280788711,-1469.81076318975,0.917000000905688));
#2082=CARTESIAN_POINT('',(1164.27280788711,-1469.84201318975,0.917000000905701));
#2083=CARTESIAN_POINT('',(1164.24155788711,-1469.84201318975,0.917000000905688));
#2084=CARTESIAN_POINT('',(1164.21030788711,-1469.84201318975,0.917000000905701));
#2085=CARTESIAN_POINT('',(1164.21030788711,-1469.81076318975,0.917000000905688));
#2086=CARTESIAN_POINT('',(1164.27280788711,-1469.81076318975,0.0830000009056562));
#2087=CARTESIAN_POINT('',(1164.27280788711,-1469.77951318975,0.0830000009056653));
#2088=CARTESIAN_POINT('',(1164.24155788711,-1469.77951318975,0.0830000009056562));
#2089=CARTESIAN_POINT('',(1164.21030788711,-1469.77951318975,0.0830000009056653));
#2090=CARTESIAN_POINT('',(1164.21030788711,-1469.81076318975,0.0830000009056562));
#2091=CARTESIAN_POINT('',(1164.27280788711,-1469.81076318975,0.917000000905645));
#2092=CARTESIAN_POINT('',(1164.27280788711,-1469.81076318975,1.00000000090564));
#2093=CARTESIAN_POINT('',(1164.27280788711,-1469.81076318975,9.05615138435678E-10));
#2094=CARTESIAN_POINT('',(1164.27280788711,-1469.81076318975,0.0830000009056278));
#2095=CARTESIAN_POINT('',(1154.17416319712,-1471.06146432479,1.00000000093119));
#2096=CARTESIAN_POINT('',(1154.17416319712,-1471.09271432479,1.0000000009312));
#2097=CARTESIAN_POINT('',(1154.14291319712,-1471.09271432479,1.00000000093119));
#2098=CARTESIAN_POINT('',(1154.11166319712,-1471.09271432479,1.0000000009312));
#2099=CARTESIAN_POINT('',(1154.11166319712,-1471.06146432479,1.00000000093119));
#2100=CARTESIAN_POINT('',(1154.17416319712,-1471.06146432479,9.31166255213611E-10));
#2101=CARTESIAN_POINT('',(1154.17416319712,-1471.03021432479,9.3117724661952E-10));
#2102=CARTESIAN_POINT('',(1154.14291319712,-1471.03021432479,9.31166255213611E-10));
#2103=CARTESIAN_POINT('',(1154.11166319712,-1471.03021432479,9.3117724661952E-10));
#2104=CARTESIAN_POINT('',(1154.11166319712,-1471.06146432479,9.31166255213611E-10));
#2105=CARTESIAN_POINT('',(1154.17416319712,-1471.06146432479,0.917000000931196));
#2106=CARTESIAN_POINT('',(1154.17416319712,-1471.09271432479,0.917000000931204));
#2107=CARTESIAN_POINT('',(1154.14291319712,-1471.09271432479,0.917000000931196));
#2108=CARTESIAN_POINT('',(1154.11166319712,-1471.09271432479,0.917000000931204));
#2109=CARTESIAN_POINT('',(1154.11166319712,-1471.06146432479,0.917000000931196));
#2110=CARTESIAN_POINT('',(1154.17416319712,-1471.06146432479,0.0830000009311647));
#2111=CARTESIAN_POINT('',(1154.17416319712,-1471.03021432479,0.0830000009311686));
#2112=CARTESIAN_POINT('',(1154.14291319712,-1471.03021432479,0.0830000009311647));
#2113=CARTESIAN_POINT('',(1154.11166319712,-1471.03021432479,0.0830000009311686));
#2114=CARTESIAN_POINT('',(1154.11166319712,-1471.06146432479,0.0830000009311646));
#2115=CARTESIAN_POINT('',(1154.17416319712,-1471.06146432479,0.917000000931168));
#2116=CARTESIAN_POINT('',(1154.17416319712,-1471.06146432479,1.00000000093117));
#2117=CARTESIAN_POINT('',(1154.17416319712,-1471.06146432479,9.31137833504181E-10));
#2118=CARTESIAN_POINT('',(1154.17416319712,-1471.06146432479,0.0830000009311078));
#2119=CARTESIAN_POINT('',(1154.17416319712,-1469.81076318975,1.00000000093119));
#2120=CARTESIAN_POINT('',(1154.17416319712,-1469.84201318975,1.00000000093119));
#2121=CARTESIAN_POINT('',(1154.14291319712,-1469.84201318975,1.00000000093119));
#2122=CARTESIAN_POINT('',(1154.11166319712,-1469.84201318975,1.00000000093119));
#2123=CARTESIAN_POINT('',(1154.11166319712,-1469.81076318975,1.00000000093119));
#2124=CARTESIAN_POINT('',(1154.17416319712,-1469.81076318975,9.31166255213611E-10));
#2125=CARTESIAN_POINT('',(1154.17416319712,-1469.77951318975,9.3117724661952E-10));
#2126=CARTESIAN_POINT('',(1154.14291319712,-1469.77951318975,9.31166255213611E-10));
#2127=CARTESIAN_POINT('',(1154.11166319712,-1469.77951318975,9.3117724661952E-10));
#2128=CARTESIAN_POINT('',(1154.11166319712,-1469.81076318975,9.31166255213611E-10));
#2129=CARTESIAN_POINT('',(1154.17416319712,-1469.81076318975,0.917000000931196));
#2130=CARTESIAN_POINT('',(1154.17416319712,-1469.84201318975,0.917000000931204));
#2131=CARTESIAN_POINT('',(1154.14291319712,-1469.84201318975,0.917000000931196));
#2132=CARTESIAN_POINT('',(1154.11166319712,-1469.84201318975,0.917000000931204));
#2133=CARTESIAN_POINT('',(1154.11166319712,-1469.81076318975,0.917000000931196));
#2134=CARTESIAN_POINT('',(1154.17416319712,-1469.81076318975,0.0830000009311647));
#2135=CARTESIAN_POINT('',(1154.17416319712,-1469.77951318975,0.0830000009311686));
#2136=CARTESIAN_POINT('',(1154.14291319712,-1469.77951318975,0.0830000009311647));
#2137=CARTESIAN_POINT('',(1154.11166319712,-1469.77951318975,0.0830000009311686));
#2138=CARTESIAN_POINT('',(1154.11166319712,-1469.81076318975,0.0830000009311647));
#2139=CARTESIAN_POINT('',(1154.17416319712,-1469.81076318975,0.917000000931168));
#2140=CARTESIAN_POINT('',(1154.17416319712,-1469.81076318975,1.00000000093117));
#2141=CARTESIAN_POINT('',(1154.17416319712,-1469.81076318975,9.31123622649466E-10));
#2142=CARTESIAN_POINT('',(1154.17416319712,-1469.81076318975,0.0830000009311078));
#2143=CARTESIAN_POINT('',(1176.30900332636,-1470.43611375726,8.75028938196465E-10));
#2144=CARTESIAN_POINT('',(1176.30900332636,-1470.59236375726,8.75028856186038E-10));
#2145=CARTESIAN_POINT('',(1176.46525332636,-1470.59236375726,8.75028938196465E-10));
#2146=CARTESIAN_POINT('',(1176.62150332636,-1470.59236375726,8.75028856186038E-10));
#2147=CARTESIAN_POINT('',(1176.62150332636,-1470.43611375726,8.75028938196465E-10));
#2148=CARTESIAN_POINT('',(1176.30900332636,-1470.43611375726,0.0830000008750265));
#2149=CARTESIAN_POINT('',(1176.30900332636,-1470.59236375726,0.0830000008750265));
#2150=CARTESIAN_POINT('',(1176.46525332636,-1470.59236375726,0.0830000008750265));
#2151=CARTESIAN_POINT('',(1176.62150332636,-1470.59236375726,0.0830000008750265));
#2152=CARTESIAN_POINT('',(1176.62150332636,-1470.43611375726,0.0830000008750265));
#2153=CARTESIAN_POINT('',(1176.30900332636,-1470.43611375726,8.75226127869712E-10));
#2154=CARTESIAN_POINT('',(1176.30900332636,-1470.43611375726,0.0830000008752243));
#2155=CARTESIAN_POINT('',(1175.30900332636,-1470.43611375726,8.77554473532882E-10));
#2156=CARTESIAN_POINT('',(1175.30900332636,-1470.59236375726,8.77554192896585E-10));
#2157=CARTESIAN_POINT('',(1175.46525332636,-1470.59236375726,8.77554473532882E-10));
#2158=CARTESIAN_POINT('',(1175.62150332636,-1470.59236375726,8.77554192896585E-10));
#2159=CARTESIAN_POINT('',(1175.62150332636,-1470.43611375726,8.77554473532882E-10));
#2160=CARTESIAN_POINT('',(1175.30900332636,-1470.43611375726,0.0830000008775507));
#2161=CARTESIAN_POINT('',(1175.30900332636,-1470.59236375726,0.0830000008775509));
#2162=CARTESIAN_POINT('',(1175.46525332636,-1470.59236375726,0.0830000008775507));
#2163=CARTESIAN_POINT('',(1175.62150332636,-1470.59236375726,0.0830000008775509));
#2164=CARTESIAN_POINT('',(1175.62150332636,-1470.43611375726,0.0830000008775507));
#2165=CARTESIAN_POINT('',(1175.30900332636,-1470.43611375726,8.77751614980859E-10));
#2166=CARTESIAN_POINT('',(1175.30900332636,-1470.43611375726,0.0830000008777503));
#2167=CARTESIAN_POINT('',(1176.89025332637,-1469.93611375725,1.00000000087369));
#2168=CARTESIAN_POINT('',(1176.89025332637,-1469.86111375725,1.00000000087369));
#2169=CARTESIAN_POINT('',(1176.96525332637,-1469.86111375725,1.00000000087369));
#2170=CARTESIAN_POINT('',(1177.04025332637,-1469.86111375725,1.00000000087369));
#2171=CARTESIAN_POINT('',(1177.04025332637,-1469.93611375725,1.00000000087369));
#2172=CARTESIAN_POINT('',(1176.89025332637,-1469.93611375725,0.917000000873692));
#2173=CARTESIAN_POINT('',(1176.89025332637,-1469.86111375725,0.917000000873692));
#2174=CARTESIAN_POINT('',(1176.96525332637,-1469.86111375725,0.917000000873692));
#2175=CARTESIAN_POINT('',(1177.04025332637,-1469.86111375725,0.917000000873692));
#2176=CARTESIAN_POINT('',(1177.04025332637,-1469.93611375725,0.917000000873692));
#2177=CARTESIAN_POINT('',(1176.89025332637,-1469.93611375725,0.917000000873787));
#2178=CARTESIAN_POINT('',(1176.89025332637,-1469.93611375725,1.00000000087379));
#2179=CARTESIAN_POINT('',(1175.89025332637,-1469.93611375725,1.00000000087622));
#2180=CARTESIAN_POINT('',(1175.89025332637,-1469.86111375725,1.00000000087622));
#2181=CARTESIAN_POINT('',(1175.96525332637,-1469.86111375725,1.00000000087622));
#2182=CARTESIAN_POINT('',(1176.04025332637,-1469.86111375725,1.00000000087622));
#2183=CARTESIAN_POINT('',(1176.04025332637,-1469.93611375725,1.00000000087622));
#2184=CARTESIAN_POINT('',(1175.89025332637,-1469.93611375725,0.917000000876218));
#2185=CARTESIAN_POINT('',(1175.89025332637,-1469.86111375725,0.917000000876218));
#2186=CARTESIAN_POINT('',(1175.96525332637,-1469.86111375725,0.917000000876218));
#2187=CARTESIAN_POINT('',(1176.04025332637,-1469.86111375725,0.917000000876218));
#2188=CARTESIAN_POINT('',(1176.04025332637,-1469.93611375725,0.917000000876218));
#2189=CARTESIAN_POINT('',(1175.89025332637,-1469.93611375725,0.917000000876312));
#2190=CARTESIAN_POINT('',(1175.89025332637,-1469.93611375725,1.00000000087631));
#2191=CARTESIAN_POINT('',(1153.17411408534,-1470.43611375726,9.33856103557673E-10));
#2192=CARTESIAN_POINT('',(1153.17411408534,-1470.27986375726,9.33855824354035E-10));
#2193=CARTESIAN_POINT('',(1153.01786408534,-1470.27986375726,9.33856103557673E-10));
#2194=CARTESIAN_POINT('',(1152.86161408534,-1470.27986375726,9.33855824354035E-10));
#2195=CARTESIAN_POINT('',(1152.86161408534,-1470.43611375726,9.33856103557673E-10));
#2196=CARTESIAN_POINT('',(1153.17411408534,-1470.43611375726,0.0830000009338523));
#2197=CARTESIAN_POINT('',(1153.17411408534,-1470.27986375726,0.0830000009338525));
#2198=CARTESIAN_POINT('',(1153.01786408534,-1470.27986375726,0.0830000009338523));
#2199=CARTESIAN_POINT('',(1152.86161408534,-1470.27986375726,0.0830000009338525));
#2200=CARTESIAN_POINT('',(1152.86161408534,-1470.43611375726,0.0830000009338523));
#2201=CARTESIAN_POINT('',(1153.17411408534,-1470.43611375726,9.33664513224812E-10));
#2202=CARTESIAN_POINT('',(1153.17411408534,-1470.43611375726,0.0830000009336627));
#2203=CARTESIAN_POINT('',(1152.17411408534,-1470.43611375726,9.36379862537251E-10));
#2204=CARTESIAN_POINT('',(1152.17411408534,-1470.27986375726,9.36379904990615E-10));
#2205=CARTESIAN_POINT('',(1152.01786408534,-1470.27986375726,9.36379862537251E-10));
#2206=CARTESIAN_POINT('',(1151.86161408534,-1470.27986375726,9.36379904990615E-10));
#2207=CARTESIAN_POINT('',(1151.86161408534,-1470.43611375726,9.36379862537251E-10));
#2208=CARTESIAN_POINT('',(1152.17411408534,-1470.43611375726,0.0830000009363805));
#2209=CARTESIAN_POINT('',(1152.17411408534,-1470.27986375726,0.08300000093638));
#2210=CARTESIAN_POINT('',(1152.01786408534,-1470.27986375726,0.0830000009363805));
#2211=CARTESIAN_POINT('',(1151.86161408534,-1470.27986375726,0.08300000093638));
#2212=CARTESIAN_POINT('',(1151.86161408534,-1470.43611375726,0.0830000009363805));
#2213=CARTESIAN_POINT('',(1152.17411408534,-1470.43611375726,9.3619000033596E-10));
#2214=CARTESIAN_POINT('',(1152.17411408534,-1470.43611375726,0.0830000009361886));
#2215=CARTESIAN_POINT('',(1151.59286408533,-1469.93611375725,1.00000000093777));
#2216=CARTESIAN_POINT('',(1151.59286408533,-1470.01111375725,1.00000000093777));
#2217=CARTESIAN_POINT('',(1151.51786408533,-1470.01111375725,1.00000000093777));
#2218=CARTESIAN_POINT('',(1151.44286408533,-1470.01111375725,1.00000000093777));
#2219=CARTESIAN_POINT('',(1151.44286408533,-1469.93611375725,1.00000000093777));
#2220=CARTESIAN_POINT('',(1151.59286408533,-1469.93611375725,0.917000000937769));
#2221=CARTESIAN_POINT('',(1151.59286408533,-1470.01111375725,0.917000000937769));
#2222=CARTESIAN_POINT('',(1151.51786408533,-1470.01111375725,0.917000000937769));
#2223=CARTESIAN_POINT('',(1151.44286408533,-1470.01111375725,0.917000000937769));
#2224=CARTESIAN_POINT('',(1151.44286408533,-1469.93611375725,0.917000000937769));
#2225=CARTESIAN_POINT('',(1151.59286408533,-1469.93611375725,0.917000000937674));
#2226=CARTESIAN_POINT('',(1151.59286408533,-1469.93611375725,1.00000000093767));
#2227=CARTESIAN_POINT('',(1152.59286408533,-1469.93611375725,1.00000000093524));
#2228=CARTESIAN_POINT('',(1152.59286408533,-1470.01111375725,1.00000000093524));
#2229=CARTESIAN_POINT('',(1152.51786408533,-1470.01111375725,1.00000000093524));
#2230=CARTESIAN_POINT('',(1152.44286408533,-1470.01111375725,1.00000000093524));
#2231=CARTESIAN_POINT('',(1152.44286408533,-1469.93611375725,1.00000000093524));
#2232=CARTESIAN_POINT('',(1152.59286408533,-1469.93611375725,0.917000000935243));
#2233=CARTESIAN_POINT('',(1152.59286408533,-1470.01111375725,0.917000000935243));
#2234=CARTESIAN_POINT('',(1152.51786408533,-1470.01111375725,0.917000000935243));
#2235=CARTESIAN_POINT('',(1152.44286408533,-1470.01111375725,0.917000000935243));
#2236=CARTESIAN_POINT('',(1152.44286408533,-1469.93611375725,0.917000000935243));
#2237=CARTESIAN_POINT('',(1152.59286408533,-1469.93611375725,0.917000000935148));
#2238=CARTESIAN_POINT('',(1152.59286408533,-1469.93611375725,1.00000000093515));
#2239=CARTESIAN_POINT('',(1153.33036408534,-1470.43611375726,1.00000000093339));
#2240=CARTESIAN_POINT('',(1153.33036408534,-1470.74861375726,1.00000000093339));
#2241=CARTESIAN_POINT('',(1153.01786408534,-1470.74861375726,1.00000000093339));
#2242=CARTESIAN_POINT('',(1152.70536408534,-1470.74861375726,1.00000000093339));
#2243=CARTESIAN_POINT('',(1152.70536408534,-1470.43611375726,1.00000000093339));
#2244=CARTESIAN_POINT('',(1153.33036408534,-1470.43611375726,0.917000000933395));
#2245=CARTESIAN_POINT('',(1153.33036408534,-1470.74861375726,0.917000000933395));
#2246=CARTESIAN_POINT('',(1153.01786408534,-1470.74861375726,0.917000000933395));
#2247=CARTESIAN_POINT('',(1152.70536408534,-1470.74861375726,0.917000000933395));
#2248=CARTESIAN_POINT('',(1152.70536408534,-1470.43611375726,0.917000000933395));
#2249=CARTESIAN_POINT('',(1153.33036408534,-1470.43611375726,0.917000000933272));
#2250=CARTESIAN_POINT('',(1153.33036408534,-1470.43611375726,1.00000000093327));
#2251=CARTESIAN_POINT('',(1152.33036408534,-1470.43611375726,1.00000000093592));
#2252=CARTESIAN_POINT('',(1152.33036408534,-1470.74861375726,1.00000000093592));
#2253=CARTESIAN_POINT('',(1152.01786408534,-1470.74861375726,1.00000000093592));
#2254=CARTESIAN_POINT('',(1151.70536408534,-1470.74861375726,1.00000000093592));
#2255=CARTESIAN_POINT('',(1151.70536408534,-1470.43611375726,1.00000000093592));
#2256=CARTESIAN_POINT('',(1152.33036408534,-1470.43611375726,0.91700000093592));
#2257=CARTESIAN_POINT('',(1152.33036408534,-1470.74861375726,0.91700000093592));
#2258=CARTESIAN_POINT('',(1152.01786408534,-1470.74861375726,0.91700000093592));
#2259=CARTESIAN_POINT('',(1151.70536408534,-1470.74861375726,0.91700000093592));
#2260=CARTESIAN_POINT('',(1151.70536408534,-1470.43611375726,0.91700000093592));
#2261=CARTESIAN_POINT('',(1152.33036408534,-1470.43611375726,0.917000000935797));
#2262=CARTESIAN_POINT('',(1152.33036408534,-1470.43611375726,1.0000000009358));
#2263=CARTESIAN_POINT('',(1175.15275332636,-1470.43611375726,1.00000000087806));
#2264=CARTESIAN_POINT('',(1175.15275332636,-1470.12361375726,1.00000000087806));
#2265=CARTESIAN_POINT('',(1175.46525332636,-1470.12361375726,1.00000000087806));
#2266=CARTESIAN_POINT('',(1175.77775332636,-1470.12361375726,1.00000000087806));
#2267=CARTESIAN_POINT('',(1175.77775332636,-1470.43611375726,1.00000000087806));
#2268=CARTESIAN_POINT('',(1175.15275332636,-1470.43611375726,0.917000000878059));
#2269=CARTESIAN_POINT('',(1175.15275332636,-1470.12361375726,0.917000000878059));
#2270=CARTESIAN_POINT('',(1175.46525332636,-1470.12361375726,0.917000000878059));
#2271=CARTESIAN_POINT('',(1175.77775332636,-1470.12361375726,0.917000000878059));
#2272=CARTESIAN_POINT('',(1175.77775332636,-1470.43611375726,0.917000000878059));
#2273=CARTESIAN_POINT('',(1175.15275332636,-1470.43611375726,0.917000000878173));
#2274=CARTESIAN_POINT('',(1175.15275332636,-1470.43611375726,1.00000000087817));
#2275=CARTESIAN_POINT('',(1176.15275332636,-1470.43611375726,1.00000000087553));
#2276=CARTESIAN_POINT('',(1176.15275332636,-1470.12361375726,1.00000000087553));
#2277=CARTESIAN_POINT('',(1176.46525332636,-1470.12361375726,1.00000000087553));
#2278=CARTESIAN_POINT('',(1176.77775332636,-1470.12361375726,1.00000000087553));
#2279=CARTESIAN_POINT('',(1176.77775332636,-1470.43611375726,1.00000000087553));
#2280=CARTESIAN_POINT('',(1176.15275332636,-1470.43611375726,0.917000000875533));
#2281=CARTESIAN_POINT('',(1176.15275332636,-1470.12361375726,0.917000000875533));
#2282=CARTESIAN_POINT('',(1176.46525332636,-1470.12361375726,0.917000000875533));
#2283=CARTESIAN_POINT('',(1176.77775332636,-1470.12361375726,0.917000000875533));
#2284=CARTESIAN_POINT('',(1176.77775332636,-1470.43611375726,0.917000000875533));
#2285=CARTESIAN_POINT('',(1176.15275332636,-1470.43611375726,0.917000000875648));
#2286=CARTESIAN_POINT('',(1176.15275332636,-1470.43611375726,1.00000000087565));
#2287=CARTESIAN_POINT('',(1174.37145421458,-1471.06146432479,0.917000000880292));
#2288=CARTESIAN_POINT('',(1174.37145421458,-1471.06146432479,1.00000000088029));
#2289=CARTESIAN_POINT('',(1174.37145421458,-1471.06146432479,1.00000000088026));
#2290=CARTESIAN_POINT('',(1174.37145421457,-1471.09271432479,1.00000000088027));
#2291=CARTESIAN_POINT('',(1174.34020421458,-1471.09271432479,1.00000000088026));
#2292=CARTESIAN_POINT('',(1174.30895421457,-1471.09271432479,1.00000000088027));
#2293=CARTESIAN_POINT('',(1174.30895421458,-1471.06146432479,1.00000000088026));
#2294=CARTESIAN_POINT('',(1174.37145421458,-1471.06146432479,0.917000000880265));
#2295=CARTESIAN_POINT('',(1174.37145421457,-1471.09271432479,0.917000000880278));
#2296=CARTESIAN_POINT('',(1174.34020421458,-1471.09271432479,0.917000000880265));
#2297=CARTESIAN_POINT('',(1174.30895421457,-1471.09271432479,0.917000000880278));
#2298=CARTESIAN_POINT('',(1174.30895421458,-1471.06146432479,0.917000000880265));
#2299=CARTESIAN_POINT('',(1174.37145421458,-1471.06146432479,8.80277184478473E-10));
#2300=CARTESIAN_POINT('',(1174.37145421458,-1471.06146432479,0.0830000008802754));
#2301=CARTESIAN_POINT('',(1174.37145421458,-1471.06146432479,8.80248762769042E-10));
#2302=CARTESIAN_POINT('',(1174.37145421458,-1471.03021432479,8.8025098370362E-10));
#2303=CARTESIAN_POINT('',(1174.34020421458,-1471.03021432479,8.80248762769043E-10));
#2304=CARTESIAN_POINT('',(1174.30895421457,-1471.03021432479,8.8025098370362E-10));
#2305=CARTESIAN_POINT('',(1174.30895421458,-1471.06146432479,8.80248762769043E-10));
#2306=CARTESIAN_POINT('',(1174.37145421458,-1471.06146432479,0.083000000880233));
#2307=CARTESIAN_POINT('',(1174.37145421457,-1471.03021432479,0.0830000008802423));
#2308=CARTESIAN_POINT('',(1174.34020421458,-1471.03021432479,0.083000000880233));
#2309=CARTESIAN_POINT('',(1174.30895421457,-1471.03021432479,0.0830000008802423));
#2310=CARTESIAN_POINT('',(1174.30895421458,-1471.06146432479,0.083000000880233));
#2311=CARTESIAN_POINT('',(1174.37145421458,-1469.81076318975,0.917000000880292));
#2312=CARTESIAN_POINT('',(1174.37145421458,-1469.81076318975,1.00000000088029));
#2313=CARTESIAN_POINT('',(1174.37145421458,-1469.81076318975,1.00000000088026));
#2314=CARTESIAN_POINT('',(1174.37145421457,-1469.84201318975,1.00000000088027));
#2315=CARTESIAN_POINT('',(1174.34020421458,-1469.84201318975,1.00000000088026));
#2316=CARTESIAN_POINT('',(1174.30895421457,-1469.84201318975,1.00000000088027));
#2317=CARTESIAN_POINT('',(1174.30895421458,-1469.81076318975,1.00000000088026));
#2318=CARTESIAN_POINT('',(1174.37145421458,-1469.81076318975,0.917000000880265));
#2319=CARTESIAN_POINT('',(1174.37145421457,-1469.84201318975,0.917000000880278));
#2320=CARTESIAN_POINT('',(1174.34020421458,-1469.84201318975,0.917000000880265));
#2321=CARTESIAN_POINT('',(1174.30895421457,-1469.84201318975,0.917000000880278));
#2322=CARTESIAN_POINT('',(1174.30895421458,-1469.81076318975,0.917000000880265));
#2323=CARTESIAN_POINT('',(1174.37145421458,-1469.81076318975,8.80277184478473E-10));
#2324=CARTESIAN_POINT('',(1174.37145421458,-1469.81076318975,0.0830000008802897));
#2325=CARTESIAN_POINT('',(1174.37145421458,-1469.81076318975,8.80248762769042E-10));
#2326=CARTESIAN_POINT('',(1174.37145421458,-1469.77951318975,8.8025098370362E-10));
#2327=CARTESIAN_POINT('',(1174.34020421458,-1469.77951318975,8.80248762769043E-10));
#2328=CARTESIAN_POINT('',(1174.30895421457,-1469.77951318975,8.8025098370362E-10));
#2329=CARTESIAN_POINT('',(1174.30895421458,-1469.81076318975,8.80248762769043E-10));
#2330=CARTESIAN_POINT('',(1174.37145421458,-1469.81076318975,0.083000000880233));
#2331=CARTESIAN_POINT('',(1174.37145421457,-1469.77951318975,0.0830000008802323));
#2332=CARTESIAN_POINT('',(1174.34020421458,-1469.77951318975,0.083000000880233));
#2333=CARTESIAN_POINT('',(1174.30895421457,-1469.77951318975,0.0830000008802323));
#2334=CARTESIAN_POINT('',(1174.30895421458,-1469.81076318975,0.083000000880233));
#2335=CARTESIAN_POINT('',(1164.21030788711,-1471.06146432479,0.917000000905644));
#2336=CARTESIAN_POINT('',(1164.21030788711,-1471.06146432479,1.00000000090564));
#2337=CARTESIAN_POINT('',(1164.21030788711,-1471.06146432479,1.00000000090569));
#2338=CARTESIAN_POINT('',(1164.21030788711,-1471.03021432479,1.00000000090568));
#2339=CARTESIAN_POINT('',(1164.24155788711,-1471.03021432479,1.00000000090569));
#2340=CARTESIAN_POINT('',(1164.27280788711,-1471.03021432479,1.00000000090568));
#2341=CARTESIAN_POINT('',(1164.27280788711,-1471.06146432479,1.00000000090569));
#2342=CARTESIAN_POINT('',(1164.21030788711,-1471.06146432479,0.917000000905702));
#2343=CARTESIAN_POINT('',(1164.21030788711,-1471.03021432479,0.917000000905701));
#2344=CARTESIAN_POINT('',(1164.24155788711,-1471.03021432479,0.917000000905702));
#2345=CARTESIAN_POINT('',(1164.27280788711,-1471.03021432479,0.917000000905701));
#2346=CARTESIAN_POINT('',(1164.27280788711,-1471.06146432479,0.917000000905702));
#2347=CARTESIAN_POINT('',(1164.21030788711,-1471.06146432479,9.05615027413376E-10));
#2348=CARTESIAN_POINT('',(1164.21030788711,-1471.06146432479,0.0830000009056278));
#2349=CARTESIAN_POINT('',(1164.21030788711,-1471.06146432479,9.05657770999824E-10));
#2350=CARTESIAN_POINT('',(1164.21030788711,-1471.09271432479,9.05663872202892E-10));
#2351=CARTESIAN_POINT('',(1164.24155788711,-1471.09271432479,9.05657770999824E-10));
#2352=CARTESIAN_POINT('',(1164.27280788711,-1471.09271432479,9.05663872202892E-10));
#2353=CARTESIAN_POINT('',(1164.27280788711,-1471.06146432479,9.05657770999824E-10));
#2354=CARTESIAN_POINT('',(1164.21030788711,-1471.06146432479,0.0830000009056562));
#2355=CARTESIAN_POINT('',(1164.21030788711,-1471.09271432479,0.0830000009056653));
#2356=CARTESIAN_POINT('',(1164.24155788711,-1471.09271432479,0.0830000009056562));
#2357=CARTESIAN_POINT('',(1164.27280788711,-1471.09271432479,0.0830000009056653));
#2358=CARTESIAN_POINT('',(1164.27280788711,-1471.06146432479,0.0830000009056562));
#2359=CARTESIAN_POINT('',(1164.21030788711,-1469.81076318975,0.917000000905659));
#2360=CARTESIAN_POINT('',(1164.21030788711,-1469.81076318975,1.00000000090564));
#2361=CARTESIAN_POINT('',(1164.21030788711,-1469.81076318975,1.00000000090569));
#2362=CARTESIAN_POINT('',(1164.21030788711,-1469.77951318975,1.00000000090568));
#2363=CARTESIAN_POINT('',(1164.24155788711,-1469.77951318975,1.00000000090569));
#2364=CARTESIAN_POINT('',(1164.27280788711,-1469.77951318975,1.00000000090568));
#2365=CARTESIAN_POINT('',(1164.27280788711,-1469.81076318975,1.00000000090569));
#2366=CARTESIAN_POINT('',(1164.21030788711,-1469.81076318975,0.917000000905688));
#2367=CARTESIAN_POINT('',(1164.21030788711,-1469.77951318975,0.917000000905701));
#2368=CARTESIAN_POINT('',(1164.24155788711,-1469.77951318975,0.917000000905688));
#2369=CARTESIAN_POINT('',(1164.27280788711,-1469.77951318975,0.917000000905701));
#2370=CARTESIAN_POINT('',(1164.27280788711,-1469.81076318975,0.917000000905688));
#2371=CARTESIAN_POINT('',(1164.21030788711,-1469.81076318975,9.05615027413376E-10));
#2372=CARTESIAN_POINT('',(1164.21030788711,-1469.81076318975,0.0830000009056278));
#2373=CARTESIAN_POINT('',(1164.21030788711,-1469.81076318975,9.05671981854539E-10));
#2374=CARTESIAN_POINT('',(1164.21030788711,-1469.84201318975,9.05673920794628E-10));
#2375=CARTESIAN_POINT('',(1164.24155788711,-1469.84201318975,9.05671981854539E-10));
#2376=CARTESIAN_POINT('',(1164.27280788711,-1469.84201318975,9.05673920794628E-10));
#2377=CARTESIAN_POINT('',(1164.27280788711,-1469.81076318975,9.05671981854539E-10));
#2378=CARTESIAN_POINT('',(1164.21030788711,-1469.81076318975,0.0830000009056562));
#2379=CARTESIAN_POINT('',(1164.21030788711,-1469.84201318975,0.0830000009056653));
#2380=CARTESIAN_POINT('',(1164.24155788711,-1469.84201318975,0.0830000009056562));
#2381=CARTESIAN_POINT('',(1164.27280788711,-1469.84201318975,0.0830000009056653));
#2382=CARTESIAN_POINT('',(1164.27280788711,-1469.81076318975,0.0830000009056562));
#2383=CARTESIAN_POINT('',(1154.11166319712,-1471.06146432479,0.917000000931167));
#2384=CARTESIAN_POINT('',(1154.11166319712,-1471.06146432479,1.00000000093117));
#2385=CARTESIAN_POINT('',(1154.11166319712,-1471.06146432479,1.00000000093119));
#2386=CARTESIAN_POINT('',(1154.11166319712,-1471.03021432479,1.0000000009312));
#2387=CARTESIAN_POINT('',(1154.14291319712,-1471.03021432479,1.00000000093119));
#2388=CARTESIAN_POINT('',(1154.17416319712,-1471.03021432479,1.0000000009312));
#2389=CARTESIAN_POINT('',(1154.17416319712,-1471.06146432479,1.00000000093119));
#2390=CARTESIAN_POINT('',(1154.11166319712,-1471.06146432479,0.917000000931196));
#2391=CARTESIAN_POINT('',(1154.11166319712,-1471.03021432479,0.917000000931204));
#2392=CARTESIAN_POINT('',(1154.14291319712,-1471.03021432479,0.917000000931196));
#2393=CARTESIAN_POINT('',(1154.17416319712,-1471.03021432479,0.917000000931204));
#2394=CARTESIAN_POINT('',(1154.17416319712,-1471.06146432479,0.917000000931196));
#2395=CARTESIAN_POINT('',(1154.11166319712,-1471.06146432479,9.31123622649466E-10));
#2396=CARTESIAN_POINT('',(1154.11166319712,-1471.06146432479,0.0830000009311078));
#2397=CARTESIAN_POINT('',(1154.11166319712,-1471.06146432479,9.31166255213611E-10));
#2398=CARTESIAN_POINT('',(1154.11166319712,-1471.09271432479,9.3117724661952E-10));
#2399=CARTESIAN_POINT('',(1154.14291319712,-1471.09271432479,9.31166255213611E-10));
#2400=CARTESIAN_POINT('',(1154.17416319712,-1471.09271432479,9.3117724661952E-10));
#2401=CARTESIAN_POINT('',(1154.17416319712,-1471.06146432479,9.31166255213611E-10));
#2402=CARTESIAN_POINT('',(1154.11166319712,-1471.06146432479,0.0830000009311646));
#2403=CARTESIAN_POINT('',(1154.11166319712,-1471.09271432479,0.0830000009311686));
#2404=CARTESIAN_POINT('',(1154.14291319712,-1471.09271432479,0.0830000009311647));
#2405=CARTESIAN_POINT('',(1154.17416319712,-1471.09271432479,0.0830000009311686));
#2406=CARTESIAN_POINT('',(1154.17416319712,-1471.06146432479,0.0830000009311647));
#2407=CARTESIAN_POINT('',(1154.11166319712,-1469.81076318975,0.917000000931167));
#2408=CARTESIAN_POINT('',(1154.11166319712,-1469.81076318975,1.00000000093117));
#2409=CARTESIAN_POINT('',(1154.11166319712,-1469.81076318975,1.00000000093119));
#2410=CARTESIAN_POINT('',(1154.11166319712,-1469.77951318975,1.00000000093119));
#2411=CARTESIAN_POINT('',(1154.14291319712,-1469.77951318975,1.00000000093119));
#2412=CARTESIAN_POINT('',(1154.17416319712,-1469.77951318975,1.00000000093119));
#2413=CARTESIAN_POINT('',(1154.17416319712,-1469.81076318975,1.00000000093119));
#2414=CARTESIAN_POINT('',(1154.11166319712,-1469.81076318975,0.917000000931196));
#2415=CARTESIAN_POINT('',(1154.11166319712,-1469.77951318975,0.917000000931204));
#2416=CARTESIAN_POINT('',(1154.14291319712,-1469.77951318975,0.917000000931196));
#2417=CARTESIAN_POINT('',(1154.17416319712,-1469.77951318975,0.917000000931204));
#2418=CARTESIAN_POINT('',(1154.17416319712,-1469.81076318975,0.917000000931196));
#2419=CARTESIAN_POINT('',(1154.11166319712,-1469.81076318975,9.31123622649466E-10));
#2420=CARTESIAN_POINT('',(1154.11166319712,-1469.81076318975,0.0830000009311078));
#2421=CARTESIAN_POINT('',(1154.11166319712,-1469.81076318975,9.31166255213611E-10));
#2422=CARTESIAN_POINT('',(1154.11166319712,-1469.84201318975,9.3117724661952E-10));
#2423=CARTESIAN_POINT('',(1154.14291319712,-1469.84201318975,9.31166255213611E-10));
#2424=CARTESIAN_POINT('',(1154.17416319712,-1469.84201318975,9.3117724661952E-10));
#2425=CARTESIAN_POINT('',(1154.17416319712,-1469.81076318975,9.31166255213611E-10));
#2426=CARTESIAN_POINT('',(1154.11166319712,-1469.81076318975,0.0830000009311647));
#2427=CARTESIAN_POINT('',(1154.11166319712,-1469.84201318975,0.0830000009311686));
#2428=CARTESIAN_POINT('',(1154.14291319712,-1469.84201318975,0.0830000009311647));
#2429=CARTESIAN_POINT('',(1154.17416319712,-1469.84201318975,0.0830000009311686));
#2430=CARTESIAN_POINT('',(1154.17416319712,-1469.81076318975,0.0830000009311647));
#2431=CARTESIAN_POINT('',(1176.62150332636,-1470.43611375726,8.75227890162478E-10));
#2432=CARTESIAN_POINT('',(1176.62150332636,-1470.43611375726,0.0830000008752263));
#2433=CARTESIAN_POINT('',(1176.62150332636,-1470.43611375726,8.75028938196465E-10));
#2434=CARTESIAN_POINT('',(1176.62150332636,-1470.27986375726,8.75028856186038E-10));
#2435=CARTESIAN_POINT('',(1176.46525332636,-1470.27986375726,8.75028938196465E-10));
#2436=CARTESIAN_POINT('',(1176.30900332636,-1470.27986375726,8.75028856186038E-10));
#2437=CARTESIAN_POINT('',(1176.30900332636,-1470.43611375726,8.75028938196465E-10));
#2438=CARTESIAN_POINT('',(1176.62150332636,-1470.43611375726,0.0830000008750265));
#2439=CARTESIAN_POINT('',(1176.62150332636,-1470.27986375726,0.0830000008750265));
#2440=CARTESIAN_POINT('',(1176.46525332636,-1470.27986375726,0.0830000008750265));
#2441=CARTESIAN_POINT('',(1176.30900332636,-1470.27986375726,0.0830000008750265));
#2442=CARTESIAN_POINT('',(1176.30900332636,-1470.43611375726,0.0830000008750265));
#2443=CARTESIAN_POINT('',(1175.62150332636,-1470.43611375726,8.77752981409685E-10));
#2444=CARTESIAN_POINT('',(1175.62150332636,-1470.43611375726,0.0830000008777523));
#2445=CARTESIAN_POINT('',(1175.62150332636,-1470.43611375726,8.77554473532882E-10));
#2446=CARTESIAN_POINT('',(1175.62150332636,-1470.27986375726,8.77554192896585E-10));
#2447=CARTESIAN_POINT('',(1175.46525332636,-1470.27986375726,8.77554473532882E-10));
#2448=CARTESIAN_POINT('',(1175.30900332636,-1470.27986375726,8.77554192896585E-10));
#2449=CARTESIAN_POINT('',(1175.30900332636,-1470.43611375726,8.77554473532882E-10));
#2450=CARTESIAN_POINT('',(1175.62150332636,-1470.43611375726,0.0830000008775507));
#2451=CARTESIAN_POINT('',(1175.62150332636,-1470.27986375726,0.0830000008775509));
#2452=CARTESIAN_POINT('',(1175.46525332636,-1470.27986375726,0.0830000008775507));
#2453=CARTESIAN_POINT('',(1175.30900332636,-1470.27986375726,0.0830000008775509));
#2454=CARTESIAN_POINT('',(1175.30900332636,-1470.43611375726,0.0830000008775507));
#2455=CARTESIAN_POINT('',(1177.04025332637,-1469.93611375725,0.917000000873788));
#2456=CARTESIAN_POINT('',(1177.04025332637,-1469.93611375725,1.00000000087379));
#2457=CARTESIAN_POINT('',(1177.04025332637,-1469.93611375725,1.00000000087369));
#2458=CARTESIAN_POINT('',(1177.04025332637,-1470.01111375725,1.00000000087369));
#2459=CARTESIAN_POINT('',(1176.96525332637,-1470.01111375725,1.00000000087369));
#2460=CARTESIAN_POINT('',(1176.89025332637,-1470.01111375725,1.00000000087369));
#2461=CARTESIAN_POINT('',(1176.89025332637,-1469.93611375725,1.00000000087369));
#2462=CARTESIAN_POINT('',(1177.04025332637,-1469.93611375725,0.917000000873692));
#2463=CARTESIAN_POINT('',(1177.04025332637,-1470.01111375725,0.917000000873692));
#2464=CARTESIAN_POINT('',(1176.96525332637,-1470.01111375725,0.917000000873692));
#2465=CARTESIAN_POINT('',(1176.89025332637,-1470.01111375725,0.917000000873692));
#2466=CARTESIAN_POINT('',(1176.89025332637,-1469.93611375725,0.917000000873692));
#2467=CARTESIAN_POINT('',(1176.04025332637,-1469.93611375725,0.917000000876313));
#2468=CARTESIAN_POINT('',(1176.04025332637,-1469.93611375725,1.00000000087631));
#2469=CARTESIAN_POINT('',(1176.04025332637,-1469.93611375725,1.00000000087622));
#2470=CARTESIAN_POINT('',(1176.04025332637,-1470.01111375725,1.00000000087622));
#2471=CARTESIAN_POINT('',(1175.96525332637,-1470.01111375725,1.00000000087622));
#2472=CARTESIAN_POINT('',(1175.89025332637,-1470.01111375725,1.00000000087622));
#2473=CARTESIAN_POINT('',(1175.89025332637,-1469.93611375725,1.00000000087622));
#2474=CARTESIAN_POINT('',(1176.04025332637,-1469.93611375725,0.917000000876218));
#2475=CARTESIAN_POINT('',(1176.04025332637,-1470.01111375725,0.917000000876218));
#2476=CARTESIAN_POINT('',(1175.96525332637,-1470.01111375725,0.917000000876218));
#2477=CARTESIAN_POINT('',(1175.89025332637,-1470.01111375725,0.917000000876218));
#2478=CARTESIAN_POINT('',(1175.89025332637,-1469.93611375725,0.917000000876218));
#2479=CARTESIAN_POINT('',(1152.86161408534,-1470.43611375726,9.33678911962943E-10));
#2480=CARTESIAN_POINT('',(1152.86161408534,-1470.43611375726,0.0830000009336764));
#2481=CARTESIAN_POINT('',(1152.86161408534,-1470.43611375726,9.33856103557673E-10));
#2482=CARTESIAN_POINT('',(1152.86161408534,-1470.59236375726,9.33855824354035E-10));
#2483=CARTESIAN_POINT('',(1153.01786408534,-1470.59236375726,9.33856103557673E-10));
#2484=CARTESIAN_POINT('',(1153.17411408534,-1470.59236375726,9.33855824354035E-10));
#2485=CARTESIAN_POINT('',(1153.17411408534,-1470.43611375726,9.33856103557673E-10));
#2486=CARTESIAN_POINT('',(1152.86161408534,-1470.43611375726,0.0830000009338523));
#2487=CARTESIAN_POINT('',(1152.86161408534,-1470.59236375726,0.0830000009338525));
#2488=CARTESIAN_POINT('',(1153.01786408534,-1470.59236375726,0.0830000009338523));
#2489=CARTESIAN_POINT('',(1153.17411408534,-1470.59236375726,0.0830000009338525));
#2490=CARTESIAN_POINT('',(1153.17411408534,-1470.43611375726,0.0830000009338523));
#2491=CARTESIAN_POINT('',(1151.86161408534,-1470.43611375726,9.3620400321015E-10));
#2492=CARTESIAN_POINT('',(1151.86161408534,-1470.43611375726,0.0830000009362033));
#2493=CARTESIAN_POINT('',(1151.86161408534,-1470.43611375726,9.36379862537251E-10));
#2494=CARTESIAN_POINT('',(1151.86161408534,-1470.59236375726,9.36379904990615E-10));
#2495=CARTESIAN_POINT('',(1152.01786408534,-1470.59236375726,9.36379862537251E-10));
#2496=CARTESIAN_POINT('',(1152.17411408534,-1470.59236375726,9.36379904990615E-10));
#2497=CARTESIAN_POINT('',(1152.17411408534,-1470.43611375726,9.36379862537251E-10));
#2498=CARTESIAN_POINT('',(1151.86161408534,-1470.43611375726,0.0830000009363805));
#2499=CARTESIAN_POINT('',(1151.86161408534,-1470.59236375726,0.08300000093638));
#2500=CARTESIAN_POINT('',(1152.01786408534,-1470.59236375726,0.0830000009363805));
#2501=CARTESIAN_POINT('',(1152.17411408534,-1470.59236375726,0.08300000093638));
#2502=CARTESIAN_POINT('',(1152.17411408534,-1470.43611375726,0.0830000009363805));
#2503=CARTESIAN_POINT('',(1151.44286408533,-1469.93611375725,0.917000000937674));
#2504=CARTESIAN_POINT('',(1151.44286408533,-1469.93611375725,1.00000000093767));
#2505=CARTESIAN_POINT('',(1151.44286408533,-1469.93611375725,1.00000000093777));
#2506=CARTESIAN_POINT('',(1151.44286408533,-1469.86111375725,1.00000000093777));
#2507=CARTESIAN_POINT('',(1151.51786408533,-1469.86111375725,1.00000000093777));
#2508=CARTESIAN_POINT('',(1151.59286408533,-1469.86111375725,1.00000000093777));
#2509=CARTESIAN_POINT('',(1151.59286408533,-1469.93611375725,1.00000000093777));
#2510=CARTESIAN_POINT('',(1151.44286408533,-1469.93611375725,0.917000000937769));
#2511=CARTESIAN_POINT('',(1151.44286408533,-1469.86111375725,0.917000000937769));
#2512=CARTESIAN_POINT('',(1151.51786408533,-1469.86111375725,0.917000000937769));
#2513=CARTESIAN_POINT('',(1151.59286408533,-1469.86111375725,0.917000000937769));
#2514=CARTESIAN_POINT('',(1151.59286408533,-1469.93611375725,0.917000000937769));
#2515=CARTESIAN_POINT('',(1152.44286408533,-1469.93611375725,0.917000000935149));
#2516=CARTESIAN_POINT('',(1152.44286408533,-1469.93611375725,1.00000000093515));
#2517=CARTESIAN_POINT('',(1152.44286408533,-1469.93611375725,1.00000000093524));
#2518=CARTESIAN_POINT('',(1152.44286408533,-1469.86111375725,1.00000000093524));
#2519=CARTESIAN_POINT('',(1152.51786408533,-1469.86111375725,1.00000000093524));
#2520=CARTESIAN_POINT('',(1152.59286408533,-1469.86111375725,1.00000000093524));
#2521=CARTESIAN_POINT('',(1152.59286408533,-1469.93611375725,1.00000000093524));
#2522=CARTESIAN_POINT('',(1152.44286408533,-1469.93611375725,0.917000000935243));
#2523=CARTESIAN_POINT('',(1152.44286408533,-1469.86111375725,0.917000000935243));
#2524=CARTESIAN_POINT('',(1152.51786408533,-1469.86111375725,0.917000000935243));
#2525=CARTESIAN_POINT('',(1152.59286408533,-1469.86111375725,0.917000000935243));
#2526=CARTESIAN_POINT('',(1152.59286408533,-1469.93611375725,0.917000000935243));
#2527=CARTESIAN_POINT('',(1152.70536408534,-1470.43611375726,0.917000000933258));
#2528=CARTESIAN_POINT('',(1152.70536408534,-1470.43611375726,1.00000000093326));
#2529=CARTESIAN_POINT('',(1152.70536408534,-1470.43611375726,1.00000000093339));
#2530=CARTESIAN_POINT('',(1152.70536408534,-1470.12361375726,1.00000000093339));
#2531=CARTESIAN_POINT('',(1153.01786408534,-1470.12361375726,1.00000000093339));
#2532=CARTESIAN_POINT('',(1153.33036408534,-1470.12361375726,1.00000000093339));
#2533=CARTESIAN_POINT('',(1153.33036408534,-1470.43611375726,1.00000000093339));
#2534=CARTESIAN_POINT('',(1152.70536408534,-1470.43611375726,0.917000000933395));
#2535=CARTESIAN_POINT('',(1152.70536408534,-1470.12361375726,0.917000000933395));
#2536=CARTESIAN_POINT('',(1153.01786408534,-1470.12361375726,0.917000000933395));
#2537=CARTESIAN_POINT('',(1153.33036408534,-1470.12361375726,0.917000000933395));
#2538=CARTESIAN_POINT('',(1153.33036408534,-1470.43611375726,0.917000000933395));
#2539=CARTESIAN_POINT('',(1151.70536408534,-1470.43611375726,0.917000000935783));
#2540=CARTESIAN_POINT('',(1151.70536408534,-1470.43611375726,1.00000000093578));
#2541=CARTESIAN_POINT('',(1151.70536408534,-1470.43611375726,1.00000000093592));
#2542=CARTESIAN_POINT('',(1151.70536408534,-1470.12361375726,1.00000000093592));
#2543=CARTESIAN_POINT('',(1152.01786408534,-1470.12361375726,1.00000000093592));
#2544=CARTESIAN_POINT('',(1152.33036408534,-1470.12361375726,1.00000000093592));
#2545=CARTESIAN_POINT('',(1152.33036408534,-1470.43611375726,1.00000000093592));
#2546=CARTESIAN_POINT('',(1151.70536408534,-1470.43611375726,0.91700000093592));
#2547=CARTESIAN_POINT('',(1151.70536408534,-1470.12361375726,0.91700000093592));
#2548=CARTESIAN_POINT('',(1152.01786408534,-1470.12361375726,0.91700000093592));
#2549=CARTESIAN_POINT('',(1152.33036408534,-1470.12361375726,0.91700000093592));
#2550=CARTESIAN_POINT('',(1152.33036408534,-1470.43611375726,0.91700000093592));
#2551=CARTESIAN_POINT('',(1175.77775332636,-1470.43611375726,0.917000000878171));
#2552=CARTESIAN_POINT('',(1175.77775332636,-1470.43611375726,1.00000000087817));
#2553=CARTESIAN_POINT('',(1175.77775332636,-1470.43611375726,1.00000000087806));
#2554=CARTESIAN_POINT('',(1175.77775332636,-1470.74861375726,1.00000000087806));
#2555=CARTESIAN_POINT('',(1175.46525332636,-1470.74861375726,1.00000000087806));
#2556=CARTESIAN_POINT('',(1175.15275332636,-1470.74861375726,1.00000000087806));
#2557=CARTESIAN_POINT('',(1175.15275332636,-1470.43611375726,1.00000000087806));
#2558=CARTESIAN_POINT('',(1175.77775332636,-1470.43611375726,0.917000000878059));
#2559=CARTESIAN_POINT('',(1175.77775332636,-1470.74861375726,0.917000000878059));
#2560=CARTESIAN_POINT('',(1175.46525332636,-1470.74861375726,0.917000000878059));
#2561=CARTESIAN_POINT('',(1175.15275332636,-1470.74861375726,0.917000000878059));
#2562=CARTESIAN_POINT('',(1175.15275332636,-1470.43611375726,0.917000000878059));
#2563=CARTESIAN_POINT('',(1176.77775332636,-1470.43611375726,0.917000000875646));
#2564=CARTESIAN_POINT('',(1176.77775332636,-1470.43611375726,1.00000000087565));
#2565=CARTESIAN_POINT('',(1176.77775332636,-1470.43611375726,1.00000000087553));
#2566=CARTESIAN_POINT('',(1176.77775332636,-1470.74861375726,1.00000000087553));
#2567=CARTESIAN_POINT('',(1176.46525332636,-1470.74861375726,1.00000000087553));
#2568=CARTESIAN_POINT('',(1176.15275332636,-1470.74861375726,1.00000000087553));
#2569=CARTESIAN_POINT('',(1176.15275332636,-1470.43611375726,1.00000000087553));
#2570=CARTESIAN_POINT('',(1176.77775332636,-1470.43611375726,0.917000000875533));
#2571=CARTESIAN_POINT('',(1176.77775332636,-1470.74861375726,0.917000000875533));
#2572=CARTESIAN_POINT('',(1176.46525332636,-1470.74861375726,0.917000000875533));
#2573=CARTESIAN_POINT('',(1176.15275332636,-1470.74861375726,0.917000000875533));
#2574=CARTESIAN_POINT('',(1176.15275332636,-1470.43611375726,0.917000000875533));
#2575=CARTESIAN_POINT('',(0.,0.,0.));
ENDSEC;
END-ISO-10303-21;
