ISO-10303-21;
HEADER;
/* Generated by software containing ST-Developer
 * from STEP Tools, Inc. (www.steptools.com) 
 */
/* OPTION: using custom schema-name function */

FILE_DESCRIPTION(
/* description */ (''),
/* implementation_level */ '2;1');

FILE_NAME(
/* name */ 'EL Vertical Support Type B x4',
/* time_stamp */ '2024-03-03T17:20:13-06:00',
/* author */ (''),
/* organization */ (''),
/* preprocessor_version */ 'ST-DEVELOPER v19.2',
/* originating_system */ 'Rhino 8.4',
/* authorisation */ '');

FILE_SCHEMA (('CONFIG_CONTROL_DESIGN'));
ENDSEC;

DATA;
#10=SHAPE_REPRESENTATION_RELATIONSHIP('','',#1503,#12);
#11=MANIFOLD_SOLID_BREP('brep_1',#13);
#12=ADVANCED_BREP_SHAPE_REPRESENTATION('brep_rep_0',(#11,#1675),#1502);
#13=CLOSED_SHELL('',(#14,#15,#16,#17,#18,#19,#20,#21,#22,#23,#24,#25,#26,
#27,#28,#29,#30,#31,#32,#33,#34,#35,#36,#37,#38,#39,#40,#41,#42,#43,#44,
#45,#46,#47,#48,#49,#50,#51,#52,#53,#54,#55,#56,#57,#58,#59,#60,#61,#62,
#63,#64,#65,#66,#67,#68,#69,#70,#71,#72,#73,#74,#75,#76,#77,#78,#79,#80,
#81));
#14=ADVANCED_FACE('',(#132,#82),#1400,.T.);
#15=ADVANCED_FACE('',(#133,#83,#84,#85,#86,#87,#88,#89,#90,#91,#92,#93,
#94,#95,#96,#97,#98,#99,#100,#101,#102,#103,#104,#105,#106),#1401,.T.);
#16=ADVANCED_FACE('',(#134),#1348,.T.);
#17=ADVANCED_FACE('',(#135),#1402,.T.);
#18=ADVANCED_FACE('',(#136),#1349,.T.);
#19=ADVANCED_FACE('',(#137),#1403,.T.);
#20=ADVANCED_FACE('',(#138),#1350,.T.);
#21=ADVANCED_FACE('',(#139),#1404,.T.);
#22=ADVANCED_FACE('',(#140),#1351,.T.);
#23=ADVANCED_FACE('',(#141,#107,#108,#109,#110,#111,#112,#113,#114,#115,
#116,#117,#118,#119,#120,#121,#122,#123,#124,#125,#126,#127,#128,#129,#130),
#1346,.T.);
#24=ADVANCED_FACE('',(#142,#131),#1405,.T.);
#25=ADVANCED_FACE('',(#143),#1352,.F.);
#26=ADVANCED_FACE('',(#144),#1353,.F.);
#27=ADVANCED_FACE('',(#145),#1354,.F.);
#28=ADVANCED_FACE('',(#146),#1355,.F.);
#29=ADVANCED_FACE('',(#147),#1356,.F.);
#30=ADVANCED_FACE('',(#148),#1357,.F.);
#31=ADVANCED_FACE('',(#149),#1358,.F.);
#32=ADVANCED_FACE('',(#150),#1406,.T.);
#33=ADVANCED_FACE('',(#151),#1359,.F.);
#34=ADVANCED_FACE('',(#152),#1407,.T.);
#35=ADVANCED_FACE('',(#153),#1360,.F.);
#36=ADVANCED_FACE('',(#154),#1361,.F.);
#37=ADVANCED_FACE('',(#155),#1362,.F.);
#38=ADVANCED_FACE('',(#156),#1363,.F.);
#39=ADVANCED_FACE('',(#157),#1364,.F.);
#40=ADVANCED_FACE('',(#158),#1365,.F.);
#41=ADVANCED_FACE('',(#159),#1366,.F.);
#42=ADVANCED_FACE('',(#160),#1408,.T.);
#43=ADVANCED_FACE('',(#161),#1367,.F.);
#44=ADVANCED_FACE('',(#162),#1409,.T.);
#45=ADVANCED_FACE('',(#163),#1368,.F.);
#46=ADVANCED_FACE('',(#164),#1369,.F.);
#47=ADVANCED_FACE('',(#165),#1370,.F.);
#48=ADVANCED_FACE('',(#166),#1371,.F.);
#49=ADVANCED_FACE('',(#167),#1372,.F.);
#50=ADVANCED_FACE('',(#168),#1373,.F.);
#51=ADVANCED_FACE('',(#169),#1374,.F.);
#52=ADVANCED_FACE('',(#170),#1410,.T.);
#53=ADVANCED_FACE('',(#171),#1375,.F.);
#54=ADVANCED_FACE('',(#172),#1411,.T.);
#55=ADVANCED_FACE('',(#173),#1376,.F.);
#56=ADVANCED_FACE('',(#174),#1412,.T.);
#57=ADVANCED_FACE('',(#175),#1377,.F.);
#58=ADVANCED_FACE('',(#176),#1413,.T.);
#59=ADVANCED_FACE('',(#177),#1378,.F.);
#60=ADVANCED_FACE('',(#178),#1379,.F.);
#61=ADVANCED_FACE('',(#179),#1347,.T.);
#62=ADVANCED_FACE('',(#180),#1380,.F.);
#63=ADVANCED_FACE('',(#181),#1381,.F.);
#64=ADVANCED_FACE('',(#182),#1382,.F.);
#65=ADVANCED_FACE('',(#183),#1383,.F.);
#66=ADVANCED_FACE('',(#184),#1384,.F.);
#67=ADVANCED_FACE('',(#185),#1385,.F.);
#68=ADVANCED_FACE('',(#186),#1386,.F.);
#69=ADVANCED_FACE('',(#187),#1387,.F.);
#70=ADVANCED_FACE('',(#188),#1388,.F.);
#71=ADVANCED_FACE('',(#189),#1389,.F.);
#72=ADVANCED_FACE('',(#190),#1390,.F.);
#73=ADVANCED_FACE('',(#191),#1391,.F.);
#74=ADVANCED_FACE('',(#192),#1392,.F.);
#75=ADVANCED_FACE('',(#193),#1393,.F.);
#76=ADVANCED_FACE('',(#194),#1394,.F.);
#77=ADVANCED_FACE('',(#195),#1395,.F.);
#78=ADVANCED_FACE('',(#196),#1396,.F.);
#79=ADVANCED_FACE('',(#197),#1397,.F.);
#80=ADVANCED_FACE('',(#198),#1398,.F.);
#81=ADVANCED_FACE('',(#199),#1399,.F.);
#82=FACE_BOUND('',#201,.T.);
#83=FACE_BOUND('',#203,.T.);
#84=FACE_BOUND('',#204,.T.);
#85=FACE_BOUND('',#205,.T.);
#86=FACE_BOUND('',#206,.T.);
#87=FACE_BOUND('',#207,.T.);
#88=FACE_BOUND('',#208,.T.);
#89=FACE_BOUND('',#209,.T.);
#90=FACE_BOUND('',#210,.T.);
#91=FACE_BOUND('',#211,.T.);
#92=FACE_BOUND('',#212,.T.);
#93=FACE_BOUND('',#213,.T.);
#94=FACE_BOUND('',#214,.T.);
#95=FACE_BOUND('',#215,.T.);
#96=FACE_BOUND('',#216,.T.);
#97=FACE_BOUND('',#217,.T.);
#98=FACE_BOUND('',#218,.T.);
#99=FACE_BOUND('',#219,.T.);
#100=FACE_BOUND('',#220,.T.);
#101=FACE_BOUND('',#221,.T.);
#102=FACE_BOUND('',#222,.T.);
#103=FACE_BOUND('',#223,.T.);
#104=FACE_BOUND('',#224,.T.);
#105=FACE_BOUND('',#225,.T.);
#106=FACE_BOUND('',#226,.T.);
#107=FACE_BOUND('',#235,.T.);
#108=FACE_BOUND('',#236,.T.);
#109=FACE_BOUND('',#237,.T.);
#110=FACE_BOUND('',#238,.T.);
#111=FACE_BOUND('',#239,.T.);
#112=FACE_BOUND('',#240,.T.);
#113=FACE_BOUND('',#241,.T.);
#114=FACE_BOUND('',#242,.T.);
#115=FACE_BOUND('',#243,.T.);
#116=FACE_BOUND('',#244,.T.);
#117=FACE_BOUND('',#245,.T.);
#118=FACE_BOUND('',#246,.T.);
#119=FACE_BOUND('',#247,.T.);
#120=FACE_BOUND('',#248,.T.);
#121=FACE_BOUND('',#249,.T.);
#122=FACE_BOUND('',#250,.T.);
#123=FACE_BOUND('',#251,.T.);
#124=FACE_BOUND('',#252,.T.);
#125=FACE_BOUND('',#253,.T.);
#126=FACE_BOUND('',#254,.T.);
#127=FACE_BOUND('',#255,.T.);
#128=FACE_BOUND('',#256,.T.);
#129=FACE_BOUND('',#257,.T.);
#130=FACE_BOUND('',#258,.T.);
#131=FACE_BOUND('',#260,.T.);
#132=FACE_OUTER_BOUND('',#200,.T.);
#133=FACE_OUTER_BOUND('',#202,.T.);
#134=FACE_OUTER_BOUND('',#227,.T.);
#135=FACE_OUTER_BOUND('',#228,.T.);
#136=FACE_OUTER_BOUND('',#229,.T.);
#137=FACE_OUTER_BOUND('',#230,.T.);
#138=FACE_OUTER_BOUND('',#231,.T.);
#139=FACE_OUTER_BOUND('',#232,.T.);
#140=FACE_OUTER_BOUND('',#233,.T.);
#141=FACE_OUTER_BOUND('',#234,.T.);
#142=FACE_OUTER_BOUND('',#259,.T.);
#143=FACE_OUTER_BOUND('',#261,.T.);
#144=FACE_OUTER_BOUND('',#262,.T.);
#145=FACE_OUTER_BOUND('',#263,.T.);
#146=FACE_OUTER_BOUND('',#264,.T.);
#147=FACE_OUTER_BOUND('',#265,.T.);
#148=FACE_OUTER_BOUND('',#266,.T.);
#149=FACE_OUTER_BOUND('',#267,.T.);
#150=FACE_OUTER_BOUND('',#268,.T.);
#151=FACE_OUTER_BOUND('',#269,.T.);
#152=FACE_OUTER_BOUND('',#270,.T.);
#153=FACE_OUTER_BOUND('',#271,.T.);
#154=FACE_OUTER_BOUND('',#272,.T.);
#155=FACE_OUTER_BOUND('',#273,.T.);
#156=FACE_OUTER_BOUND('',#274,.T.);
#157=FACE_OUTER_BOUND('',#275,.T.);
#158=FACE_OUTER_BOUND('',#276,.T.);
#159=FACE_OUTER_BOUND('',#277,.T.);
#160=FACE_OUTER_BOUND('',#278,.T.);
#161=FACE_OUTER_BOUND('',#279,.T.);
#162=FACE_OUTER_BOUND('',#280,.T.);
#163=FACE_OUTER_BOUND('',#281,.T.);
#164=FACE_OUTER_BOUND('',#282,.T.);
#165=FACE_OUTER_BOUND('',#283,.T.);
#166=FACE_OUTER_BOUND('',#284,.T.);
#167=FACE_OUTER_BOUND('',#285,.T.);
#168=FACE_OUTER_BOUND('',#286,.T.);
#169=FACE_OUTER_BOUND('',#287,.T.);
#170=FACE_OUTER_BOUND('',#288,.T.);
#171=FACE_OUTER_BOUND('',#289,.T.);
#172=FACE_OUTER_BOUND('',#290,.T.);
#173=FACE_OUTER_BOUND('',#291,.T.);
#174=FACE_OUTER_BOUND('',#292,.T.);
#175=FACE_OUTER_BOUND('',#293,.T.);
#176=FACE_OUTER_BOUND('',#294,.T.);
#177=FACE_OUTER_BOUND('',#295,.T.);
#178=FACE_OUTER_BOUND('',#296,.T.);
#179=FACE_OUTER_BOUND('',#297,.T.);
#180=FACE_OUTER_BOUND('',#298,.T.);
#181=FACE_OUTER_BOUND('',#299,.T.);
#182=FACE_OUTER_BOUND('',#300,.T.);
#183=FACE_OUTER_BOUND('',#301,.T.);
#184=FACE_OUTER_BOUND('',#302,.T.);
#185=FACE_OUTER_BOUND('',#303,.T.);
#186=FACE_OUTER_BOUND('',#304,.T.);
#187=FACE_OUTER_BOUND('',#305,.T.);
#188=FACE_OUTER_BOUND('',#306,.T.);
#189=FACE_OUTER_BOUND('',#307,.T.);
#190=FACE_OUTER_BOUND('',#308,.T.);
#191=FACE_OUTER_BOUND('',#309,.T.);
#192=FACE_OUTER_BOUND('',#310,.T.);
#193=FACE_OUTER_BOUND('',#311,.T.);
#194=FACE_OUTER_BOUND('',#312,.T.);
#195=FACE_OUTER_BOUND('',#313,.T.);
#196=FACE_OUTER_BOUND('',#314,.T.);
#197=FACE_OUTER_BOUND('',#315,.T.);
#198=FACE_OUTER_BOUND('',#316,.T.);
#199=FACE_OUTER_BOUND('',#317,.T.);
#200=EDGE_LOOP('',(#318,#319,#320,#321,#322,#323,#324,#325));
#201=EDGE_LOOP('',(#326,#327));
#202=EDGE_LOOP('',(#328,#329,#330,#331));
#203=EDGE_LOOP('',(#332,#333));
#204=EDGE_LOOP('',(#334,#335));
#205=EDGE_LOOP('',(#336,#337));
#206=EDGE_LOOP('',(#338,#339));
#207=EDGE_LOOP('',(#340,#341));
#208=EDGE_LOOP('',(#342,#343));
#209=EDGE_LOOP('',(#344,#345,#346,#347));
#210=EDGE_LOOP('',(#348,#349));
#211=EDGE_LOOP('',(#350,#351));
#212=EDGE_LOOP('',(#352,#353));
#213=EDGE_LOOP('',(#354,#355));
#214=EDGE_LOOP('',(#356,#357));
#215=EDGE_LOOP('',(#358,#359));
#216=EDGE_LOOP('',(#360,#361,#362,#363));
#217=EDGE_LOOP('',(#364,#365));
#218=EDGE_LOOP('',(#366,#367));
#219=EDGE_LOOP('',(#368,#369));
#220=EDGE_LOOP('',(#370,#371));
#221=EDGE_LOOP('',(#372,#373));
#222=EDGE_LOOP('',(#374,#375));
#223=EDGE_LOOP('',(#376,#377,#378,#379));
#224=EDGE_LOOP('',(#380,#381,#382,#383));
#225=EDGE_LOOP('',(#384,#385));
#226=EDGE_LOOP('',(#386,#387));
#227=EDGE_LOOP('',(#388,#389,#390,#391));
#228=EDGE_LOOP('',(#392,#393,#394,#395));
#229=EDGE_LOOP('',(#396,#397,#398,#399));
#230=EDGE_LOOP('',(#400,#401,#402,#403));
#231=EDGE_LOOP('',(#404,#405,#406,#407));
#232=EDGE_LOOP('',(#408,#409,#410,#411));
#233=EDGE_LOOP('',(#412,#413,#414,#415));
#234=EDGE_LOOP('',(#416,#417,#418,#419));
#235=EDGE_LOOP('',(#420,#421));
#236=EDGE_LOOP('',(#422,#423));
#237=EDGE_LOOP('',(#424,#425));
#238=EDGE_LOOP('',(#426,#427));
#239=EDGE_LOOP('',(#428,#429));
#240=EDGE_LOOP('',(#430,#431));
#241=EDGE_LOOP('',(#432,#433,#434,#435));
#242=EDGE_LOOP('',(#436,#437));
#243=EDGE_LOOP('',(#438,#439));
#244=EDGE_LOOP('',(#440,#441));
#245=EDGE_LOOP('',(#442,#443));
#246=EDGE_LOOP('',(#444,#445));
#247=EDGE_LOOP('',(#446,#447));
#248=EDGE_LOOP('',(#448,#449,#450,#451));
#249=EDGE_LOOP('',(#452,#453));
#250=EDGE_LOOP('',(#454,#455));
#251=EDGE_LOOP('',(#456,#457));
#252=EDGE_LOOP('',(#458,#459));
#253=EDGE_LOOP('',(#460,#461));
#254=EDGE_LOOP('',(#462,#463));
#255=EDGE_LOOP('',(#464,#465,#466,#467));
#256=EDGE_LOOP('',(#468,#469,#470,#471));
#257=EDGE_LOOP('',(#472,#473));
#258=EDGE_LOOP('',(#474,#475));
#259=EDGE_LOOP('',(#476,#477,#478,#479,#480,#481,#482,#483));
#260=EDGE_LOOP('',(#484,#485));
#261=EDGE_LOOP('',(#486,#487,#488,#489));
#262=EDGE_LOOP('',(#490,#491,#492,#493));
#263=EDGE_LOOP('',(#494,#495,#496,#497));
#264=EDGE_LOOP('',(#498,#499,#500,#501));
#265=EDGE_LOOP('',(#502,#503,#504,#505));
#266=EDGE_LOOP('',(#506,#507,#508,#509));
#267=EDGE_LOOP('',(#510,#511,#512,#513));
#268=EDGE_LOOP('',(#514,#515,#516,#517));
#269=EDGE_LOOP('',(#518,#519,#520,#521));
#270=EDGE_LOOP('',(#522,#523,#524,#525));
#271=EDGE_LOOP('',(#526,#527,#528,#529));
#272=EDGE_LOOP('',(#530,#531,#532,#533));
#273=EDGE_LOOP('',(#534,#535,#536,#537));
#274=EDGE_LOOP('',(#538,#539,#540,#541));
#275=EDGE_LOOP('',(#542,#543,#544,#545));
#276=EDGE_LOOP('',(#546,#547,#548,#549));
#277=EDGE_LOOP('',(#550,#551,#552,#553));
#278=EDGE_LOOP('',(#554,#555,#556,#557));
#279=EDGE_LOOP('',(#558,#559,#560,#561));
#280=EDGE_LOOP('',(#562,#563,#564,#565));
#281=EDGE_LOOP('',(#566,#567,#568,#569));
#282=EDGE_LOOP('',(#570,#571,#572,#573));
#283=EDGE_LOOP('',(#574,#575,#576,#577));
#284=EDGE_LOOP('',(#578,#579,#580,#581));
#285=EDGE_LOOP('',(#582,#583,#584,#585));
#286=EDGE_LOOP('',(#586,#587,#588,#589));
#287=EDGE_LOOP('',(#590,#591,#592,#593));
#288=EDGE_LOOP('',(#594,#595,#596,#597));
#289=EDGE_LOOP('',(#598,#599,#600,#601));
#290=EDGE_LOOP('',(#602,#603,#604,#605));
#291=EDGE_LOOP('',(#606,#607,#608,#609));
#292=EDGE_LOOP('',(#610,#611,#612,#613));
#293=EDGE_LOOP('',(#614,#615,#616,#617));
#294=EDGE_LOOP('',(#618,#619,#620,#621));
#295=EDGE_LOOP('',(#622,#623,#624,#625));
#296=EDGE_LOOP('',(#626,#627,#628,#629));
#297=EDGE_LOOP('',(#630,#631,#632,#633));
#298=EDGE_LOOP('',(#634,#635,#636,#637));
#299=EDGE_LOOP('',(#638,#639,#640,#641));
#300=EDGE_LOOP('',(#642,#643,#644,#645));
#301=EDGE_LOOP('',(#646,#647,#648,#649));
#302=EDGE_LOOP('',(#650,#651,#652,#653));
#303=EDGE_LOOP('',(#654,#655,#656,#657));
#304=EDGE_LOOP('',(#658,#659,#660,#661));
#305=EDGE_LOOP('',(#662,#663,#664,#665));
#306=EDGE_LOOP('',(#666,#667,#668,#669));
#307=EDGE_LOOP('',(#670,#671,#672,#673));
#308=EDGE_LOOP('',(#674,#675,#676,#677));
#309=EDGE_LOOP('',(#678,#679,#680,#681));
#310=EDGE_LOOP('',(#682,#683,#684,#685));
#311=EDGE_LOOP('',(#686,#687,#688,#689));
#312=EDGE_LOOP('',(#690,#691,#692,#693));
#313=EDGE_LOOP('',(#694,#695,#696,#697));
#314=EDGE_LOOP('',(#698,#699,#700,#701));
#315=EDGE_LOOP('',(#702,#703,#704,#705));
#316=EDGE_LOOP('',(#706,#707,#708,#709));
#317=EDGE_LOOP('',(#710,#711,#712,#713));
#318=ORIENTED_EDGE('',*,*,#714,.T.);
#319=ORIENTED_EDGE('',*,*,#715,.T.);
#320=ORIENTED_EDGE('',*,*,#716,.T.);
#321=ORIENTED_EDGE('',*,*,#717,.T.);
#322=ORIENTED_EDGE('',*,*,#718,.T.);
#323=ORIENTED_EDGE('',*,*,#719,.T.);
#324=ORIENTED_EDGE('',*,*,#720,.T.);
#325=ORIENTED_EDGE('',*,*,#721,.T.);
#326=ORIENTED_EDGE('',*,*,#850,.F.);
#327=ORIENTED_EDGE('',*,*,#722,.F.);
#328=ORIENTED_EDGE('',*,*,#714,.F.);
#329=ORIENTED_EDGE('',*,*,#723,.T.);
#330=ORIENTED_EDGE('',*,*,#724,.T.);
#331=ORIENTED_EDGE('',*,*,#725,.T.);
#332=ORIENTED_EDGE('',*,*,#741,.T.);
#333=ORIENTED_EDGE('',*,*,#853,.T.);
#334=ORIENTED_EDGE('',*,*,#744,.T.);
#335=ORIENTED_EDGE('',*,*,#856,.T.);
#336=ORIENTED_EDGE('',*,*,#747,.T.);
#337=ORIENTED_EDGE('',*,*,#859,.T.);
#338=ORIENTED_EDGE('',*,*,#750,.T.);
#339=ORIENTED_EDGE('',*,*,#862,.T.);
#340=ORIENTED_EDGE('',*,*,#753,.T.);
#341=ORIENTED_EDGE('',*,*,#865,.T.);
#342=ORIENTED_EDGE('',*,*,#756,.T.);
#343=ORIENTED_EDGE('',*,*,#868,.T.);
#344=ORIENTED_EDGE('',*,*,#759,.T.);
#345=ORIENTED_EDGE('',*,*,#762,.T.);
#346=ORIENTED_EDGE('',*,*,#761,.T.);
#347=ORIENTED_EDGE('',*,*,#760,.T.);
#348=ORIENTED_EDGE('',*,*,#771,.T.);
#349=ORIENTED_EDGE('',*,*,#871,.T.);
#350=ORIENTED_EDGE('',*,*,#774,.T.);
#351=ORIENTED_EDGE('',*,*,#874,.T.);
#352=ORIENTED_EDGE('',*,*,#777,.T.);
#353=ORIENTED_EDGE('',*,*,#877,.T.);
#354=ORIENTED_EDGE('',*,*,#780,.T.);
#355=ORIENTED_EDGE('',*,*,#880,.T.);
#356=ORIENTED_EDGE('',*,*,#783,.T.);
#357=ORIENTED_EDGE('',*,*,#883,.T.);
#358=ORIENTED_EDGE('',*,*,#786,.T.);
#359=ORIENTED_EDGE('',*,*,#886,.T.);
#360=ORIENTED_EDGE('',*,*,#789,.T.);
#361=ORIENTED_EDGE('',*,*,#792,.T.);
#362=ORIENTED_EDGE('',*,*,#791,.T.);
#363=ORIENTED_EDGE('',*,*,#790,.T.);
#364=ORIENTED_EDGE('',*,*,#801,.T.);
#365=ORIENTED_EDGE('',*,*,#889,.T.);
#366=ORIENTED_EDGE('',*,*,#804,.T.);
#367=ORIENTED_EDGE('',*,*,#892,.T.);
#368=ORIENTED_EDGE('',*,*,#807,.T.);
#369=ORIENTED_EDGE('',*,*,#895,.T.);
#370=ORIENTED_EDGE('',*,*,#810,.T.);
#371=ORIENTED_EDGE('',*,*,#898,.T.);
#372=ORIENTED_EDGE('',*,*,#813,.T.);
#373=ORIENTED_EDGE('',*,*,#901,.T.);
#374=ORIENTED_EDGE('',*,*,#816,.T.);
#375=ORIENTED_EDGE('',*,*,#904,.T.);
#376=ORIENTED_EDGE('',*,*,#819,.T.);
#377=ORIENTED_EDGE('',*,*,#822,.T.);
#378=ORIENTED_EDGE('',*,*,#821,.T.);
#379=ORIENTED_EDGE('',*,*,#820,.T.);
#380=ORIENTED_EDGE('',*,*,#831,.T.);
#381=ORIENTED_EDGE('',*,*,#834,.T.);
#382=ORIENTED_EDGE('',*,*,#833,.T.);
#383=ORIENTED_EDGE('',*,*,#832,.T.);
#384=ORIENTED_EDGE('',*,*,#843,.T.);
#385=ORIENTED_EDGE('',*,*,#907,.T.);
#386=ORIENTED_EDGE('',*,*,#846,.T.);
#387=ORIENTED_EDGE('',*,*,#910,.T.);
#388=ORIENTED_EDGE('',*,*,#715,.F.);
#389=ORIENTED_EDGE('',*,*,#725,.F.);
#390=ORIENTED_EDGE('',*,*,#726,.T.);
#391=ORIENTED_EDGE('',*,*,#727,.T.);
#392=ORIENTED_EDGE('',*,*,#716,.F.);
#393=ORIENTED_EDGE('',*,*,#727,.F.);
#394=ORIENTED_EDGE('',*,*,#728,.T.);
#395=ORIENTED_EDGE('',*,*,#729,.T.);
#396=ORIENTED_EDGE('',*,*,#717,.F.);
#397=ORIENTED_EDGE('',*,*,#729,.F.);
#398=ORIENTED_EDGE('',*,*,#730,.T.);
#399=ORIENTED_EDGE('',*,*,#731,.T.);
#400=ORIENTED_EDGE('',*,*,#718,.F.);
#401=ORIENTED_EDGE('',*,*,#731,.F.);
#402=ORIENTED_EDGE('',*,*,#732,.T.);
#403=ORIENTED_EDGE('',*,*,#733,.T.);
#404=ORIENTED_EDGE('',*,*,#719,.F.);
#405=ORIENTED_EDGE('',*,*,#733,.F.);
#406=ORIENTED_EDGE('',*,*,#734,.T.);
#407=ORIENTED_EDGE('',*,*,#735,.T.);
#408=ORIENTED_EDGE('',*,*,#720,.F.);
#409=ORIENTED_EDGE('',*,*,#735,.F.);
#410=ORIENTED_EDGE('',*,*,#736,.T.);
#411=ORIENTED_EDGE('',*,*,#737,.T.);
#412=ORIENTED_EDGE('',*,*,#721,.F.);
#413=ORIENTED_EDGE('',*,*,#737,.F.);
#414=ORIENTED_EDGE('',*,*,#738,.T.);
#415=ORIENTED_EDGE('',*,*,#723,.F.);
#416=ORIENTED_EDGE('',*,*,#849,.T.);
#417=ORIENTED_EDGE('',*,*,#851,.T.);
#418=ORIENTED_EDGE('',*,*,#739,.F.);
#419=ORIENTED_EDGE('',*,*,#722,.T.);
#420=ORIENTED_EDGE('',*,*,#742,.T.);
#421=ORIENTED_EDGE('',*,*,#854,.T.);
#422=ORIENTED_EDGE('',*,*,#745,.T.);
#423=ORIENTED_EDGE('',*,*,#857,.T.);
#424=ORIENTED_EDGE('',*,*,#748,.T.);
#425=ORIENTED_EDGE('',*,*,#860,.T.);
#426=ORIENTED_EDGE('',*,*,#751,.T.);
#427=ORIENTED_EDGE('',*,*,#863,.T.);
#428=ORIENTED_EDGE('',*,*,#754,.T.);
#429=ORIENTED_EDGE('',*,*,#866,.T.);
#430=ORIENTED_EDGE('',*,*,#757,.T.);
#431=ORIENTED_EDGE('',*,*,#869,.T.);
#432=ORIENTED_EDGE('',*,*,#766,.T.);
#433=ORIENTED_EDGE('',*,*,#763,.T.);
#434=ORIENTED_EDGE('',*,*,#764,.T.);
#435=ORIENTED_EDGE('',*,*,#765,.T.);
#436=ORIENTED_EDGE('',*,*,#772,.T.);
#437=ORIENTED_EDGE('',*,*,#872,.T.);
#438=ORIENTED_EDGE('',*,*,#775,.T.);
#439=ORIENTED_EDGE('',*,*,#875,.T.);
#440=ORIENTED_EDGE('',*,*,#778,.T.);
#441=ORIENTED_EDGE('',*,*,#878,.T.);
#442=ORIENTED_EDGE('',*,*,#781,.T.);
#443=ORIENTED_EDGE('',*,*,#881,.T.);
#444=ORIENTED_EDGE('',*,*,#784,.T.);
#445=ORIENTED_EDGE('',*,*,#884,.T.);
#446=ORIENTED_EDGE('',*,*,#787,.T.);
#447=ORIENTED_EDGE('',*,*,#887,.T.);
#448=ORIENTED_EDGE('',*,*,#796,.T.);
#449=ORIENTED_EDGE('',*,*,#793,.T.);
#450=ORIENTED_EDGE('',*,*,#794,.T.);
#451=ORIENTED_EDGE('',*,*,#795,.T.);
#452=ORIENTED_EDGE('',*,*,#802,.T.);
#453=ORIENTED_EDGE('',*,*,#890,.T.);
#454=ORIENTED_EDGE('',*,*,#805,.T.);
#455=ORIENTED_EDGE('',*,*,#893,.T.);
#456=ORIENTED_EDGE('',*,*,#808,.T.);
#457=ORIENTED_EDGE('',*,*,#896,.T.);
#458=ORIENTED_EDGE('',*,*,#811,.T.);
#459=ORIENTED_EDGE('',*,*,#899,.T.);
#460=ORIENTED_EDGE('',*,*,#814,.T.);
#461=ORIENTED_EDGE('',*,*,#902,.T.);
#462=ORIENTED_EDGE('',*,*,#817,.T.);
#463=ORIENTED_EDGE('',*,*,#905,.T.);
#464=ORIENTED_EDGE('',*,*,#826,.T.);
#465=ORIENTED_EDGE('',*,*,#823,.T.);
#466=ORIENTED_EDGE('',*,*,#824,.T.);
#467=ORIENTED_EDGE('',*,*,#825,.T.);
#468=ORIENTED_EDGE('',*,*,#838,.T.);
#469=ORIENTED_EDGE('',*,*,#835,.T.);
#470=ORIENTED_EDGE('',*,*,#836,.T.);
#471=ORIENTED_EDGE('',*,*,#837,.T.);
#472=ORIENTED_EDGE('',*,*,#844,.T.);
#473=ORIENTED_EDGE('',*,*,#908,.T.);
#474=ORIENTED_EDGE('',*,*,#847,.T.);
#475=ORIENTED_EDGE('',*,*,#911,.T.);
#476=ORIENTED_EDGE('',*,*,#738,.F.);
#477=ORIENTED_EDGE('',*,*,#736,.F.);
#478=ORIENTED_EDGE('',*,*,#734,.F.);
#479=ORIENTED_EDGE('',*,*,#732,.F.);
#480=ORIENTED_EDGE('',*,*,#730,.F.);
#481=ORIENTED_EDGE('',*,*,#728,.F.);
#482=ORIENTED_EDGE('',*,*,#726,.F.);
#483=ORIENTED_EDGE('',*,*,#724,.F.);
#484=ORIENTED_EDGE('',*,*,#851,.F.);
#485=ORIENTED_EDGE('',*,*,#740,.F.);
#486=ORIENTED_EDGE('',*,*,#741,.F.);
#487=ORIENTED_EDGE('',*,*,#743,.T.);
#488=ORIENTED_EDGE('',*,*,#854,.F.);
#489=ORIENTED_EDGE('',*,*,#852,.F.);
#490=ORIENTED_EDGE('',*,*,#744,.F.);
#491=ORIENTED_EDGE('',*,*,#746,.T.);
#492=ORIENTED_EDGE('',*,*,#857,.F.);
#493=ORIENTED_EDGE('',*,*,#855,.F.);
#494=ORIENTED_EDGE('',*,*,#747,.F.);
#495=ORIENTED_EDGE('',*,*,#749,.T.);
#496=ORIENTED_EDGE('',*,*,#860,.F.);
#497=ORIENTED_EDGE('',*,*,#858,.F.);
#498=ORIENTED_EDGE('',*,*,#750,.F.);
#499=ORIENTED_EDGE('',*,*,#752,.T.);
#500=ORIENTED_EDGE('',*,*,#863,.F.);
#501=ORIENTED_EDGE('',*,*,#861,.F.);
#502=ORIENTED_EDGE('',*,*,#753,.F.);
#503=ORIENTED_EDGE('',*,*,#755,.T.);
#504=ORIENTED_EDGE('',*,*,#866,.F.);
#505=ORIENTED_EDGE('',*,*,#864,.F.);
#506=ORIENTED_EDGE('',*,*,#756,.F.);
#507=ORIENTED_EDGE('',*,*,#758,.T.);
#508=ORIENTED_EDGE('',*,*,#869,.F.);
#509=ORIENTED_EDGE('',*,*,#867,.F.);
#510=ORIENTED_EDGE('',*,*,#767,.F.);
#511=ORIENTED_EDGE('',*,*,#763,.F.);
#512=ORIENTED_EDGE('',*,*,#768,.T.);
#513=ORIENTED_EDGE('',*,*,#759,.F.);
#514=ORIENTED_EDGE('',*,*,#769,.F.);
#515=ORIENTED_EDGE('',*,*,#764,.F.);
#516=ORIENTED_EDGE('',*,*,#767,.T.);
#517=ORIENTED_EDGE('',*,*,#760,.F.);
#518=ORIENTED_EDGE('',*,*,#769,.T.);
#519=ORIENTED_EDGE('',*,*,#761,.F.);
#520=ORIENTED_EDGE('',*,*,#770,.F.);
#521=ORIENTED_EDGE('',*,*,#765,.F.);
#522=ORIENTED_EDGE('',*,*,#768,.F.);
#523=ORIENTED_EDGE('',*,*,#766,.F.);
#524=ORIENTED_EDGE('',*,*,#770,.T.);
#525=ORIENTED_EDGE('',*,*,#762,.F.);
#526=ORIENTED_EDGE('',*,*,#771,.F.);
#527=ORIENTED_EDGE('',*,*,#773,.T.);
#528=ORIENTED_EDGE('',*,*,#872,.F.);
#529=ORIENTED_EDGE('',*,*,#870,.F.);
#530=ORIENTED_EDGE('',*,*,#774,.F.);
#531=ORIENTED_EDGE('',*,*,#776,.T.);
#532=ORIENTED_EDGE('',*,*,#875,.F.);
#533=ORIENTED_EDGE('',*,*,#873,.F.);
#534=ORIENTED_EDGE('',*,*,#777,.F.);
#535=ORIENTED_EDGE('',*,*,#779,.T.);
#536=ORIENTED_EDGE('',*,*,#878,.F.);
#537=ORIENTED_EDGE('',*,*,#876,.F.);
#538=ORIENTED_EDGE('',*,*,#780,.F.);
#539=ORIENTED_EDGE('',*,*,#782,.T.);
#540=ORIENTED_EDGE('',*,*,#881,.F.);
#541=ORIENTED_EDGE('',*,*,#879,.F.);
#542=ORIENTED_EDGE('',*,*,#783,.F.);
#543=ORIENTED_EDGE('',*,*,#785,.T.);
#544=ORIENTED_EDGE('',*,*,#884,.F.);
#545=ORIENTED_EDGE('',*,*,#882,.F.);
#546=ORIENTED_EDGE('',*,*,#786,.F.);
#547=ORIENTED_EDGE('',*,*,#788,.T.);
#548=ORIENTED_EDGE('',*,*,#887,.F.);
#549=ORIENTED_EDGE('',*,*,#885,.F.);
#550=ORIENTED_EDGE('',*,*,#797,.F.);
#551=ORIENTED_EDGE('',*,*,#793,.F.);
#552=ORIENTED_EDGE('',*,*,#798,.T.);
#553=ORIENTED_EDGE('',*,*,#789,.F.);
#554=ORIENTED_EDGE('',*,*,#799,.F.);
#555=ORIENTED_EDGE('',*,*,#794,.F.);
#556=ORIENTED_EDGE('',*,*,#797,.T.);
#557=ORIENTED_EDGE('',*,*,#790,.F.);
#558=ORIENTED_EDGE('',*,*,#799,.T.);
#559=ORIENTED_EDGE('',*,*,#791,.F.);
#560=ORIENTED_EDGE('',*,*,#800,.F.);
#561=ORIENTED_EDGE('',*,*,#795,.F.);
#562=ORIENTED_EDGE('',*,*,#798,.F.);
#563=ORIENTED_EDGE('',*,*,#796,.F.);
#564=ORIENTED_EDGE('',*,*,#800,.T.);
#565=ORIENTED_EDGE('',*,*,#792,.F.);
#566=ORIENTED_EDGE('',*,*,#801,.F.);
#567=ORIENTED_EDGE('',*,*,#803,.T.);
#568=ORIENTED_EDGE('',*,*,#890,.F.);
#569=ORIENTED_EDGE('',*,*,#888,.F.);
#570=ORIENTED_EDGE('',*,*,#804,.F.);
#571=ORIENTED_EDGE('',*,*,#806,.T.);
#572=ORIENTED_EDGE('',*,*,#893,.F.);
#573=ORIENTED_EDGE('',*,*,#891,.F.);
#574=ORIENTED_EDGE('',*,*,#807,.F.);
#575=ORIENTED_EDGE('',*,*,#809,.T.);
#576=ORIENTED_EDGE('',*,*,#896,.F.);
#577=ORIENTED_EDGE('',*,*,#894,.F.);
#578=ORIENTED_EDGE('',*,*,#810,.F.);
#579=ORIENTED_EDGE('',*,*,#812,.T.);
#580=ORIENTED_EDGE('',*,*,#899,.F.);
#581=ORIENTED_EDGE('',*,*,#897,.F.);
#582=ORIENTED_EDGE('',*,*,#813,.F.);
#583=ORIENTED_EDGE('',*,*,#815,.T.);
#584=ORIENTED_EDGE('',*,*,#902,.F.);
#585=ORIENTED_EDGE('',*,*,#900,.F.);
#586=ORIENTED_EDGE('',*,*,#816,.F.);
#587=ORIENTED_EDGE('',*,*,#818,.T.);
#588=ORIENTED_EDGE('',*,*,#905,.F.);
#589=ORIENTED_EDGE('',*,*,#903,.F.);
#590=ORIENTED_EDGE('',*,*,#827,.F.);
#591=ORIENTED_EDGE('',*,*,#823,.F.);
#592=ORIENTED_EDGE('',*,*,#828,.T.);
#593=ORIENTED_EDGE('',*,*,#819,.F.);
#594=ORIENTED_EDGE('',*,*,#829,.F.);
#595=ORIENTED_EDGE('',*,*,#824,.F.);
#596=ORIENTED_EDGE('',*,*,#827,.T.);
#597=ORIENTED_EDGE('',*,*,#820,.F.);
#598=ORIENTED_EDGE('',*,*,#829,.T.);
#599=ORIENTED_EDGE('',*,*,#821,.F.);
#600=ORIENTED_EDGE('',*,*,#830,.F.);
#601=ORIENTED_EDGE('',*,*,#825,.F.);
#602=ORIENTED_EDGE('',*,*,#828,.F.);
#603=ORIENTED_EDGE('',*,*,#826,.F.);
#604=ORIENTED_EDGE('',*,*,#830,.T.);
#605=ORIENTED_EDGE('',*,*,#822,.F.);
#606=ORIENTED_EDGE('',*,*,#839,.F.);
#607=ORIENTED_EDGE('',*,*,#835,.F.);
#608=ORIENTED_EDGE('',*,*,#840,.T.);
#609=ORIENTED_EDGE('',*,*,#831,.F.);
#610=ORIENTED_EDGE('',*,*,#841,.F.);
#611=ORIENTED_EDGE('',*,*,#836,.F.);
#612=ORIENTED_EDGE('',*,*,#839,.T.);
#613=ORIENTED_EDGE('',*,*,#832,.F.);
#614=ORIENTED_EDGE('',*,*,#841,.T.);
#615=ORIENTED_EDGE('',*,*,#833,.F.);
#616=ORIENTED_EDGE('',*,*,#842,.F.);
#617=ORIENTED_EDGE('',*,*,#837,.F.);
#618=ORIENTED_EDGE('',*,*,#840,.F.);
#619=ORIENTED_EDGE('',*,*,#838,.F.);
#620=ORIENTED_EDGE('',*,*,#842,.T.);
#621=ORIENTED_EDGE('',*,*,#834,.F.);
#622=ORIENTED_EDGE('',*,*,#844,.F.);
#623=ORIENTED_EDGE('',*,*,#845,.T.);
#624=ORIENTED_EDGE('',*,*,#907,.F.);
#625=ORIENTED_EDGE('',*,*,#906,.F.);
#626=ORIENTED_EDGE('',*,*,#847,.F.);
#627=ORIENTED_EDGE('',*,*,#848,.T.);
#628=ORIENTED_EDGE('',*,*,#910,.F.);
#629=ORIENTED_EDGE('',*,*,#909,.F.);
#630=ORIENTED_EDGE('',*,*,#850,.T.);
#631=ORIENTED_EDGE('',*,*,#739,.T.);
#632=ORIENTED_EDGE('',*,*,#740,.T.);
#633=ORIENTED_EDGE('',*,*,#849,.F.);
#634=ORIENTED_EDGE('',*,*,#852,.T.);
#635=ORIENTED_EDGE('',*,*,#742,.F.);
#636=ORIENTED_EDGE('',*,*,#743,.F.);
#637=ORIENTED_EDGE('',*,*,#853,.F.);
#638=ORIENTED_EDGE('',*,*,#855,.T.);
#639=ORIENTED_EDGE('',*,*,#745,.F.);
#640=ORIENTED_EDGE('',*,*,#746,.F.);
#641=ORIENTED_EDGE('',*,*,#856,.F.);
#642=ORIENTED_EDGE('',*,*,#858,.T.);
#643=ORIENTED_EDGE('',*,*,#748,.F.);
#644=ORIENTED_EDGE('',*,*,#749,.F.);
#645=ORIENTED_EDGE('',*,*,#859,.F.);
#646=ORIENTED_EDGE('',*,*,#861,.T.);
#647=ORIENTED_EDGE('',*,*,#751,.F.);
#648=ORIENTED_EDGE('',*,*,#752,.F.);
#649=ORIENTED_EDGE('',*,*,#862,.F.);
#650=ORIENTED_EDGE('',*,*,#864,.T.);
#651=ORIENTED_EDGE('',*,*,#754,.F.);
#652=ORIENTED_EDGE('',*,*,#755,.F.);
#653=ORIENTED_EDGE('',*,*,#865,.F.);
#654=ORIENTED_EDGE('',*,*,#867,.T.);
#655=ORIENTED_EDGE('',*,*,#757,.F.);
#656=ORIENTED_EDGE('',*,*,#758,.F.);
#657=ORIENTED_EDGE('',*,*,#868,.F.);
#658=ORIENTED_EDGE('',*,*,#870,.T.);
#659=ORIENTED_EDGE('',*,*,#772,.F.);
#660=ORIENTED_EDGE('',*,*,#773,.F.);
#661=ORIENTED_EDGE('',*,*,#871,.F.);
#662=ORIENTED_EDGE('',*,*,#873,.T.);
#663=ORIENTED_EDGE('',*,*,#775,.F.);
#664=ORIENTED_EDGE('',*,*,#776,.F.);
#665=ORIENTED_EDGE('',*,*,#874,.F.);
#666=ORIENTED_EDGE('',*,*,#876,.T.);
#667=ORIENTED_EDGE('',*,*,#778,.F.);
#668=ORIENTED_EDGE('',*,*,#779,.F.);
#669=ORIENTED_EDGE('',*,*,#877,.F.);
#670=ORIENTED_EDGE('',*,*,#879,.T.);
#671=ORIENTED_EDGE('',*,*,#781,.F.);
#672=ORIENTED_EDGE('',*,*,#782,.F.);
#673=ORIENTED_EDGE('',*,*,#880,.F.);
#674=ORIENTED_EDGE('',*,*,#882,.T.);
#675=ORIENTED_EDGE('',*,*,#784,.F.);
#676=ORIENTED_EDGE('',*,*,#785,.F.);
#677=ORIENTED_EDGE('',*,*,#883,.F.);
#678=ORIENTED_EDGE('',*,*,#885,.T.);
#679=ORIENTED_EDGE('',*,*,#787,.F.);
#680=ORIENTED_EDGE('',*,*,#788,.F.);
#681=ORIENTED_EDGE('',*,*,#886,.F.);
#682=ORIENTED_EDGE('',*,*,#888,.T.);
#683=ORIENTED_EDGE('',*,*,#802,.F.);
#684=ORIENTED_EDGE('',*,*,#803,.F.);
#685=ORIENTED_EDGE('',*,*,#889,.F.);
#686=ORIENTED_EDGE('',*,*,#891,.T.);
#687=ORIENTED_EDGE('',*,*,#805,.F.);
#688=ORIENTED_EDGE('',*,*,#806,.F.);
#689=ORIENTED_EDGE('',*,*,#892,.F.);
#690=ORIENTED_EDGE('',*,*,#894,.T.);
#691=ORIENTED_EDGE('',*,*,#808,.F.);
#692=ORIENTED_EDGE('',*,*,#809,.F.);
#693=ORIENTED_EDGE('',*,*,#895,.F.);
#694=ORIENTED_EDGE('',*,*,#897,.T.);
#695=ORIENTED_EDGE('',*,*,#811,.F.);
#696=ORIENTED_EDGE('',*,*,#812,.F.);
#697=ORIENTED_EDGE('',*,*,#898,.F.);
#698=ORIENTED_EDGE('',*,*,#900,.T.);
#699=ORIENTED_EDGE('',*,*,#814,.F.);
#700=ORIENTED_EDGE('',*,*,#815,.F.);
#701=ORIENTED_EDGE('',*,*,#901,.F.);
#702=ORIENTED_EDGE('',*,*,#903,.T.);
#703=ORIENTED_EDGE('',*,*,#817,.F.);
#704=ORIENTED_EDGE('',*,*,#818,.F.);
#705=ORIENTED_EDGE('',*,*,#904,.F.);
#706=ORIENTED_EDGE('',*,*,#906,.T.);
#707=ORIENTED_EDGE('',*,*,#843,.F.);
#708=ORIENTED_EDGE('',*,*,#845,.F.);
#709=ORIENTED_EDGE('',*,*,#908,.F.);
#710=ORIENTED_EDGE('',*,*,#909,.T.);
#711=ORIENTED_EDGE('',*,*,#846,.F.);
#712=ORIENTED_EDGE('',*,*,#848,.F.);
#713=ORIENTED_EDGE('',*,*,#911,.F.);
#714=EDGE_CURVE('',#1214,#1215,#1176,.T.);
#715=EDGE_CURVE('',#1215,#1216,#968,.T.);
#716=EDGE_CURVE('',#1216,#1217,#1177,.T.);
#717=EDGE_CURVE('',#1217,#1218,#969,.T.);
#718=EDGE_CURVE('',#1218,#1219,#1178,.T.);
#719=EDGE_CURVE('',#1219,#1220,#970,.T.);
#720=EDGE_CURVE('',#1220,#1221,#1179,.T.);
#721=EDGE_CURVE('',#1221,#1214,#971,.T.);
#722=EDGE_CURVE('',#1222,#1304,#912,.T.);
#723=EDGE_CURVE('',#1214,#1223,#1180,.T.);
#724=EDGE_CURVE('',#1223,#1224,#1181,.T.);
#725=EDGE_CURVE('',#1224,#1215,#1182,.T.);
#726=EDGE_CURVE('',#1224,#1225,#972,.T.);
#727=EDGE_CURVE('',#1225,#1216,#1183,.T.);
#728=EDGE_CURVE('',#1225,#1226,#1184,.T.);
#729=EDGE_CURVE('',#1226,#1217,#1185,.T.);
#730=EDGE_CURVE('',#1226,#1227,#973,.T.);
#731=EDGE_CURVE('',#1227,#1218,#1186,.T.);
#732=EDGE_CURVE('',#1227,#1228,#1187,.T.);
#733=EDGE_CURVE('',#1228,#1219,#1188,.T.);
#734=EDGE_CURVE('',#1228,#1229,#974,.T.);
#735=EDGE_CURVE('',#1229,#1220,#1189,.T.);
#736=EDGE_CURVE('',#1229,#1230,#1190,.T.);
#737=EDGE_CURVE('',#1230,#1221,#1191,.T.);
#738=EDGE_CURVE('',#1230,#1223,#975,.T.);
#739=EDGE_CURVE('',#1222,#1231,#1192,.T.);
#740=EDGE_CURVE('',#1231,#1305,#913,.T.);
#741=EDGE_CURVE('',#1232,#1306,#976,.T.);
#742=EDGE_CURVE('',#1233,#1307,#977,.T.);
#743=EDGE_CURVE('',#1232,#1233,#914,.T.);
#744=EDGE_CURVE('',#1234,#1308,#978,.T.);
#745=EDGE_CURVE('',#1235,#1309,#979,.T.);
#746=EDGE_CURVE('',#1234,#1235,#915,.T.);
#747=EDGE_CURVE('',#1236,#1310,#980,.T.);
#748=EDGE_CURVE('',#1237,#1311,#981,.T.);
#749=EDGE_CURVE('',#1236,#1237,#916,.T.);
#750=EDGE_CURVE('',#1238,#1312,#982,.T.);
#751=EDGE_CURVE('',#1239,#1313,#983,.T.);
#752=EDGE_CURVE('',#1238,#1239,#917,.T.);
#753=EDGE_CURVE('',#1240,#1314,#984,.T.);
#754=EDGE_CURVE('',#1241,#1315,#985,.T.);
#755=EDGE_CURVE('',#1240,#1241,#918,.T.);
#756=EDGE_CURVE('',#1242,#1316,#986,.T.);
#757=EDGE_CURVE('',#1243,#1317,#987,.T.);
#758=EDGE_CURVE('',#1242,#1243,#919,.T.);
#759=EDGE_CURVE('',#1244,#1245,#988,.T.);
#760=EDGE_CURVE('',#1246,#1244,#1193,.T.);
#761=EDGE_CURVE('',#1247,#1246,#989,.T.);
#762=EDGE_CURVE('',#1245,#1247,#1194,.T.);
#763=EDGE_CURVE('',#1248,#1249,#990,.T.);
#764=EDGE_CURVE('',#1249,#1250,#1195,.T.);
#765=EDGE_CURVE('',#1250,#1251,#991,.T.);
#766=EDGE_CURVE('',#1251,#1248,#1196,.T.);
#767=EDGE_CURVE('',#1249,#1244,#920,.T.);
#768=EDGE_CURVE('',#1248,#1245,#921,.T.);
#769=EDGE_CURVE('',#1250,#1246,#1197,.T.);
#770=EDGE_CURVE('',#1251,#1247,#922,.T.);
#771=EDGE_CURVE('',#1252,#1318,#992,.T.);
#772=EDGE_CURVE('',#1253,#1319,#993,.T.);
#773=EDGE_CURVE('',#1252,#1253,#923,.T.);
#774=EDGE_CURVE('',#1254,#1320,#994,.T.);
#775=EDGE_CURVE('',#1255,#1321,#995,.T.);
#776=EDGE_CURVE('',#1254,#1255,#924,.T.);
#777=EDGE_CURVE('',#1256,#1322,#996,.T.);
#778=EDGE_CURVE('',#1257,#1323,#997,.T.);
#779=EDGE_CURVE('',#1256,#1257,#925,.T.);
#780=EDGE_CURVE('',#1258,#1324,#998,.T.);
#781=EDGE_CURVE('',#1259,#1325,#999,.T.);
#782=EDGE_CURVE('',#1258,#1259,#926,.T.);
#783=EDGE_CURVE('',#1260,#1326,#1000,.T.);
#784=EDGE_CURVE('',#1261,#1327,#1001,.T.);
#785=EDGE_CURVE('',#1260,#1261,#927,.T.);
#786=EDGE_CURVE('',#1262,#1328,#1002,.T.);
#787=EDGE_CURVE('',#1263,#1329,#1003,.T.);
#788=EDGE_CURVE('',#1262,#1263,#928,.T.);
#789=EDGE_CURVE('',#1264,#1265,#1004,.T.);
#790=EDGE_CURVE('',#1266,#1264,#1198,.T.);
#791=EDGE_CURVE('',#1267,#1266,#1005,.T.);
#792=EDGE_CURVE('',#1265,#1267,#1199,.T.);
#793=EDGE_CURVE('',#1268,#1269,#1006,.T.);
#794=EDGE_CURVE('',#1269,#1270,#1200,.T.);
#795=EDGE_CURVE('',#1270,#1271,#1007,.T.);
#796=EDGE_CURVE('',#1271,#1268,#1201,.T.);
#797=EDGE_CURVE('',#1269,#1264,#929,.T.);
#798=EDGE_CURVE('',#1268,#1265,#930,.T.);
#799=EDGE_CURVE('',#1270,#1266,#1202,.T.);
#800=EDGE_CURVE('',#1271,#1267,#931,.T.);
#801=EDGE_CURVE('',#1272,#1330,#1008,.T.);
#802=EDGE_CURVE('',#1273,#1331,#1009,.T.);
#803=EDGE_CURVE('',#1272,#1273,#932,.T.);
#804=EDGE_CURVE('',#1274,#1332,#1010,.T.);
#805=EDGE_CURVE('',#1275,#1333,#1011,.T.);
#806=EDGE_CURVE('',#1274,#1275,#933,.T.);
#807=EDGE_CURVE('',#1276,#1334,#1012,.T.);
#808=EDGE_CURVE('',#1277,#1335,#1013,.T.);
#809=EDGE_CURVE('',#1276,#1277,#934,.T.);
#810=EDGE_CURVE('',#1278,#1336,#1014,.T.);
#811=EDGE_CURVE('',#1279,#1337,#1015,.T.);
#812=EDGE_CURVE('',#1278,#1279,#935,.T.);
#813=EDGE_CURVE('',#1280,#1338,#1016,.T.);
#814=EDGE_CURVE('',#1281,#1339,#1017,.T.);
#815=EDGE_CURVE('',#1280,#1281,#936,.T.);
#816=EDGE_CURVE('',#1282,#1340,#1018,.T.);
#817=EDGE_CURVE('',#1283,#1341,#1019,.T.);
#818=EDGE_CURVE('',#1282,#1283,#937,.T.);
#819=EDGE_CURVE('',#1284,#1285,#1020,.T.);
#820=EDGE_CURVE('',#1286,#1284,#1203,.T.);
#821=EDGE_CURVE('',#1287,#1286,#1021,.T.);
#822=EDGE_CURVE('',#1285,#1287,#1204,.T.);
#823=EDGE_CURVE('',#1288,#1289,#1022,.T.);
#824=EDGE_CURVE('',#1289,#1290,#1205,.T.);
#825=EDGE_CURVE('',#1290,#1291,#1023,.T.);
#826=EDGE_CURVE('',#1291,#1288,#1206,.T.);
#827=EDGE_CURVE('',#1289,#1284,#938,.T.);
#828=EDGE_CURVE('',#1288,#1285,#939,.T.);
#829=EDGE_CURVE('',#1290,#1286,#1207,.T.);
#830=EDGE_CURVE('',#1291,#1287,#940,.T.);
#831=EDGE_CURVE('',#1292,#1293,#1024,.T.);
#832=EDGE_CURVE('',#1294,#1292,#1208,.T.);
#833=EDGE_CURVE('',#1295,#1294,#1025,.T.);
#834=EDGE_CURVE('',#1293,#1295,#1209,.T.);
#835=EDGE_CURVE('',#1296,#1297,#1026,.T.);
#836=EDGE_CURVE('',#1297,#1298,#1210,.T.);
#837=EDGE_CURVE('',#1298,#1299,#1027,.T.);
#838=EDGE_CURVE('',#1299,#1296,#1211,.T.);
#839=EDGE_CURVE('',#1297,#1292,#941,.T.);
#840=EDGE_CURVE('',#1296,#1293,#942,.T.);
#841=EDGE_CURVE('',#1298,#1294,#1212,.T.);
#842=EDGE_CURVE('',#1299,#1295,#943,.T.);
#843=EDGE_CURVE('',#1300,#1343,#1028,.T.);
#844=EDGE_CURVE('',#1301,#1342,#1029,.T.);
#845=EDGE_CURVE('',#1301,#1300,#944,.T.);
#846=EDGE_CURVE('',#1302,#1345,#1030,.T.);
#847=EDGE_CURVE('',#1303,#1344,#1031,.T.);
#848=EDGE_CURVE('',#1303,#1302,#945,.T.);
#849=EDGE_CURVE('',#1304,#1305,#1213,.T.);
#850=EDGE_CURVE('',#1304,#1222,#946,.T.);
#851=EDGE_CURVE('',#1305,#1231,#947,.T.);
#852=EDGE_CURVE('',#1306,#1307,#948,.T.);
#853=EDGE_CURVE('',#1306,#1232,#1032,.T.);
#854=EDGE_CURVE('',#1307,#1233,#1033,.T.);
#855=EDGE_CURVE('',#1308,#1309,#949,.T.);
#856=EDGE_CURVE('',#1308,#1234,#1034,.T.);
#857=EDGE_CURVE('',#1309,#1235,#1035,.T.);
#858=EDGE_CURVE('',#1310,#1311,#950,.T.);
#859=EDGE_CURVE('',#1310,#1236,#1036,.T.);
#860=EDGE_CURVE('',#1311,#1237,#1037,.T.);
#861=EDGE_CURVE('',#1312,#1313,#951,.T.);
#862=EDGE_CURVE('',#1312,#1238,#1038,.T.);
#863=EDGE_CURVE('',#1313,#1239,#1039,.T.);
#864=EDGE_CURVE('',#1314,#1315,#952,.T.);
#865=EDGE_CURVE('',#1314,#1240,#1040,.T.);
#866=EDGE_CURVE('',#1315,#1241,#1041,.T.);
#867=EDGE_CURVE('',#1316,#1317,#953,.T.);
#868=EDGE_CURVE('',#1316,#1242,#1042,.T.);
#869=EDGE_CURVE('',#1317,#1243,#1043,.T.);
#870=EDGE_CURVE('',#1318,#1319,#954,.T.);
#871=EDGE_CURVE('',#1318,#1252,#1044,.T.);
#872=EDGE_CURVE('',#1319,#1253,#1045,.T.);
#873=EDGE_CURVE('',#1320,#1321,#955,.T.);
#874=EDGE_CURVE('',#1320,#1254,#1046,.T.);
#875=EDGE_CURVE('',#1321,#1255,#1047,.T.);
#876=EDGE_CURVE('',#1322,#1323,#956,.T.);
#877=EDGE_CURVE('',#1322,#1256,#1048,.T.);
#878=EDGE_CURVE('',#1323,#1257,#1049,.T.);
#879=EDGE_CURVE('',#1324,#1325,#957,.T.);
#880=EDGE_CURVE('',#1324,#1258,#1050,.T.);
#881=EDGE_CURVE('',#1325,#1259,#1051,.T.);
#882=EDGE_CURVE('',#1326,#1327,#958,.T.);
#883=EDGE_CURVE('',#1326,#1260,#1052,.T.);
#884=EDGE_CURVE('',#1327,#1261,#1053,.T.);
#885=EDGE_CURVE('',#1328,#1329,#959,.T.);
#886=EDGE_CURVE('',#1328,#1262,#1054,.T.);
#887=EDGE_CURVE('',#1329,#1263,#1055,.T.);
#888=EDGE_CURVE('',#1330,#1331,#960,.T.);
#889=EDGE_CURVE('',#1330,#1272,#1056,.T.);
#890=EDGE_CURVE('',#1331,#1273,#1057,.T.);
#891=EDGE_CURVE('',#1332,#1333,#961,.T.);
#892=EDGE_CURVE('',#1332,#1274,#1058,.T.);
#893=EDGE_CURVE('',#1333,#1275,#1059,.T.);
#894=EDGE_CURVE('',#1334,#1335,#962,.T.);
#895=EDGE_CURVE('',#1334,#1276,#1060,.T.);
#896=EDGE_CURVE('',#1335,#1277,#1061,.T.);
#897=EDGE_CURVE('',#1336,#1337,#963,.T.);
#898=EDGE_CURVE('',#1336,#1278,#1062,.T.);
#899=EDGE_CURVE('',#1337,#1279,#1063,.T.);
#900=EDGE_CURVE('',#1338,#1339,#964,.T.);
#901=EDGE_CURVE('',#1338,#1280,#1064,.T.);
#902=EDGE_CURVE('',#1339,#1281,#1065,.T.);
#903=EDGE_CURVE('',#1340,#1341,#965,.T.);
#904=EDGE_CURVE('',#1340,#1282,#1066,.T.);
#905=EDGE_CURVE('',#1341,#1283,#1067,.T.);
#906=EDGE_CURVE('',#1342,#1343,#966,.T.);
#907=EDGE_CURVE('',#1343,#1300,#1068,.T.);
#908=EDGE_CURVE('',#1342,#1301,#1069,.T.);
#909=EDGE_CURVE('',#1344,#1345,#967,.T.);
#910=EDGE_CURVE('',#1345,#1302,#1070,.T.);
#911=EDGE_CURVE('',#1344,#1303,#1071,.T.);
#912=(
BOUNDED_CURVE()
B_SPLINE_CURVE(2,(#2225,#2226,#2227,#2228,#2229,#2230,#2231,#2232,#2233,
#2234,#2235,#2236,#2237),.UNSPECIFIED.,.F.,.F.)
B_SPLINE_CURVE_WITH_KNOTS((3,2,2,2,2,2,3),(-31.0312364653642,-30.9652630196388,
-30.2152630196388,-30.1492895739134,-29.3992895739134,-28.1492895739134,
-27.3992895739089),.UNSPECIFIED.)
CURVE()
GEOMETRIC_REPRESENTATION_ITEM()
RATIONAL_B_SPLINE_CURVE((1.,0.707106781186342,1.,1.,1.,0.707106781186054,
1.,1.,1.,1.,1.,1.,1.))
REPRESENTATION_ITEM('')
);
#913=(
BOUNDED_CURVE()
B_SPLINE_CURVE(2,(#2276,#2277,#2278,#2279,#2280,#2281,#2282,#2283,#2284,
#2285,#2286,#2287,#2288),.UNSPECIFIED.,.F.,.F.)
B_SPLINE_CURVE_WITH_KNOTS((3,2,2,2,2,2,3),(23.7673426824625,24.5173426824625,
25.7673426824625,26.5173426824625,26.5833161281879,27.333316128188,27.3992895739134),
 .UNSPECIFIED.)
CURVE()
GEOMETRIC_REPRESENTATION_ITEM()
RATIONAL_B_SPLINE_CURVE((1.,1.,1.,1.,1.,1.,1.,0.707106781186039,1.,1.,1.,
0.707106781187026,1.))
REPRESENTATION_ITEM('')
);
#914=(
BOUNDED_CURVE()
B_SPLINE_CURVE(1,(#2295,#2296),.UNSPECIFIED.,.F.,.F.)
B_SPLINE_CURVE_WITH_KNOTS((2,2),(0.229410392366818,0.233105463220882),
 .UNSPECIFIED.)
CURVE()
GEOMETRIC_REPRESENTATION_ITEM()
RATIONAL_B_SPLINE_CURVE((1.,1.))
REPRESENTATION_ITEM('')
);
#915=(
BOUNDED_CURVE()
B_SPLINE_CURVE(1,(#2303,#2304),.UNSPECIFIED.,.F.,.F.)
B_SPLINE_CURVE_WITH_KNOTS((2,2),(0.229410392366818,0.233105463220879),
 .UNSPECIFIED.)
CURVE()
GEOMETRIC_REPRESENTATION_ITEM()
RATIONAL_B_SPLINE_CURVE((1.,1.))
REPRESENTATION_ITEM('')
);
#916=(
BOUNDED_CURVE()
B_SPLINE_CURVE(1,(#2311,#2312),.UNSPECIFIED.,.F.,.F.)
B_SPLINE_CURVE_WITH_KNOTS((2,2),(0.229410392366818,0.233105463220881),
 .UNSPECIFIED.)
CURVE()
GEOMETRIC_REPRESENTATION_ITEM()
RATIONAL_B_SPLINE_CURVE((1.,1.))
REPRESENTATION_ITEM('')
);
#917=(
BOUNDED_CURVE()
B_SPLINE_CURVE(1,(#2319,#2320),.UNSPECIFIED.,.F.,.F.)
B_SPLINE_CURVE_WITH_KNOTS((2,2),(0.229410392366818,0.233105463220881),
 .UNSPECIFIED.)
CURVE()
GEOMETRIC_REPRESENTATION_ITEM()
RATIONAL_B_SPLINE_CURVE((1.,1.))
REPRESENTATION_ITEM('')
);
#918=(
BOUNDED_CURVE()
B_SPLINE_CURVE(1,(#2327,#2328),.UNSPECIFIED.,.F.,.F.)
B_SPLINE_CURVE_WITH_KNOTS((2,2),(0.229410392366813,0.233105463220879),
 .UNSPECIFIED.)
CURVE()
GEOMETRIC_REPRESENTATION_ITEM()
RATIONAL_B_SPLINE_CURVE((1.,1.))
REPRESENTATION_ITEM('')
);
#919=(
BOUNDED_CURVE()
B_SPLINE_CURVE(1,(#2335,#2336),.UNSPECIFIED.,.F.,.F.)
B_SPLINE_CURVE_WITH_KNOTS((2,2),(0.229410392366811,0.233105463220879),
 .UNSPECIFIED.)
CURVE()
GEOMETRIC_REPRESENTATION_ITEM()
RATIONAL_B_SPLINE_CURVE((1.,1.))
REPRESENTATION_ITEM('')
);
#920=(
BOUNDED_CURVE()
B_SPLINE_CURVE(1,(#2357,#2358),.UNSPECIFIED.,.F.,.F.)
B_SPLINE_CURVE_WITH_KNOTS((2,2),(0.117675190810011,0.136709655364812),
 .UNSPECIFIED.)
CURVE()
GEOMETRIC_REPRESENTATION_ITEM()
RATIONAL_B_SPLINE_CURVE((1.,1.))
REPRESENTATION_ITEM('')
);
#921=(
BOUNDED_CURVE()
B_SPLINE_CURVE(1,(#2359,#2360),.UNSPECIFIED.,.F.,.F.)
B_SPLINE_CURVE_WITH_KNOTS((2,2),(0.117675190810012,0.136709655364813),
 .UNSPECIFIED.)
CURVE()
GEOMETRIC_REPRESENTATION_ITEM()
RATIONAL_B_SPLINE_CURVE((1.,1.))
REPRESENTATION_ITEM('')
);
#922=(
BOUNDED_CURVE()
B_SPLINE_CURVE(1,(#2363,#2364),.UNSPECIFIED.,.F.,.F.)
B_SPLINE_CURVE_WITH_KNOTS((2,2),(0.117675190809986,0.136709655364813),
 .UNSPECIFIED.)
CURVE()
GEOMETRIC_REPRESENTATION_ITEM()
RATIONAL_B_SPLINE_CURVE((1.,1.))
REPRESENTATION_ITEM('')
);
#923=(
BOUNDED_CURVE()
B_SPLINE_CURVE(1,(#2371,#2372),.UNSPECIFIED.,.F.,.F.)
B_SPLINE_CURVE_WITH_KNOTS((2,2),(0.229410392366812,0.233105463220879),
 .UNSPECIFIED.)
CURVE()
GEOMETRIC_REPRESENTATION_ITEM()
RATIONAL_B_SPLINE_CURVE((1.,1.))
REPRESENTATION_ITEM('')
);
#924=(
BOUNDED_CURVE()
B_SPLINE_CURVE(1,(#2379,#2380),.UNSPECIFIED.,.F.,.F.)
B_SPLINE_CURVE_WITH_KNOTS((2,2),(0.229410392366812,0.233105463220879),
 .UNSPECIFIED.)
CURVE()
GEOMETRIC_REPRESENTATION_ITEM()
RATIONAL_B_SPLINE_CURVE((1.,1.))
REPRESENTATION_ITEM('')
);
#925=(
BOUNDED_CURVE()
B_SPLINE_CURVE(1,(#2387,#2388),.UNSPECIFIED.,.F.,.F.)
B_SPLINE_CURVE_WITH_KNOTS((2,2),(0.229410392366809,0.233105463220877),
 .UNSPECIFIED.)
CURVE()
GEOMETRIC_REPRESENTATION_ITEM()
RATIONAL_B_SPLINE_CURVE((1.,1.))
REPRESENTATION_ITEM('')
);
#926=(
BOUNDED_CURVE()
B_SPLINE_CURVE(1,(#2395,#2396),.UNSPECIFIED.,.F.,.F.)
B_SPLINE_CURVE_WITH_KNOTS((2,2),(0.229410392366809,0.233105463220877),
 .UNSPECIFIED.)
CURVE()
GEOMETRIC_REPRESENTATION_ITEM()
RATIONAL_B_SPLINE_CURVE((1.,1.))
REPRESENTATION_ITEM('')
);
#927=(
BOUNDED_CURVE()
B_SPLINE_CURVE(1,(#2403,#2404),.UNSPECIFIED.,.F.,.F.)
B_SPLINE_CURVE_WITH_KNOTS((2,2),(0.229410392366807,0.233105463220876),
 .UNSPECIFIED.)
CURVE()
GEOMETRIC_REPRESENTATION_ITEM()
RATIONAL_B_SPLINE_CURVE((1.,1.))
REPRESENTATION_ITEM('')
);
#928=(
BOUNDED_CURVE()
B_SPLINE_CURVE(1,(#2411,#2412),.UNSPECIFIED.,.F.,.F.)
B_SPLINE_CURVE_WITH_KNOTS((2,2),(0.229410392366807,0.233105463220876),
 .UNSPECIFIED.)
CURVE()
GEOMETRIC_REPRESENTATION_ITEM()
RATIONAL_B_SPLINE_CURVE((1.,1.))
REPRESENTATION_ITEM('')
);
#929=(
BOUNDED_CURVE()
B_SPLINE_CURVE(1,(#2433,#2434),.UNSPECIFIED.,.F.,.F.)
B_SPLINE_CURVE_WITH_KNOTS((2,2),(0.117675190810019,0.136709655364841),
 .UNSPECIFIED.)
CURVE()
GEOMETRIC_REPRESENTATION_ITEM()
RATIONAL_B_SPLINE_CURVE((1.,1.))
REPRESENTATION_ITEM('')
);
#930=(
BOUNDED_CURVE()
B_SPLINE_CURVE(1,(#2435,#2436),.UNSPECIFIED.,.F.,.F.)
B_SPLINE_CURVE_WITH_KNOTS((2,2),(0.11767519081002,0.136709655364841),
 .UNSPECIFIED.)
CURVE()
GEOMETRIC_REPRESENTATION_ITEM()
RATIONAL_B_SPLINE_CURVE((1.,1.))
REPRESENTATION_ITEM('')
);
#931=(
BOUNDED_CURVE()
B_SPLINE_CURVE(1,(#2439,#2440),.UNSPECIFIED.,.F.,.F.)
B_SPLINE_CURVE_WITH_KNOTS((2,2),(0.11767519081002,0.136709655364841),
 .UNSPECIFIED.)
CURVE()
GEOMETRIC_REPRESENTATION_ITEM()
RATIONAL_B_SPLINE_CURVE((1.,1.))
REPRESENTATION_ITEM('')
);
#932=(
BOUNDED_CURVE()
B_SPLINE_CURVE(1,(#2447,#2448),.UNSPECIFIED.,.F.,.F.)
B_SPLINE_CURVE_WITH_KNOTS((2,2),(0.229410392366805,0.233105463220873),
 .UNSPECIFIED.)
CURVE()
GEOMETRIC_REPRESENTATION_ITEM()
RATIONAL_B_SPLINE_CURVE((1.,1.))
REPRESENTATION_ITEM('')
);
#933=(
BOUNDED_CURVE()
B_SPLINE_CURVE(1,(#2455,#2456),.UNSPECIFIED.,.F.,.F.)
B_SPLINE_CURVE_WITH_KNOTS((2,2),(0.229410392366805,0.233105463220873),
 .UNSPECIFIED.)
CURVE()
GEOMETRIC_REPRESENTATION_ITEM()
RATIONAL_B_SPLINE_CURVE((1.,1.))
REPRESENTATION_ITEM('')
);
#934=(
BOUNDED_CURVE()
B_SPLINE_CURVE(1,(#2463,#2464),.UNSPECIFIED.,.F.,.F.)
B_SPLINE_CURVE_WITH_KNOTS((2,2),(0.229410392366803,0.233105463220874),
 .UNSPECIFIED.)
CURVE()
GEOMETRIC_REPRESENTATION_ITEM()
RATIONAL_B_SPLINE_CURVE((1.,1.))
REPRESENTATION_ITEM('')
);
#935=(
BOUNDED_CURVE()
B_SPLINE_CURVE(1,(#2471,#2472),.UNSPECIFIED.,.F.,.F.)
B_SPLINE_CURVE_WITH_KNOTS((2,2),(0.229410392366803,0.233105463220874),
 .UNSPECIFIED.)
CURVE()
GEOMETRIC_REPRESENTATION_ITEM()
RATIONAL_B_SPLINE_CURVE((1.,1.))
REPRESENTATION_ITEM('')
);
#936=(
BOUNDED_CURVE()
B_SPLINE_CURVE(1,(#2479,#2480),.UNSPECIFIED.,.F.,.F.)
B_SPLINE_CURVE_WITH_KNOTS((2,2),(0.2294103923668,0.233105463220873),
 .UNSPECIFIED.)
CURVE()
GEOMETRIC_REPRESENTATION_ITEM()
RATIONAL_B_SPLINE_CURVE((1.,1.))
REPRESENTATION_ITEM('')
);
#937=(
BOUNDED_CURVE()
B_SPLINE_CURVE(1,(#2487,#2488),.UNSPECIFIED.,.F.,.F.)
B_SPLINE_CURVE_WITH_KNOTS((2,2),(0.2294103923668,0.23310546322087),
 .UNSPECIFIED.)
CURVE()
GEOMETRIC_REPRESENTATION_ITEM()
RATIONAL_B_SPLINE_CURVE((1.,1.))
REPRESENTATION_ITEM('')
);
#938=(
BOUNDED_CURVE()
B_SPLINE_CURVE(1,(#2509,#2510),.UNSPECIFIED.,.F.,.F.)
B_SPLINE_CURVE_WITH_KNOTS((2,2),(0.343202205995367,0.393614804151439),
 .UNSPECIFIED.)
CURVE()
GEOMETRIC_REPRESENTATION_ITEM()
RATIONAL_B_SPLINE_CURVE((1.,1.))
REPRESENTATION_ITEM('')
);
#939=(
BOUNDED_CURVE()
B_SPLINE_CURVE(1,(#2511,#2512),.UNSPECIFIED.,.F.,.F.)
B_SPLINE_CURVE_WITH_KNOTS((2,2),(0.343202205995368,0.39361480415144),
 .UNSPECIFIED.)
CURVE()
GEOMETRIC_REPRESENTATION_ITEM()
RATIONAL_B_SPLINE_CURVE((1.,1.))
REPRESENTATION_ITEM('')
);
#940=(
BOUNDED_CURVE()
B_SPLINE_CURVE(1,(#2515,#2516),.UNSPECIFIED.,.F.,.F.)
B_SPLINE_CURVE_WITH_KNOTS((2,2),(0.34320220599542,0.39361480415144),
 .UNSPECIFIED.)
CURVE()
GEOMETRIC_REPRESENTATION_ITEM()
RATIONAL_B_SPLINE_CURVE((1.,1.))
REPRESENTATION_ITEM('')
);
#941=(
BOUNDED_CURVE()
B_SPLINE_CURVE(1,(#2537,#2538),.UNSPECIFIED.,.F.,.F.)
B_SPLINE_CURVE_WITH_KNOTS((2,2),(0.117675190810003,0.13670965536477),
 .UNSPECIFIED.)
CURVE()
GEOMETRIC_REPRESENTATION_ITEM()
RATIONAL_B_SPLINE_CURVE((1.,1.))
REPRESENTATION_ITEM('')
);
#942=(
BOUNDED_CURVE()
B_SPLINE_CURVE(1,(#2539,#2540),.UNSPECIFIED.,.F.,.F.)
B_SPLINE_CURVE_WITH_KNOTS((2,2),(0.117675190810004,0.136709655364771),
 .UNSPECIFIED.)
CURVE()
GEOMETRIC_REPRESENTATION_ITEM()
RATIONAL_B_SPLINE_CURVE((1.,1.))
REPRESENTATION_ITEM('')
);
#943=(
BOUNDED_CURVE()
B_SPLINE_CURVE(1,(#2543,#2544),.UNSPECIFIED.,.F.,.F.)
B_SPLINE_CURVE_WITH_KNOTS((2,2),(0.117675190810004,0.136709655364771),
 .UNSPECIFIED.)
CURVE()
GEOMETRIC_REPRESENTATION_ITEM()
RATIONAL_B_SPLINE_CURVE((1.,1.))
REPRESENTATION_ITEM('')
);
#944=(
BOUNDED_CURVE()
B_SPLINE_CURVE(1,(#2551,#2552),.UNSPECIFIED.,.F.,.F.)
B_SPLINE_CURVE_WITH_KNOTS((2,2),(0.431348124527669,0.514348124528895),
 .UNSPECIFIED.)
CURVE()
GEOMETRIC_REPRESENTATION_ITEM()
RATIONAL_B_SPLINE_CURVE((1.,1.))
REPRESENTATION_ITEM('')
);
#945=(
BOUNDED_CURVE()
B_SPLINE_CURVE(1,(#2559,#2560),.UNSPECIFIED.,.F.,.F.)
B_SPLINE_CURVE_WITH_KNOTS((2,2),(0.431348124527885,0.51434812452911),
 .UNSPECIFIED.)
CURVE()
GEOMETRIC_REPRESENTATION_ITEM()
RATIONAL_B_SPLINE_CURVE((1.,1.))
REPRESENTATION_ITEM('')
);
#946=(
BOUNDED_CURVE()
B_SPLINE_CURVE(2,(#2563,#2564,#2565,#2566,#2567,#2568,#2569,#2570,#2571,
#2572,#2573,#2574,#2575),.UNSPECIFIED.,.F.,.F.)
B_SPLINE_CURVE_WITH_KNOTS((3,2,2,2,2,2,3),(-27.3992895739089,-27.333316128188,
-26.5833161281879,-26.5173426824625,-25.7673426824625,-24.5173426824625,
-23.7673426824625),.UNSPECIFIED.)
CURVE()
GEOMETRIC_REPRESENTATION_ITEM()
RATIONAL_B_SPLINE_CURVE((1.,0.707106781221383,1.,1.,1.,0.707106781186039,
1.,1.,1.,1.,1.,1.,1.))
REPRESENTATION_ITEM('')
);
#947=(
BOUNDED_CURVE()
B_SPLINE_CURVE(2,(#2576,#2577,#2578,#2579,#2580,#2581,#2582,#2583,#2584,
#2585,#2586,#2587,#2588),.UNSPECIFIED.,.F.,.F.)
B_SPLINE_CURVE_WITH_KNOTS((3,2,2,2,2,2,3),(27.3992895739134,28.1492895739134,
29.3992895739134,30.1492895739134,30.2152630196388,30.9652630196388,31.0312364653642),
 .UNSPECIFIED.)
CURVE()
GEOMETRIC_REPRESENTATION_ITEM()
RATIONAL_B_SPLINE_CURVE((1.,1.,1.,1.,1.,1.,1.,0.707106781186054,1.,1.,1.,
0.707106781186342,1.))
REPRESENTATION_ITEM('')
);
#948=(
BOUNDED_CURVE()
B_SPLINE_CURVE(1,(#2589,#2590),.UNSPECIFIED.,.F.,.F.)
B_SPLINE_CURVE_WITH_KNOTS((2,2),(0.229410392366819,0.233105463220881),
 .UNSPECIFIED.)
CURVE()
GEOMETRIC_REPRESENTATION_ITEM()
RATIONAL_B_SPLINE_CURVE((1.,1.))
REPRESENTATION_ITEM('')
);
#949=(
BOUNDED_CURVE()
B_SPLINE_CURVE(1,(#2597,#2598),.UNSPECIFIED.,.F.,.F.)
B_SPLINE_CURVE_WITH_KNOTS((2,2),(0.229410392366819,0.233105463220881),
 .UNSPECIFIED.)
CURVE()
GEOMETRIC_REPRESENTATION_ITEM()
RATIONAL_B_SPLINE_CURVE((1.,1.))
REPRESENTATION_ITEM('')
);
#950=(
BOUNDED_CURVE()
B_SPLINE_CURVE(1,(#2605,#2606),.UNSPECIFIED.,.F.,.F.)
B_SPLINE_CURVE_WITH_KNOTS((2,2),(0.229410392366819,0.233105463220881),
 .UNSPECIFIED.)
CURVE()
GEOMETRIC_REPRESENTATION_ITEM()
RATIONAL_B_SPLINE_CURVE((1.,1.))
REPRESENTATION_ITEM('')
);
#951=(
BOUNDED_CURVE()
B_SPLINE_CURVE(1,(#2613,#2614),.UNSPECIFIED.,.F.,.F.)
B_SPLINE_CURVE_WITH_KNOTS((2,2),(0.229410392366819,0.233105463220881),
 .UNSPECIFIED.)
CURVE()
GEOMETRIC_REPRESENTATION_ITEM()
RATIONAL_B_SPLINE_CURVE((1.,1.))
REPRESENTATION_ITEM('')
);
#952=(
BOUNDED_CURVE()
B_SPLINE_CURVE(1,(#2621,#2622),.UNSPECIFIED.,.F.,.F.)
B_SPLINE_CURVE_WITH_KNOTS((2,2),(0.229410392366809,0.233105463220876),
 .UNSPECIFIED.)
CURVE()
GEOMETRIC_REPRESENTATION_ITEM()
RATIONAL_B_SPLINE_CURVE((1.,1.))
REPRESENTATION_ITEM('')
);
#953=(
BOUNDED_CURVE()
B_SPLINE_CURVE(1,(#2629,#2630),.UNSPECIFIED.,.F.,.F.)
B_SPLINE_CURVE_WITH_KNOTS((2,2),(0.229410392366809,0.233105463220876),
 .UNSPECIFIED.)
CURVE()
GEOMETRIC_REPRESENTATION_ITEM()
RATIONAL_B_SPLINE_CURVE((1.,1.))
REPRESENTATION_ITEM('')
);
#954=(
BOUNDED_CURVE()
B_SPLINE_CURVE(1,(#2637,#2638),.UNSPECIFIED.,.F.,.F.)
B_SPLINE_CURVE_WITH_KNOTS((2,2),(0.229410392366814,0.233105463220876),
 .UNSPECIFIED.)
CURVE()
GEOMETRIC_REPRESENTATION_ITEM()
RATIONAL_B_SPLINE_CURVE((1.,1.))
REPRESENTATION_ITEM('')
);
#955=(
BOUNDED_CURVE()
B_SPLINE_CURVE(1,(#2645,#2646),.UNSPECIFIED.,.F.,.F.)
B_SPLINE_CURVE_WITH_KNOTS((2,2),(0.229410392366814,0.233105463220876),
 .UNSPECIFIED.)
CURVE()
GEOMETRIC_REPRESENTATION_ITEM()
RATIONAL_B_SPLINE_CURVE((1.,1.))
REPRESENTATION_ITEM('')
);
#956=(
BOUNDED_CURVE()
B_SPLINE_CURVE(1,(#2653,#2654),.UNSPECIFIED.,.F.,.F.)
B_SPLINE_CURVE_WITH_KNOTS((2,2),(0.229410392366809,0.233105463220881),
 .UNSPECIFIED.)
CURVE()
GEOMETRIC_REPRESENTATION_ITEM()
RATIONAL_B_SPLINE_CURVE((1.,1.))
REPRESENTATION_ITEM('')
);
#957=(
BOUNDED_CURVE()
B_SPLINE_CURVE(1,(#2661,#2662),.UNSPECIFIED.,.F.,.F.)
B_SPLINE_CURVE_WITH_KNOTS((2,2),(0.229410392366809,0.233105463220881),
 .UNSPECIFIED.)
CURVE()
GEOMETRIC_REPRESENTATION_ITEM()
RATIONAL_B_SPLINE_CURVE((1.,1.))
REPRESENTATION_ITEM('')
);
#958=(
BOUNDED_CURVE()
B_SPLINE_CURVE(1,(#2669,#2670),.UNSPECIFIED.,.F.,.F.)
B_SPLINE_CURVE_WITH_KNOTS((2,2),(0.229410392366804,0.233105463220876),
 .UNSPECIFIED.)
CURVE()
GEOMETRIC_REPRESENTATION_ITEM()
RATIONAL_B_SPLINE_CURVE((1.,1.))
REPRESENTATION_ITEM('')
);
#959=(
BOUNDED_CURVE()
B_SPLINE_CURVE(1,(#2677,#2678),.UNSPECIFIED.,.F.,.F.)
B_SPLINE_CURVE_WITH_KNOTS((2,2),(0.229410392366804,0.233105463220876),
 .UNSPECIFIED.)
CURVE()
GEOMETRIC_REPRESENTATION_ITEM()
RATIONAL_B_SPLINE_CURVE((1.,1.))
REPRESENTATION_ITEM('')
);
#960=(
BOUNDED_CURVE()
B_SPLINE_CURVE(1,(#2685,#2686),.UNSPECIFIED.,.F.,.F.)
B_SPLINE_CURVE_WITH_KNOTS((2,2),(0.229410392366809,0.233105463220871),
 .UNSPECIFIED.)
CURVE()
GEOMETRIC_REPRESENTATION_ITEM()
RATIONAL_B_SPLINE_CURVE((1.,1.))
REPRESENTATION_ITEM('')
);
#961=(
BOUNDED_CURVE()
B_SPLINE_CURVE(1,(#2693,#2694),.UNSPECIFIED.,.F.,.F.)
B_SPLINE_CURVE_WITH_KNOTS((2,2),(0.229410392366809,0.233105463220871),
 .UNSPECIFIED.)
CURVE()
GEOMETRIC_REPRESENTATION_ITEM()
RATIONAL_B_SPLINE_CURVE((1.,1.))
REPRESENTATION_ITEM('')
);
#962=(
BOUNDED_CURVE()
B_SPLINE_CURVE(1,(#2701,#2702),.UNSPECIFIED.,.F.,.F.)
B_SPLINE_CURVE_WITH_KNOTS((2,2),(0.229410392366804,0.233105463220871),
 .UNSPECIFIED.)
CURVE()
GEOMETRIC_REPRESENTATION_ITEM()
RATIONAL_B_SPLINE_CURVE((1.,1.))
REPRESENTATION_ITEM('')
);
#963=(
BOUNDED_CURVE()
B_SPLINE_CURVE(1,(#2709,#2710),.UNSPECIFIED.,.F.,.F.)
B_SPLINE_CURVE_WITH_KNOTS((2,2),(0.229410392366804,0.233105463220871),
 .UNSPECIFIED.)
CURVE()
GEOMETRIC_REPRESENTATION_ITEM()
RATIONAL_B_SPLINE_CURVE((1.,1.))
REPRESENTATION_ITEM('')
);
#964=(
BOUNDED_CURVE()
B_SPLINE_CURVE(1,(#2717,#2718),.UNSPECIFIED.,.F.,.F.)
B_SPLINE_CURVE_WITH_KNOTS((2,2),(0.229410392366804,0.233105463220871),
 .UNSPECIFIED.)
CURVE()
GEOMETRIC_REPRESENTATION_ITEM()
RATIONAL_B_SPLINE_CURVE((1.,1.))
REPRESENTATION_ITEM('')
);
#965=(
BOUNDED_CURVE()
B_SPLINE_CURVE(1,(#2725,#2726),.UNSPECIFIED.,.F.,.F.)
B_SPLINE_CURVE_WITH_KNOTS((2,2),(0.229410392366804,0.233105463220871),
 .UNSPECIFIED.)
CURVE()
GEOMETRIC_REPRESENTATION_ITEM()
RATIONAL_B_SPLINE_CURVE((1.,1.))
REPRESENTATION_ITEM('')
);
#966=(
BOUNDED_CURVE()
B_SPLINE_CURVE(1,(#2733,#2734),.UNSPECIFIED.,.F.,.F.)
B_SPLINE_CURVE_WITH_KNOTS((2,2),(0.43134812452767,0.514348124528895),
 .UNSPECIFIED.)
CURVE()
GEOMETRIC_REPRESENTATION_ITEM()
RATIONAL_B_SPLINE_CURVE((1.,1.))
REPRESENTATION_ITEM('')
);
#967=(
BOUNDED_CURVE()
B_SPLINE_CURVE(1,(#2741,#2742),.UNSPECIFIED.,.F.,.F.)
B_SPLINE_CURVE_WITH_KNOTS((2,2),(0.431348124527885,0.51434812452911),
 .UNSPECIFIED.)
CURVE()
GEOMETRIC_REPRESENTATION_ITEM()
RATIONAL_B_SPLINE_CURVE((1.,1.))
REPRESENTATION_ITEM('')
);
#968=TRIMMED_CURVE($,#1072,(#2208),(#2209),.T.,.CARTESIAN.);
#969=TRIMMED_CURVE($,#1073,(#2213),(#2214),.T.,.CARTESIAN.);
#970=TRIMMED_CURVE($,#1074,(#2218),(#2219),.T.,.CARTESIAN.);
#971=TRIMMED_CURVE($,#1075,(#2223),(#2224),.T.,.CARTESIAN.);
#972=TRIMMED_CURVE($,#1076,(#2245),(#2246),.T.,.CARTESIAN.);
#973=TRIMMED_CURVE($,#1077,(#2254),(#2255),.T.,.CARTESIAN.);
#974=TRIMMED_CURVE($,#1078,(#2263),(#2264),.T.,.CARTESIAN.);
#975=TRIMMED_CURVE($,#1079,(#2272),(#2273),.T.,.CARTESIAN.);
#976=TRIMMED_CURVE($,#1080,(#2290),(#2291),.T.,.CARTESIAN.);
#977=TRIMMED_CURVE($,#1081,(#2293),(#2294),.T.,.CARTESIAN.);
#978=TRIMMED_CURVE($,#1082,(#2298),(#2299),.T.,.CARTESIAN.);
#979=TRIMMED_CURVE($,#1083,(#2301),(#2302),.T.,.CARTESIAN.);
#980=TRIMMED_CURVE($,#1084,(#2306),(#2307),.T.,.CARTESIAN.);
#981=TRIMMED_CURVE($,#1085,(#2309),(#2310),.T.,.CARTESIAN.);
#982=TRIMMED_CURVE($,#1086,(#2314),(#2315),.T.,.CARTESIAN.);
#983=TRIMMED_CURVE($,#1087,(#2317),(#2318),.T.,.CARTESIAN.);
#984=TRIMMED_CURVE($,#1088,(#2322),(#2323),.T.,.CARTESIAN.);
#985=TRIMMED_CURVE($,#1089,(#2325),(#2326),.T.,.CARTESIAN.);
#986=TRIMMED_CURVE($,#1090,(#2330),(#2331),.T.,.CARTESIAN.);
#987=TRIMMED_CURVE($,#1091,(#2333),(#2334),.T.,.CARTESIAN.);
#988=TRIMMED_CURVE($,#1092,(#2338),(#2339),.T.,.CARTESIAN.);
#989=TRIMMED_CURVE($,#1093,(#2343),(#2344),.T.,.CARTESIAN.);
#990=TRIMMED_CURVE($,#1094,(#2348),(#2349),.T.,.CARTESIAN.);
#991=TRIMMED_CURVE($,#1095,(#2353),(#2354),.T.,.CARTESIAN.);
#992=TRIMMED_CURVE($,#1096,(#2366),(#2367),.T.,.CARTESIAN.);
#993=TRIMMED_CURVE($,#1097,(#2369),(#2370),.T.,.CARTESIAN.);
#994=TRIMMED_CURVE($,#1098,(#2374),(#2375),.T.,.CARTESIAN.);
#995=TRIMMED_CURVE($,#1099,(#2377),(#2378),.T.,.CARTESIAN.);
#996=TRIMMED_CURVE($,#1100,(#2382),(#2383),.T.,.CARTESIAN.);
#997=TRIMMED_CURVE($,#1101,(#2385),(#2386),.T.,.CARTESIAN.);
#998=TRIMMED_CURVE($,#1102,(#2390),(#2391),.T.,.CARTESIAN.);
#999=TRIMMED_CURVE($,#1103,(#2393),(#2394),.T.,.CARTESIAN.);
#1000=TRIMMED_CURVE($,#1104,(#2398),(#2399),.T.,.CARTESIAN.);
#1001=TRIMMED_CURVE($,#1105,(#2401),(#2402),.T.,.CARTESIAN.);
#1002=TRIMMED_CURVE($,#1106,(#2406),(#2407),.T.,.CARTESIAN.);
#1003=TRIMMED_CURVE($,#1107,(#2409),(#2410),.T.,.CARTESIAN.);
#1004=TRIMMED_CURVE($,#1108,(#2414),(#2415),.T.,.CARTESIAN.);
#1005=TRIMMED_CURVE($,#1109,(#2419),(#2420),.T.,.CARTESIAN.);
#1006=TRIMMED_CURVE($,#1110,(#2424),(#2425),.T.,.CARTESIAN.);
#1007=TRIMMED_CURVE($,#1111,(#2429),(#2430),.T.,.CARTESIAN.);
#1008=TRIMMED_CURVE($,#1112,(#2442),(#2443),.T.,.CARTESIAN.);
#1009=TRIMMED_CURVE($,#1113,(#2445),(#2446),.T.,.CARTESIAN.);
#1010=TRIMMED_CURVE($,#1114,(#2450),(#2451),.T.,.CARTESIAN.);
#1011=TRIMMED_CURVE($,#1115,(#2453),(#2454),.T.,.CARTESIAN.);
#1012=TRIMMED_CURVE($,#1116,(#2458),(#2459),.T.,.CARTESIAN.);
#1013=TRIMMED_CURVE($,#1117,(#2461),(#2462),.T.,.CARTESIAN.);
#1014=TRIMMED_CURVE($,#1118,(#2466),(#2467),.T.,.CARTESIAN.);
#1015=TRIMMED_CURVE($,#1119,(#2469),(#2470),.T.,.CARTESIAN.);
#1016=TRIMMED_CURVE($,#1120,(#2474),(#2475),.T.,.CARTESIAN.);
#1017=TRIMMED_CURVE($,#1121,(#2477),(#2478),.T.,.CARTESIAN.);
#1018=TRIMMED_CURVE($,#1122,(#2482),(#2483),.T.,.CARTESIAN.);
#1019=TRIMMED_CURVE($,#1123,(#2485),(#2486),.T.,.CARTESIAN.);
#1020=TRIMMED_CURVE($,#1124,(#2490),(#2491),.T.,.CARTESIAN.);
#1021=TRIMMED_CURVE($,#1125,(#2495),(#2496),.T.,.CARTESIAN.);
#1022=TRIMMED_CURVE($,#1126,(#2500),(#2501),.T.,.CARTESIAN.);
#1023=TRIMMED_CURVE($,#1127,(#2505),(#2506),.T.,.CARTESIAN.);
#1024=TRIMMED_CURVE($,#1128,(#2518),(#2519),.T.,.CARTESIAN.);
#1025=TRIMMED_CURVE($,#1129,(#2523),(#2524),.T.,.CARTESIAN.);
#1026=TRIMMED_CURVE($,#1130,(#2528),(#2529),.T.,.CARTESIAN.);
#1027=TRIMMED_CURVE($,#1131,(#2533),(#2534),.T.,.CARTESIAN.);
#1028=TRIMMED_CURVE($,#1132,(#2546),(#2547),.T.,.CARTESIAN.);
#1029=TRIMMED_CURVE($,#1133,(#2549),(#2550),.T.,.CARTESIAN.);
#1030=TRIMMED_CURVE($,#1134,(#2554),(#2555),.T.,.CARTESIAN.);
#1031=TRIMMED_CURVE($,#1135,(#2557),(#2558),.T.,.CARTESIAN.);
#1032=TRIMMED_CURVE($,#1136,(#2592),(#2593),.T.,.CARTESIAN.);
#1033=TRIMMED_CURVE($,#1137,(#2595),(#2596),.T.,.CARTESIAN.);
#1034=TRIMMED_CURVE($,#1138,(#2600),(#2601),.T.,.CARTESIAN.);
#1035=TRIMMED_CURVE($,#1139,(#2603),(#2604),.T.,.CARTESIAN.);
#1036=TRIMMED_CURVE($,#1140,(#2608),(#2609),.T.,.CARTESIAN.);
#1037=TRIMMED_CURVE($,#1141,(#2611),(#2612),.T.,.CARTESIAN.);
#1038=TRIMMED_CURVE($,#1142,(#2616),(#2617),.T.,.CARTESIAN.);
#1039=TRIMMED_CURVE($,#1143,(#2619),(#2620),.T.,.CARTESIAN.);
#1040=TRIMMED_CURVE($,#1144,(#2624),(#2625),.T.,.CARTESIAN.);
#1041=TRIMMED_CURVE($,#1145,(#2627),(#2628),.T.,.CARTESIAN.);
#1042=TRIMMED_CURVE($,#1146,(#2632),(#2633),.T.,.CARTESIAN.);
#1043=TRIMMED_CURVE($,#1147,(#2635),(#2636),.T.,.CARTESIAN.);
#1044=TRIMMED_CURVE($,#1148,(#2640),(#2641),.T.,.CARTESIAN.);
#1045=TRIMMED_CURVE($,#1149,(#2643),(#2644),.T.,.CARTESIAN.);
#1046=TRIMMED_CURVE($,#1150,(#2648),(#2649),.T.,.CARTESIAN.);
#1047=TRIMMED_CURVE($,#1151,(#2651),(#2652),.T.,.CARTESIAN.);
#1048=TRIMMED_CURVE($,#1152,(#2656),(#2657),.T.,.CARTESIAN.);
#1049=TRIMMED_CURVE($,#1153,(#2659),(#2660),.T.,.CARTESIAN.);
#1050=TRIMMED_CURVE($,#1154,(#2664),(#2665),.T.,.CARTESIAN.);
#1051=TRIMMED_CURVE($,#1155,(#2667),(#2668),.T.,.CARTESIAN.);
#1052=TRIMMED_CURVE($,#1156,(#2672),(#2673),.T.,.CARTESIAN.);
#1053=TRIMMED_CURVE($,#1157,(#2675),(#2676),.T.,.CARTESIAN.);
#1054=TRIMMED_CURVE($,#1158,(#2680),(#2681),.T.,.CARTESIAN.);
#1055=TRIMMED_CURVE($,#1159,(#2683),(#2684),.T.,.CARTESIAN.);
#1056=TRIMMED_CURVE($,#1160,(#2688),(#2689),.T.,.CARTESIAN.);
#1057=TRIMMED_CURVE($,#1161,(#2691),(#2692),.T.,.CARTESIAN.);
#1058=TRIMMED_CURVE($,#1162,(#2696),(#2697),.T.,.CARTESIAN.);
#1059=TRIMMED_CURVE($,#1163,(#2699),(#2700),.T.,.CARTESIAN.);
#1060=TRIMMED_CURVE($,#1164,(#2704),(#2705),.T.,.CARTESIAN.);
#1061=TRIMMED_CURVE($,#1165,(#2707),(#2708),.T.,.CARTESIAN.);
#1062=TRIMMED_CURVE($,#1166,(#2712),(#2713),.T.,.CARTESIAN.);
#1063=TRIMMED_CURVE($,#1167,(#2715),(#2716),.T.,.CARTESIAN.);
#1064=TRIMMED_CURVE($,#1168,(#2720),(#2721),.T.,.CARTESIAN.);
#1065=TRIMMED_CURVE($,#1169,(#2723),(#2724),.T.,.CARTESIAN.);
#1066=TRIMMED_CURVE($,#1170,(#2728),(#2729),.T.,.CARTESIAN.);
#1067=TRIMMED_CURVE($,#1171,(#2731),(#2732),.T.,.CARTESIAN.);
#1068=TRIMMED_CURVE($,#1172,(#2736),(#2737),.T.,.CARTESIAN.);
#1069=TRIMMED_CURVE($,#1173,(#2739),(#2740),.T.,.CARTESIAN.);
#1070=TRIMMED_CURVE($,#1174,(#2744),(#2745),.T.,.CARTESIAN.);
#1071=TRIMMED_CURVE($,#1175,(#2747),(#2748),.T.,.CARTESIAN.);
#1072=CIRCLE('',#1571,0.124999999999302);
#1073=CIRCLE('',#1572,0.125000000000228);
#1074=CIRCLE('',#1573,0.125000000000476);
#1075=CIRCLE('',#1574,0.125000000000683);
#1076=CIRCLE('',#1575,0.124999999999492);
#1077=CIRCLE('',#1576,0.124999999999319);
#1078=CIRCLE('',#1577,0.12500000000055);
#1079=CIRCLE('',#1578,0.125000000000001);
#1080=CIRCLE('',#1579,0.0312500000000002);
#1081=CIRCLE('',#1580,0.0312500000001139);
#1082=CIRCLE('',#1581,0.0312500000001139);
#1083=CIRCLE('',#1582,0.0312500000000002);
#1084=CIRCLE('',#1583,0.0312500000002276);
#1085=CIRCLE('',#1584,0.0312499999998866);
#1086=CIRCLE('',#1585,0.0312500000001139);
#1087=CIRCLE('',#1586,0.0312500000000002);
#1088=CIRCLE('',#1587,0.0312500000001139);
#1089=CIRCLE('',#1588,0.0312500000001139);
#1090=CIRCLE('',#1589,0.0312500000000002);
#1091=CIRCLE('',#1590,0.0312500000001139);
#1092=CIRCLE('',#1591,0.125000000000228);
#1093=CIRCLE('',#1592,0.125000000000115);
#1094=CIRCLE('',#1593,0.12499999999966);
#1095=CIRCLE('',#1594,0.125000000000001);
#1096=CIRCLE('',#1595,0.0312499999998866);
#1097=CIRCLE('',#1596,0.0312500000001139);
#1098=CIRCLE('',#1597,0.0312500000001139);
#1099=CIRCLE('',#1598,0.0312500000003413);
#1100=CIRCLE('',#1599,0.0312499999998866);
#1101=CIRCLE('',#1600,0.0312499999998866);
#1102=CIRCLE('',#1601,0.0312500000000002);
#1103=CIRCLE('',#1602,0.0312499999998866);
#1104=CIRCLE('',#1603,0.0312500000002276);
#1105=CIRCLE('',#1604,0.0312499999997729);
#1106=CIRCLE('',#1605,0.0312499999998866);
#1107=CIRCLE('',#1606,0.0312500000000002);
#1108=CIRCLE('',#1607,0.124999999999774);
#1109=CIRCLE('',#1608,0.125000000000115);
#1110=CIRCLE('',#1609,0.125000000000001);
#1111=CIRCLE('',#1610,0.124999999999774);
#1112=CIRCLE('',#1611,0.0312500000003413);
#1113=CIRCLE('',#1612,0.0312499999998866);
#1114=CIRCLE('',#1613,0.0312500000000002);
#1115=CIRCLE('',#1614,0.0312499999998866);
#1116=CIRCLE('',#1615,0.0312500000001139);
#1117=CIRCLE('',#1616,0.0312500000001139);
#1118=CIRCLE('',#1617,0.0312500000002276);
#1119=CIRCLE('',#1618,0.0312500000000002);
#1120=CIRCLE('',#1619,0.0312499999998866);
#1121=CIRCLE('',#1620,0.0312499999995455);
#1122=CIRCLE('',#1621,0.0312499999997729);
#1123=CIRCLE('',#1622,0.0312499999997729);
#1124=CIRCLE('',#1623,0.125000000000001);
#1125=CIRCLE('',#1624,0.125000000000115);
#1126=CIRCLE('',#1625,0.124999999999887);
#1127=CIRCLE('',#1626,0.124999999999887);
#1128=CIRCLE('',#1627,0.125000000000001);
#1129=CIRCLE('',#1628,0.125000000000001);
#1130=CIRCLE('',#1629,0.125000000000115);
#1131=CIRCLE('',#1630,0.124999999999774);
#1132=CIRCLE('',#1631,0.0750000000000461);
#1133=CIRCLE('',#1632,0.0750000000002734);
#1134=CIRCLE('',#1633,0.0750000000001598);
#1135=CIRCLE('',#1634,0.0750000000000461);
#1136=CIRCLE('',#1635,0.0312500000000002);
#1137=CIRCLE('',#1636,0.0312500000000002);
#1138=CIRCLE('',#1637,0.0312500000000002);
#1139=CIRCLE('',#1638,0.0312500000001139);
#1140=CIRCLE('',#1639,0.0312500000001139);
#1141=CIRCLE('',#1640,0.0312500000002276);
#1142=CIRCLE('',#1641,0.0312499999998866);
#1143=CIRCLE('',#1642,0.0312500000001139);
#1144=CIRCLE('',#1643,0.0312500000001139);
#1145=CIRCLE('',#1644,0.0312500000001139);
#1146=CIRCLE('',#1645,0.0312500000001139);
#1147=CIRCLE('',#1646,0.0312500000002276);
#1148=CIRCLE('',#1647,0.0312500000000002);
#1149=CIRCLE('',#1648,0.0312500000001139);
#1150=CIRCLE('',#1649,0.0312500000000002);
#1151=CIRCLE('',#1650,0.0312500000001139);
#1152=CIRCLE('',#1651,0.0312499999998866);
#1153=CIRCLE('',#1652,0.0312500000002276);
#1154=CIRCLE('',#1653,0.0312500000001139);
#1155=CIRCLE('',#1654,0.0312499999998866);
#1156=CIRCLE('',#1655,0.0312500000002276);
#1157=CIRCLE('',#1656,0.0312499999997729);
#1158=CIRCLE('',#1657,0.0312500000001139);
#1159=CIRCLE('',#1658,0.0312500000000002);
#1160=CIRCLE('',#1659,0.0312500000002276);
#1161=CIRCLE('',#1660,0.0312499999996592);
#1162=CIRCLE('',#1661,0.0312499999998866);
#1163=CIRCLE('',#1662,0.0312500000000002);
#1164=CIRCLE('',#1663,0.0312500000000002);
#1165=CIRCLE('',#1664,0.0312499999998866);
#1166=CIRCLE('',#1665,0.0312500000001139);
#1167=CIRCLE('',#1666,0.0312499999997729);
#1168=CIRCLE('',#1667,0.0312499999998866);
#1169=CIRCLE('',#1668,0.0312499999997729);
#1170=CIRCLE('',#1669,0.0312500000000002);
#1171=CIRCLE('',#1670,0.0312500000002276);
#1172=CIRCLE('',#1671,0.0749999999998187);
#1173=CIRCLE('',#1672,0.0750000000000461);
#1174=CIRCLE('',#1673,0.0750000000000461);
#1175=CIRCLE('',#1674,0.0749999999999324);
#1176=B_SPLINE_CURVE_WITH_KNOTS('',1,(#2205,#2206),.UNSPECIFIED.,.F.,.F.,
(2,2),(-7.46238898038469,-4.71238898038469),.UNSPECIFIED.);
#1177=B_SPLINE_CURVE_WITH_KNOTS('',1,(#2210,#2211),.UNSPECIFIED.,.F.,.F.,
(2,2),(-3.14159265358979,-2.39159265358975),.UNSPECIFIED.);
#1178=B_SPLINE_CURVE_WITH_KNOTS('',1,(#2215,#2216),.UNSPECIFIED.,.F.,.F.,
(2,2),(-0.820796326794849,1.92920367320514),.UNSPECIFIED.);
#1179=B_SPLINE_CURVE_WITH_KNOTS('',1,(#2220,#2221),.UNSPECIFIED.,.F.,.F.,
(2,2),(3.50000000000004,4.25000000000006),.UNSPECIFIED.);
#1180=B_SPLINE_CURVE_WITH_KNOTS('',1,(#2238,#2239),.UNSPECIFIED.,.F.,.F.,
(2,2),(0.,101.749999999991),.UNSPECIFIED.);
#1181=B_SPLINE_CURVE_WITH_KNOTS('',1,(#2240,#2241),.UNSPECIFIED.,.F.,.F.,
(2,2),(-7.46238898038469,-4.71238898038469),.UNSPECIFIED.);
#1182=B_SPLINE_CURVE_WITH_KNOTS('',1,(#2242,#2243),.UNSPECIFIED.,.F.,.F.,
(2,2),(-101.749999999991,0.),.UNSPECIFIED.);
#1183=B_SPLINE_CURVE_WITH_KNOTS('',1,(#2247,#2248),.UNSPECIFIED.,.F.,.F.,
(2,2),(-101.749999999991,0.),.UNSPECIFIED.);
#1184=B_SPLINE_CURVE_WITH_KNOTS('',1,(#2249,#2250),.UNSPECIFIED.,.F.,.F.,
(2,2),(-3.14159265358979,-2.39159265358975),.UNSPECIFIED.);
#1185=B_SPLINE_CURVE_WITH_KNOTS('',1,(#2251,#2252),.UNSPECIFIED.,.F.,.F.,
(2,2),(-101.749999999991,0.),.UNSPECIFIED.);
#1186=B_SPLINE_CURVE_WITH_KNOTS('',1,(#2256,#2257),.UNSPECIFIED.,.F.,.F.,
(2,2),(-101.749999999991,0.),.UNSPECIFIED.);
#1187=B_SPLINE_CURVE_WITH_KNOTS('',1,(#2258,#2259),.UNSPECIFIED.,.F.,.F.,
(2,2),(-0.820796326794849,1.92920367320514),.UNSPECIFIED.);
#1188=B_SPLINE_CURVE_WITH_KNOTS('',1,(#2260,#2261),.UNSPECIFIED.,.F.,.F.,
(2,2),(-101.749999999991,0.),.UNSPECIFIED.);
#1189=B_SPLINE_CURVE_WITH_KNOTS('',1,(#2265,#2266),.UNSPECIFIED.,.F.,.F.,
(2,2),(-101.749999999991,0.),.UNSPECIFIED.);
#1190=B_SPLINE_CURVE_WITH_KNOTS('',1,(#2267,#2268),.UNSPECIFIED.,.F.,.F.,
(2,2),(3.50000000000004,4.25000000000006),.UNSPECIFIED.);
#1191=B_SPLINE_CURVE_WITH_KNOTS('',1,(#2269,#2270),.UNSPECIFIED.,.F.,.F.,
(2,2),(-101.749999999991,0.),.UNSPECIFIED.);
#1192=B_SPLINE_CURVE_WITH_KNOTS('',1,(#2274,#2275),.UNSPECIFIED.,.F.,.F.,
(2,2),(0.,101.749999999991),.UNSPECIFIED.);
#1193=B_SPLINE_CURVE_WITH_KNOTS('',1,(#2340,#2341),.UNSPECIFIED.,.F.,.F.,
(2,2),(2.39269908169873,4.39269908169873),.UNSPECIFIED.);
#1194=B_SPLINE_CURVE_WITH_KNOTS('',1,(#2345,#2346),.UNSPECIFIED.,.F.,.F.,
(2,2),(0.,2.),.UNSPECIFIED.);
#1195=B_SPLINE_CURVE_WITH_KNOTS('',1,(#2350,#2351),.UNSPECIFIED.,.F.,.F.,
(2,2),(-4.39269908169873,-2.39269908169873),.UNSPECIFIED.);
#1196=B_SPLINE_CURVE_WITH_KNOTS('',1,(#2355,#2356),.UNSPECIFIED.,.F.,.F.,
(2,2),(-2.,0.),.UNSPECIFIED.);
#1197=B_SPLINE_CURVE_WITH_KNOTS('',1,(#2361,#2362),.UNSPECIFIED.,.F.,.F.,
(2,2),(0.117675190809985,0.136709655364812),.UNSPECIFIED.);
#1198=B_SPLINE_CURVE_WITH_KNOTS('',1,(#2416,#2417),.UNSPECIFIED.,.F.,.F.,
(2,2),(2.39269908169873,4.39269908169873),.UNSPECIFIED.);
#1199=B_SPLINE_CURVE_WITH_KNOTS('',1,(#2421,#2422),.UNSPECIFIED.,.F.,.F.,
(2,2),(0.,2.),.UNSPECIFIED.);
#1200=B_SPLINE_CURVE_WITH_KNOTS('',1,(#2426,#2427),.UNSPECIFIED.,.F.,.F.,
(2,2),(-4.39269908169873,-2.39269908169873),.UNSPECIFIED.);
#1201=B_SPLINE_CURVE_WITH_KNOTS('',1,(#2431,#2432),.UNSPECIFIED.,.F.,.F.,
(2,2),(-2.,0.),.UNSPECIFIED.);
#1202=B_SPLINE_CURVE_WITH_KNOTS('',1,(#2437,#2438),.UNSPECIFIED.,.F.,.F.,
(2,2),(0.117675190810019,0.136709655364841),.UNSPECIFIED.);
#1203=B_SPLINE_CURVE_WITH_KNOTS('',1,(#2492,#2493),.UNSPECIFIED.,.F.,.F.,
(2,2),(2.39269908169873,4.39269908169873),.UNSPECIFIED.);
#1204=B_SPLINE_CURVE_WITH_KNOTS('',1,(#2497,#2498),.UNSPECIFIED.,.F.,.F.,
(2,2),(0.,2.),.UNSPECIFIED.);
#1205=B_SPLINE_CURVE_WITH_KNOTS('',1,(#2502,#2503),.UNSPECIFIED.,.F.,.F.,
(2,2),(-4.39269908169873,-2.39269908169873),.UNSPECIFIED.);
#1206=B_SPLINE_CURVE_WITH_KNOTS('',1,(#2507,#2508),.UNSPECIFIED.,.F.,.F.,
(2,2),(-2.,0.),.UNSPECIFIED.);
#1207=B_SPLINE_CURVE_WITH_KNOTS('',1,(#2513,#2514),.UNSPECIFIED.,.F.,.F.,
(2,2),(0.343202205995367,0.393614804151439),.UNSPECIFIED.);
#1208=B_SPLINE_CURVE_WITH_KNOTS('',1,(#2520,#2521),.UNSPECIFIED.,.F.,.F.,
(2,2),(2.39269908169873,4.39269908169873),.UNSPECIFIED.);
#1209=B_SPLINE_CURVE_WITH_KNOTS('',1,(#2525,#2526),.UNSPECIFIED.,.F.,.F.,
(2,2),(0.,2.),.UNSPECIFIED.);
#1210=B_SPLINE_CURVE_WITH_KNOTS('',1,(#2530,#2531),.UNSPECIFIED.,.F.,.F.,
(2,2),(-4.39269908169873,-2.39269908169873),.UNSPECIFIED.);
#1211=B_SPLINE_CURVE_WITH_KNOTS('',1,(#2535,#2536),.UNSPECIFIED.,.F.,.F.,
(2,2),(-2.,0.),.UNSPECIFIED.);
#1212=B_SPLINE_CURVE_WITH_KNOTS('',1,(#2541,#2542),.UNSPECIFIED.,.F.,.F.,
(2,2),(0.117675190810003,0.13670965536477),.UNSPECIFIED.);
#1213=B_SPLINE_CURVE_WITH_KNOTS('',1,(#2561,#2562),.UNSPECIFIED.,.F.,.F.,
(2,2),(0.,101.749999999991),.UNSPECIFIED.);
#1214=VERTEX_POINT('',#2073);
#1215=VERTEX_POINT('',#2074);
#1216=VERTEX_POINT('',#2075);
#1217=VERTEX_POINT('',#2076);
#1218=VERTEX_POINT('',#2077);
#1219=VERTEX_POINT('',#2078);
#1220=VERTEX_POINT('',#2079);
#1221=VERTEX_POINT('',#2080);
#1222=VERTEX_POINT('',#2081);
#1223=VERTEX_POINT('',#2082);
#1224=VERTEX_POINT('',#2083);
#1225=VERTEX_POINT('',#2084);
#1226=VERTEX_POINT('',#2085);
#1227=VERTEX_POINT('',#2086);
#1228=VERTEX_POINT('',#2087);
#1229=VERTEX_POINT('',#2088);
#1230=VERTEX_POINT('',#2089);
#1231=VERTEX_POINT('',#2090);
#1232=VERTEX_POINT('',#2091);
#1233=VERTEX_POINT('',#2092);
#1234=VERTEX_POINT('',#2093);
#1235=VERTEX_POINT('',#2094);
#1236=VERTEX_POINT('',#2095);
#1237=VERTEX_POINT('',#2096);
#1238=VERTEX_POINT('',#2097);
#1239=VERTEX_POINT('',#2098);
#1240=VERTEX_POINT('',#2099);
#1241=VERTEX_POINT('',#2100);
#1242=VERTEX_POINT('',#2101);
#1243=VERTEX_POINT('',#2102);
#1244=VERTEX_POINT('',#2103);
#1245=VERTEX_POINT('',#2104);
#1246=VERTEX_POINT('',#2105);
#1247=VERTEX_POINT('',#2106);
#1248=VERTEX_POINT('',#2107);
#1249=VERTEX_POINT('',#2108);
#1250=VERTEX_POINT('',#2109);
#1251=VERTEX_POINT('',#2110);
#1252=VERTEX_POINT('',#2111);
#1253=VERTEX_POINT('',#2112);
#1254=VERTEX_POINT('',#2113);
#1255=VERTEX_POINT('',#2114);
#1256=VERTEX_POINT('',#2115);
#1257=VERTEX_POINT('',#2116);
#1258=VERTEX_POINT('',#2117);
#1259=VERTEX_POINT('',#2118);
#1260=VERTEX_POINT('',#2119);
#1261=VERTEX_POINT('',#2120);
#1262=VERTEX_POINT('',#2121);
#1263=VERTEX_POINT('',#2122);
#1264=VERTEX_POINT('',#2123);
#1265=VERTEX_POINT('',#2124);
#1266=VERTEX_POINT('',#2125);
#1267=VERTEX_POINT('',#2126);
#1268=VERTEX_POINT('',#2127);
#1269=VERTEX_POINT('',#2128);
#1270=VERTEX_POINT('',#2129);
#1271=VERTEX_POINT('',#2130);
#1272=VERTEX_POINT('',#2131);
#1273=VERTEX_POINT('',#2132);
#1274=VERTEX_POINT('',#2133);
#1275=VERTEX_POINT('',#2134);
#1276=VERTEX_POINT('',#2135);
#1277=VERTEX_POINT('',#2136);
#1278=VERTEX_POINT('',#2137);
#1279=VERTEX_POINT('',#2138);
#1280=VERTEX_POINT('',#2139);
#1281=VERTEX_POINT('',#2140);
#1282=VERTEX_POINT('',#2141);
#1283=VERTEX_POINT('',#2142);
#1284=VERTEX_POINT('',#2143);
#1285=VERTEX_POINT('',#2144);
#1286=VERTEX_POINT('',#2145);
#1287=VERTEX_POINT('',#2146);
#1288=VERTEX_POINT('',#2147);
#1289=VERTEX_POINT('',#2148);
#1290=VERTEX_POINT('',#2149);
#1291=VERTEX_POINT('',#2150);
#1292=VERTEX_POINT('',#2151);
#1293=VERTEX_POINT('',#2152);
#1294=VERTEX_POINT('',#2153);
#1295=VERTEX_POINT('',#2154);
#1296=VERTEX_POINT('',#2155);
#1297=VERTEX_POINT('',#2156);
#1298=VERTEX_POINT('',#2157);
#1299=VERTEX_POINT('',#2158);
#1300=VERTEX_POINT('',#2159);
#1301=VERTEX_POINT('',#2160);
#1302=VERTEX_POINT('',#2161);
#1303=VERTEX_POINT('',#2162);
#1304=VERTEX_POINT('',#2163);
#1305=VERTEX_POINT('',#2164);
#1306=VERTEX_POINT('',#2165);
#1307=VERTEX_POINT('',#2166);
#1308=VERTEX_POINT('',#2167);
#1309=VERTEX_POINT('',#2168);
#1310=VERTEX_POINT('',#2169);
#1311=VERTEX_POINT('',#2170);
#1312=VERTEX_POINT('',#2171);
#1313=VERTEX_POINT('',#2172);
#1314=VERTEX_POINT('',#2173);
#1315=VERTEX_POINT('',#2174);
#1316=VERTEX_POINT('',#2175);
#1317=VERTEX_POINT('',#2176);
#1318=VERTEX_POINT('',#2177);
#1319=VERTEX_POINT('',#2178);
#1320=VERTEX_POINT('',#2179);
#1321=VERTEX_POINT('',#2180);
#1322=VERTEX_POINT('',#2181);
#1323=VERTEX_POINT('',#2182);
#1324=VERTEX_POINT('',#2183);
#1325=VERTEX_POINT('',#2184);
#1326=VERTEX_POINT('',#2185);
#1327=VERTEX_POINT('',#2186);
#1328=VERTEX_POINT('',#2187);
#1329=VERTEX_POINT('',#2188);
#1330=VERTEX_POINT('',#2189);
#1331=VERTEX_POINT('',#2190);
#1332=VERTEX_POINT('',#2191);
#1333=VERTEX_POINT('',#2192);
#1334=VERTEX_POINT('',#2193);
#1335=VERTEX_POINT('',#2194);
#1336=VERTEX_POINT('',#2195);
#1337=VERTEX_POINT('',#2196);
#1338=VERTEX_POINT('',#2197);
#1339=VERTEX_POINT('',#2198);
#1340=VERTEX_POINT('',#2199);
#1341=VERTEX_POINT('',#2200);
#1342=VERTEX_POINT('',#2201);
#1343=VERTEX_POINT('',#2202);
#1344=VERTEX_POINT('',#2203);
#1345=VERTEX_POINT('',#2204);
#1346=(
BOUNDED_SURFACE()
B_SPLINE_SURFACE(2,1,((#1964,#1965),(#1966,#1967),(#1968,#1969),(#1970,
#1971),(#1972,#1973),(#1974,#1975),(#1976,#1977),(#1978,#1979),(#1980,#1981),
(#1982,#1983),(#1984,#1985),(#1986,#1987),(#1988,#1989)),.UNSPECIFIED.,
 .F.,.F.,.F.)
B_SPLINE_SURFACE_WITH_KNOTS((3,2,2,2,2,2,3),(2,2),(-31.0312364653642,-30.9652630196388,
-30.2152630196388,-30.1492895739134,-29.3992895739134,-28.1492895739134,
-27.3992895739134),(0.,101.749999999991),.UNSPECIFIED.)
GEOMETRIC_REPRESENTATION_ITEM()
RATIONAL_B_SPLINE_SURFACE(((1.,1.),(0.707106781186342,0.707106781186342),
(1.,1.),(1.,1.),(1.,1.),(0.707106781186054,0.707106781186054),(1.,1.),(1.,
1.),(1.,1.),(1.,1.),(1.,1.),(1.,1.),(1.,1.)))
REPRESENTATION_ITEM('')
SURFACE()
);
#1347=(
BOUNDED_SURFACE()
B_SPLINE_SURFACE(2,1,((#2027,#2028),(#2029,#2030),(#2031,#2032),(#2033,
#2034),(#2035,#2036),(#2037,#2038),(#2039,#2040),(#2041,#2042),(#2043,#2044),
(#2045,#2046),(#2047,#2048),(#2049,#2050),(#2051,#2052)),.UNSPECIFIED.,
 .F.,.F.,.F.)
B_SPLINE_SURFACE_WITH_KNOTS((3,2,2,2,2,2,3),(2,2),(-27.3992895739134,-27.333316128188,
-26.5833161281879,-26.5173426824625,-25.7673426824625,-24.5173426824625,
-23.7673426824625),(0.,101.749999999991),.UNSPECIFIED.)
GEOMETRIC_REPRESENTATION_ITEM()
RATIONAL_B_SPLINE_SURFACE(((1.,1.),(0.707106781187026,0.707106781187026),
(1.,1.),(1.,1.),(1.,1.),(0.707106781186039,0.707106781186039),(1.,1.),(1.,
1.),(1.,1.),(1.,1.),(1.,1.),(1.,1.),(1.,1.)))
REPRESENTATION_ITEM('')
SURFACE()
);
#1348=CYLINDRICAL_SURFACE('',#1507,0.124999999999546);
#1349=CYLINDRICAL_SURFACE('',#1509,0.12499999999921);
#1350=CYLINDRICAL_SURFACE('',#1511,0.125000000000001);
#1351=CYLINDRICAL_SURFACE('',#1513,0.125000000000136);
#1352=CYLINDRICAL_SURFACE('',#1515,0.0312499999998866);
#1353=CYLINDRICAL_SURFACE('',#1516,0.0312500000000002);
#1354=CYLINDRICAL_SURFACE('',#1517,0.0312500000000002);
#1355=CYLINDRICAL_SURFACE('',#1518,0.0312500000000002);
#1356=CYLINDRICAL_SURFACE('',#1519,0.0312500000001139);
#1357=CYLINDRICAL_SURFACE('',#1520,0.0312499999997729);
#1358=CYLINDRICAL_SURFACE('',#1521,0.12499999999966);
#1359=CYLINDRICAL_SURFACE('',#1523,0.125000000000001);
#1360=CYLINDRICAL_SURFACE('',#1525,0.0312500000000002);
#1361=CYLINDRICAL_SURFACE('',#1526,0.0312499999998866);
#1362=CYLINDRICAL_SURFACE('',#1527,0.0312500000000002);
#1363=CYLINDRICAL_SURFACE('',#1528,0.0312500000000002);
#1364=CYLINDRICAL_SURFACE('',#1529,0.0312499999997729);
#1365=CYLINDRICAL_SURFACE('',#1530,0.0312500000001139);
#1366=CYLINDRICAL_SURFACE('',#1531,0.125000000000001);
#1367=CYLINDRICAL_SURFACE('',#1533,0.124999999999774);
#1368=CYLINDRICAL_SURFACE('',#1535,0.0312500000000002);
#1369=CYLINDRICAL_SURFACE('',#1536,0.0312499999998866);
#1370=CYLINDRICAL_SURFACE('',#1537,0.0312499999998866);
#1371=CYLINDRICAL_SURFACE('',#1538,0.0312500000000002);
#1372=CYLINDRICAL_SURFACE('',#1539,0.0312500000000002);
#1373=CYLINDRICAL_SURFACE('',#1540,0.0312499999997729);
#1374=CYLINDRICAL_SURFACE('',#1541,0.12499999999966);
#1375=CYLINDRICAL_SURFACE('',#1543,0.124999999999887);
#1376=CYLINDRICAL_SURFACE('',#1545,0.125000000000115);
#1377=CYLINDRICAL_SURFACE('',#1547,0.124999999999774);
#1378=CYLINDRICAL_SURFACE('',#1549,0.0750000000002734);
#1379=CYLINDRICAL_SURFACE('',#1550,0.0750000000000461);
#1380=CYLINDRICAL_SURFACE('',#1551,0.0312499999997729);
#1381=CYLINDRICAL_SURFACE('',#1552,0.0312500000002276);
#1382=CYLINDRICAL_SURFACE('',#1553,0.0312500000000002);
#1383=CYLINDRICAL_SURFACE('',#1554,0.0312500000002276);
#1384=CYLINDRICAL_SURFACE('',#1555,0.0312500000000002);
#1385=CYLINDRICAL_SURFACE('',#1556,0.0312499999998866);
#1386=CYLINDRICAL_SURFACE('',#1557,0.0312499999998866);
#1387=CYLINDRICAL_SURFACE('',#1558,0.0312499999997729);
#1388=CYLINDRICAL_SURFACE('',#1559,0.0312500000000002);
#1389=CYLINDRICAL_SURFACE('',#1560,0.0312500000003413);
#1390=CYLINDRICAL_SURFACE('',#1561,0.0312500000001139);
#1391=CYLINDRICAL_SURFACE('',#1562,0.0312500000001139);
#1392=CYLINDRICAL_SURFACE('',#1563,0.0312500000002276);
#1393=CYLINDRICAL_SURFACE('',#1564,0.0312500000000002);
#1394=CYLINDRICAL_SURFACE('',#1565,0.0312499999998866);
#1395=CYLINDRICAL_SURFACE('',#1566,0.0312500000001139);
#1396=CYLINDRICAL_SURFACE('',#1567,0.0312500000001139);
#1397=CYLINDRICAL_SURFACE('',#1568,0.0312500000000002);
#1398=CYLINDRICAL_SURFACE('',#1569,0.0750000000000461);
#1399=CYLINDRICAL_SURFACE('',#1570,0.0749999999999324);
#1400=PLANE('',#1505);
#1401=PLANE('',#1506);
#1402=PLANE('',#1508);
#1403=PLANE('',#1510);
#1404=PLANE('',#1512);
#1405=PLANE('',#1514);
#1406=PLANE('',#1522);
#1407=PLANE('',#1524);
#1408=PLANE('',#1532);
#1409=PLANE('',#1534);
#1410=PLANE('',#1542);
#1411=PLANE('',#1544);
#1412=PLANE('',#1546);
#1413=PLANE('',#1548);
#1414=SHAPE_DEFINITION_REPRESENTATION(#1415,#1503);
#1415=PRODUCT_DEFINITION_SHAPE($,$,#1417);
#1416=PRODUCT_DEFINITION_CONTEXT('3D Mechanical Parts',#1489,'design');
#1417=PRODUCT_DEFINITION('A','First version',#1459,#1416);
#1418=DATE_TIME_ROLE('classification_date');
#1419=DATE_TIME_ROLE('creation_date');
#1420=APPLIED_DATE_AND_TIME_ASSIGNMENT(#1444,#1418,(#1423));
#1421=APPLIED_DATE_AND_TIME_ASSIGNMENT(#1446,#1419,(#1417));
#1422=SECURITY_CLASSIFICATION_LEVEL('unclassified');
#1423=SECURITY_CLASSIFICATION('A','Security for version',#1422);
#1424=APPLIED_SECURITY_CLASSIFICATION_ASSIGNMENT(#1423,(#1459));
#1425=APPROVAL_ROLE('Version approval');
#1426=APPROVAL_ROLE('Version Security approval');
#1427=APPROVAL_ROLE('Definition approval');
#1428=APPROVAL_PERSON_ORGANIZATION(#1477,#1453,#1425);
#1429=APPROVAL_PERSON_ORGANIZATION(#1478,#1454,#1426);
#1430=APPROVAL_PERSON_ORGANIZATION(#1481,#1455,#1427);
#1431=COORDINATED_UNIVERSAL_TIME_OFFSET(5,0,.BEHIND.);
#1432=LOCAL_TIME(0,0,0.,#1431);
#1433=LOCAL_TIME(0,0,0.,#1431);
#1434=LOCAL_TIME(0,0,0.,#1431);
#1435=LOCAL_TIME(0,0,0.,#1431);
#1436=LOCAL_TIME(0,0,0.,#1431);
#1437=CALENDAR_DATE(1999,1,1);
#1438=CALENDAR_DATE(1999,1,1);
#1439=CALENDAR_DATE(1999,1,1);
#1440=CALENDAR_DATE(1999,1,1);
#1441=CALENDAR_DATE(1999,1,1);
#1442=DATE_AND_TIME(#1437,#1432);
#1443=DATE_AND_TIME(#1438,#1433);
#1444=DATE_AND_TIME(#1439,#1434);
#1445=DATE_AND_TIME(#1440,#1435);
#1446=DATE_AND_TIME(#1441,#1436);
#1447=APPROVAL_DATE_TIME(#1442,#1453);
#1448=APPROVAL_DATE_TIME(#1443,#1454);
#1449=APPROVAL_DATE_TIME(#1445,#1455);
#1450=APPROVAL_STATUS('not_yet_approved');
#1451=APPROVAL_STATUS('not_yet_approved');
#1452=APPROVAL_STATUS('approved');
#1453=APPROVAL(#1450,'Version approval');
#1454=APPROVAL(#1451,'Version Security approval');
#1455=APPROVAL(#1452,'Definition approval');
#1456=APPLIED_APPROVAL_ASSIGNMENT(#1453,(#1459));
#1457=APPLIED_APPROVAL_ASSIGNMENT(#1454,(#1423));
#1458=APPLIED_APPROVAL_ASSIGNMENT(#1455,(#1417));
#1459=PRODUCT_DEFINITION_FORMATION_WITH_SPECIFIED_SOURCE('A',
'First version',#1491,.MADE.);
#1460=PERSON_AND_ORGANIZATION_ROLE('design_owner');
#1461=PERSON_AND_ORGANIZATION_ROLE('creator');
#1462=PERSON_AND_ORGANIZATION_ROLE('design_supplier');
#1463=PERSON_AND_ORGANIZATION_ROLE('classification_officer');
#1464=PERSON_AND_ORGANIZATION_ROLE('creator');
#1465=ORGANIZATION('STI','lab','lab');
#1466=ORGANIZATION('STI','unknown','unknown');
#1467=ORGANIZATION('STI','unknown','unknown');
#1468=ORGANIZATION('STI','unknown','unknown');
#1469=ORGANIZATION('STI','unknown','unknown');
#1470=ORGANIZATION('STI','unknown','unknown');
#1471=ORGANIZATION('STI','unknown','unknown');
#1472=PERSON('1','Box','vc60',$,$,$);
#1473=PERSON('2','last','first',$,$,$);
#1474=PERSON('3','President','Mr.',$,$,$);
#1475=PERSON_AND_ORGANIZATION(#1472,#1465);
#1476=PERSON_AND_ORGANIZATION(#1473,#1466);
#1477=PERSON_AND_ORGANIZATION(#1474,#1467);
#1478=PERSON_AND_ORGANIZATION(#1474,#1468);
#1479=PERSON_AND_ORGANIZATION(#1474,#1469);
#1480=PERSON_AND_ORGANIZATION(#1473,#1470);
#1481=PERSON_AND_ORGANIZATION(#1474,#1471);
#1482=APPLIED_PERSON_AND_ORGANIZATION_ASSIGNMENT(#1475,#1460,(#1491));
#1483=APPLIED_PERSON_AND_ORGANIZATION_ASSIGNMENT(#1476,#1461,(#1459));
#1484=APPLIED_PERSON_AND_ORGANIZATION_ASSIGNMENT(#1476,#1462,(#1459));
#1485=APPLIED_PERSON_AND_ORGANIZATION_ASSIGNMENT(#1479,#1463,(#1423));
#1486=APPLIED_PERSON_AND_ORGANIZATION_ASSIGNMENT(#1480,#1464,(#1417));
#1487=PRODUCT_RELATED_PRODUCT_CATEGORY('detail','detail',(#1491));
#1488=APPLICATION_PROTOCOL_DEFINITION('International Standard',
'config_control_design',1994,#1489);
#1489=APPLICATION_CONTEXT(
'configuration controlled 3d designs of mechanical parts and assemblie
s');
#1490=PRODUCT_CONTEXT('3D Mechanical Parts',#1489,'mechanical');
#1491=PRODUCT('Document','Document','',(#1490));
#1492=(
LENGTH_UNIT()
NAMED_UNIT(*)
SI_UNIT(.CENTI.,.METRE.)
);
#1493=LENGTH_MEASURE_WITH_UNIT(LENGTH_MEASURE(2.54),#1492);
#1494=(
CONVERSION_BASED_UNIT('INCH',#1493)
LENGTH_UNIT()
NAMED_UNIT(#1497)
);
#1495=(
NAMED_UNIT(*)
PLANE_ANGLE_UNIT()
SI_UNIT($,.RADIAN.)
);
#1496=DIMENSIONAL_EXPONENTS(0.,0.,0.,0.,0.,0.,0.);
#1497=DIMENSIONAL_EXPONENTS(1.,0.,0.,0.,0.,0.,0.);
#1498=PLANE_ANGLE_MEASURE_WITH_UNIT(PLANE_ANGLE_MEASURE(0.01745329252),
#1495);
#1499=(
CONVERSION_BASED_UNIT('DEGREES',#1498)
NAMED_UNIT(#1496)
PLANE_ANGLE_UNIT()
);
#1500=(
NAMED_UNIT(*)
SI_UNIT($,.STERADIAN.)
SOLID_ANGLE_UNIT()
);
#1501=UNCERTAINTY_MEASURE_WITH_UNIT(LENGTH_MEASURE(0.000393700787401575),
#1494,'DISTANCE_ACCURACY_VALUE',
'Maximum model space distance between geometric entities at asserted c
onnectivities');
#1502=(
GEOMETRIC_REPRESENTATION_CONTEXT(3)
GLOBAL_UNCERTAINTY_ASSIGNED_CONTEXT((#1501))
GLOBAL_UNIT_ASSIGNED_CONTEXT((#1500,#1499,#1494))
REPRESENTATION_CONTEXT('ID1','3D')
);
#1503=SHAPE_REPRESENTATION('Document',(#1504,#1675),#1502);
#1504=AXIS2_PLACEMENT_3D($,#1954,#1676,#1677);
#1505=AXIS2_PLACEMENT_3D('',#1955,#1678,$);
#1506=AXIS2_PLACEMENT_3D('',#1956,#1679,$);
#1507=AXIS2_PLACEMENT_3D('',#1957,#1680,$);
#1508=AXIS2_PLACEMENT_3D('',#1958,#1681,$);
#1509=AXIS2_PLACEMENT_3D('',#1959,#1682,$);
#1510=AXIS2_PLACEMENT_3D('',#1960,#1683,$);
#1511=AXIS2_PLACEMENT_3D('',#1961,#1684,$);
#1512=AXIS2_PLACEMENT_3D('',#1962,#1685,$);
#1513=AXIS2_PLACEMENT_3D('',#1963,#1686,$);
#1514=AXIS2_PLACEMENT_3D('',#1990,#1687,$);
#1515=AXIS2_PLACEMENT_3D('',#1991,#1688,$);
#1516=AXIS2_PLACEMENT_3D('',#1992,#1689,$);
#1517=AXIS2_PLACEMENT_3D('',#1993,#1690,$);
#1518=AXIS2_PLACEMENT_3D('',#1994,#1691,$);
#1519=AXIS2_PLACEMENT_3D('',#1995,#1692,$);
#1520=AXIS2_PLACEMENT_3D('',#1996,#1693,$);
#1521=AXIS2_PLACEMENT_3D('',#1997,#1694,$);
#1522=AXIS2_PLACEMENT_3D('',#1998,#1695,$);
#1523=AXIS2_PLACEMENT_3D('',#1999,#1696,$);
#1524=AXIS2_PLACEMENT_3D('',#2000,#1697,$);
#1525=AXIS2_PLACEMENT_3D('',#2001,#1698,$);
#1526=AXIS2_PLACEMENT_3D('',#2002,#1699,$);
#1527=AXIS2_PLACEMENT_3D('',#2003,#1700,$);
#1528=AXIS2_PLACEMENT_3D('',#2004,#1701,$);
#1529=AXIS2_PLACEMENT_3D('',#2005,#1702,$);
#1530=AXIS2_PLACEMENT_3D('',#2006,#1703,$);
#1531=AXIS2_PLACEMENT_3D('',#2007,#1704,$);
#1532=AXIS2_PLACEMENT_3D('',#2008,#1705,$);
#1533=AXIS2_PLACEMENT_3D('',#2009,#1706,$);
#1534=AXIS2_PLACEMENT_3D('',#2010,#1707,$);
#1535=AXIS2_PLACEMENT_3D('',#2011,#1708,$);
#1536=AXIS2_PLACEMENT_3D('',#2012,#1709,$);
#1537=AXIS2_PLACEMENT_3D('',#2013,#1710,$);
#1538=AXIS2_PLACEMENT_3D('',#2014,#1711,$);
#1539=AXIS2_PLACEMENT_3D('',#2015,#1712,$);
#1540=AXIS2_PLACEMENT_3D('',#2016,#1713,$);
#1541=AXIS2_PLACEMENT_3D('',#2017,#1714,$);
#1542=AXIS2_PLACEMENT_3D('',#2018,#1715,$);
#1543=AXIS2_PLACEMENT_3D('',#2019,#1716,$);
#1544=AXIS2_PLACEMENT_3D('',#2020,#1717,$);
#1545=AXIS2_PLACEMENT_3D('',#2021,#1718,$);
#1546=AXIS2_PLACEMENT_3D('',#2022,#1719,$);
#1547=AXIS2_PLACEMENT_3D('',#2023,#1720,$);
#1548=AXIS2_PLACEMENT_3D('',#2024,#1721,$);
#1549=AXIS2_PLACEMENT_3D('',#2025,#1722,$);
#1550=AXIS2_PLACEMENT_3D('',#2026,#1723,$);
#1551=AXIS2_PLACEMENT_3D('',#2053,#1724,$);
#1552=AXIS2_PLACEMENT_3D('',#2054,#1725,$);
#1553=AXIS2_PLACEMENT_3D('',#2055,#1726,$);
#1554=AXIS2_PLACEMENT_3D('',#2056,#1727,$);
#1555=AXIS2_PLACEMENT_3D('',#2057,#1728,$);
#1556=AXIS2_PLACEMENT_3D('',#2058,#1729,$);
#1557=AXIS2_PLACEMENT_3D('',#2059,#1730,$);
#1558=AXIS2_PLACEMENT_3D('',#2060,#1731,$);
#1559=AXIS2_PLACEMENT_3D('',#2061,#1732,$);
#1560=AXIS2_PLACEMENT_3D('',#2062,#1733,$);
#1561=AXIS2_PLACEMENT_3D('',#2063,#1734,$);
#1562=AXIS2_PLACEMENT_3D('',#2064,#1735,$);
#1563=AXIS2_PLACEMENT_3D('',#2065,#1736,$);
#1564=AXIS2_PLACEMENT_3D('',#2066,#1737,$);
#1565=AXIS2_PLACEMENT_3D('',#2067,#1738,$);
#1566=AXIS2_PLACEMENT_3D('',#2068,#1739,$);
#1567=AXIS2_PLACEMENT_3D('',#2069,#1740,$);
#1568=AXIS2_PLACEMENT_3D('',#2070,#1741,$);
#1569=AXIS2_PLACEMENT_3D('',#2071,#1742,$);
#1570=AXIS2_PLACEMENT_3D('',#2072,#1743,$);
#1571=AXIS2_PLACEMENT_3D($,#2207,#1744,#1745);
#1572=AXIS2_PLACEMENT_3D($,#2212,#1746,#1747);
#1573=AXIS2_PLACEMENT_3D($,#2217,#1748,#1749);
#1574=AXIS2_PLACEMENT_3D($,#2222,#1750,#1751);
#1575=AXIS2_PLACEMENT_3D($,#2244,#1752,#1753);
#1576=AXIS2_PLACEMENT_3D($,#2253,#1754,#1755);
#1577=AXIS2_PLACEMENT_3D($,#2262,#1756,#1757);
#1578=AXIS2_PLACEMENT_3D($,#2271,#1758,#1759);
#1579=AXIS2_PLACEMENT_3D($,#2289,#1760,#1761);
#1580=AXIS2_PLACEMENT_3D($,#2292,#1762,#1763);
#1581=AXIS2_PLACEMENT_3D($,#2297,#1764,#1765);
#1582=AXIS2_PLACEMENT_3D($,#2300,#1766,#1767);
#1583=AXIS2_PLACEMENT_3D($,#2305,#1768,#1769);
#1584=AXIS2_PLACEMENT_3D($,#2308,#1770,#1771);
#1585=AXIS2_PLACEMENT_3D($,#2313,#1772,#1773);
#1586=AXIS2_PLACEMENT_3D($,#2316,#1774,#1775);
#1587=AXIS2_PLACEMENT_3D($,#2321,#1776,#1777);
#1588=AXIS2_PLACEMENT_3D($,#2324,#1778,#1779);
#1589=AXIS2_PLACEMENT_3D($,#2329,#1780,#1781);
#1590=AXIS2_PLACEMENT_3D($,#2332,#1782,#1783);
#1591=AXIS2_PLACEMENT_3D($,#2337,#1784,#1785);
#1592=AXIS2_PLACEMENT_3D($,#2342,#1786,#1787);
#1593=AXIS2_PLACEMENT_3D($,#2347,#1788,#1789);
#1594=AXIS2_PLACEMENT_3D($,#2352,#1790,#1791);
#1595=AXIS2_PLACEMENT_3D($,#2365,#1792,#1793);
#1596=AXIS2_PLACEMENT_3D($,#2368,#1794,#1795);
#1597=AXIS2_PLACEMENT_3D($,#2373,#1796,#1797);
#1598=AXIS2_PLACEMENT_3D($,#2376,#1798,#1799);
#1599=AXIS2_PLACEMENT_3D($,#2381,#1800,#1801);
#1600=AXIS2_PLACEMENT_3D($,#2384,#1802,#1803);
#1601=AXIS2_PLACEMENT_3D($,#2389,#1804,#1805);
#1602=AXIS2_PLACEMENT_3D($,#2392,#1806,#1807);
#1603=AXIS2_PLACEMENT_3D($,#2397,#1808,#1809);
#1604=AXIS2_PLACEMENT_3D($,#2400,#1810,#1811);
#1605=AXIS2_PLACEMENT_3D($,#2405,#1812,#1813);
#1606=AXIS2_PLACEMENT_3D($,#2408,#1814,#1815);
#1607=AXIS2_PLACEMENT_3D($,#2413,#1816,#1817);
#1608=AXIS2_PLACEMENT_3D($,#2418,#1818,#1819);
#1609=AXIS2_PLACEMENT_3D($,#2423,#1820,#1821);
#1610=AXIS2_PLACEMENT_3D($,#2428,#1822,#1823);
#1611=AXIS2_PLACEMENT_3D($,#2441,#1824,#1825);
#1612=AXIS2_PLACEMENT_3D($,#2444,#1826,#1827);
#1613=AXIS2_PLACEMENT_3D($,#2449,#1828,#1829);
#1614=AXIS2_PLACEMENT_3D($,#2452,#1830,#1831);
#1615=AXIS2_PLACEMENT_3D($,#2457,#1832,#1833);
#1616=AXIS2_PLACEMENT_3D($,#2460,#1834,#1835);
#1617=AXIS2_PLACEMENT_3D($,#2465,#1836,#1837);
#1618=AXIS2_PLACEMENT_3D($,#2468,#1838,#1839);
#1619=AXIS2_PLACEMENT_3D($,#2473,#1840,#1841);
#1620=AXIS2_PLACEMENT_3D($,#2476,#1842,#1843);
#1621=AXIS2_PLACEMENT_3D($,#2481,#1844,#1845);
#1622=AXIS2_PLACEMENT_3D($,#2484,#1846,#1847);
#1623=AXIS2_PLACEMENT_3D($,#2489,#1848,#1849);
#1624=AXIS2_PLACEMENT_3D($,#2494,#1850,#1851);
#1625=AXIS2_PLACEMENT_3D($,#2499,#1852,#1853);
#1626=AXIS2_PLACEMENT_3D($,#2504,#1854,#1855);
#1627=AXIS2_PLACEMENT_3D($,#2517,#1856,#1857);
#1628=AXIS2_PLACEMENT_3D($,#2522,#1858,#1859);
#1629=AXIS2_PLACEMENT_3D($,#2527,#1860,#1861);
#1630=AXIS2_PLACEMENT_3D($,#2532,#1862,#1863);
#1631=AXIS2_PLACEMENT_3D($,#2545,#1864,#1865);
#1632=AXIS2_PLACEMENT_3D($,#2548,#1866,#1867);
#1633=AXIS2_PLACEMENT_3D($,#2553,#1868,#1869);
#1634=AXIS2_PLACEMENT_3D($,#2556,#1870,#1871);
#1635=AXIS2_PLACEMENT_3D($,#2591,#1872,#1873);
#1636=AXIS2_PLACEMENT_3D($,#2594,#1874,#1875);
#1637=AXIS2_PLACEMENT_3D($,#2599,#1876,#1877);
#1638=AXIS2_PLACEMENT_3D($,#2602,#1878,#1879);
#1639=AXIS2_PLACEMENT_3D($,#2607,#1880,#1881);
#1640=AXIS2_PLACEMENT_3D($,#2610,#1882,#1883);
#1641=AXIS2_PLACEMENT_3D($,#2615,#1884,#1885);
#1642=AXIS2_PLACEMENT_3D($,#2618,#1886,#1887);
#1643=AXIS2_PLACEMENT_3D($,#2623,#1888,#1889);
#1644=AXIS2_PLACEMENT_3D($,#2626,#1890,#1891);
#1645=AXIS2_PLACEMENT_3D($,#2631,#1892,#1893);
#1646=AXIS2_PLACEMENT_3D($,#2634,#1894,#1895);
#1647=AXIS2_PLACEMENT_3D($,#2639,#1896,#1897);
#1648=AXIS2_PLACEMENT_3D($,#2642,#1898,#1899);
#1649=AXIS2_PLACEMENT_3D($,#2647,#1900,#1901);
#1650=AXIS2_PLACEMENT_3D($,#2650,#1902,#1903);
#1651=AXIS2_PLACEMENT_3D($,#2655,#1904,#1905);
#1652=AXIS2_PLACEMENT_3D($,#2658,#1906,#1907);
#1653=AXIS2_PLACEMENT_3D($,#2663,#1908,#1909);
#1654=AXIS2_PLACEMENT_3D($,#2666,#1910,#1911);
#1655=AXIS2_PLACEMENT_3D($,#2671,#1912,#1913);
#1656=AXIS2_PLACEMENT_3D($,#2674,#1914,#1915);
#1657=AXIS2_PLACEMENT_3D($,#2679,#1916,#1917);
#1658=AXIS2_PLACEMENT_3D($,#2682,#1918,#1919);
#1659=AXIS2_PLACEMENT_3D($,#2687,#1920,#1921);
#1660=AXIS2_PLACEMENT_3D($,#2690,#1922,#1923);
#1661=AXIS2_PLACEMENT_3D($,#2695,#1924,#1925);
#1662=AXIS2_PLACEMENT_3D($,#2698,#1926,#1927);
#1663=AXIS2_PLACEMENT_3D($,#2703,#1928,#1929);
#1664=AXIS2_PLACEMENT_3D($,#2706,#1930,#1931);
#1665=AXIS2_PLACEMENT_3D($,#2711,#1932,#1933);
#1666=AXIS2_PLACEMENT_3D($,#2714,#1934,#1935);
#1667=AXIS2_PLACEMENT_3D($,#2719,#1936,#1937);
#1668=AXIS2_PLACEMENT_3D($,#2722,#1938,#1939);
#1669=AXIS2_PLACEMENT_3D($,#2727,#1940,#1941);
#1670=AXIS2_PLACEMENT_3D($,#2730,#1942,#1943);
#1671=AXIS2_PLACEMENT_3D($,#2735,#1944,#1945);
#1672=AXIS2_PLACEMENT_3D($,#2738,#1946,#1947);
#1673=AXIS2_PLACEMENT_3D($,#2743,#1948,#1949);
#1674=AXIS2_PLACEMENT_3D($,#2746,#1950,#1951);
#1675=AXIS2_PLACEMENT_3D($,#2749,#1952,#1953);
#1676=DIRECTION('',(0.,0.,1.));
#1677=DIRECTION('',(1.,0.,0.));
#1678=DIRECTION('',(0.999999999999992,1.26812519136819E-7,1.35996208115572E-13));
#1679=DIRECTION('',(0.,0.,1.));
#1680=DIRECTION('',(-0.999999999999992,-1.26807587197147E-7,-5.07806045521127E-12));
#1681=DIRECTION('',(1.26812517944883E-7,-0.999999999999992,5.67998879098456E-14));
#1682=DIRECTION('',(-0.999999999999992,-1.26811978624921E-7,6.86632681142817E-13));
#1683=DIRECTION('',(0.,0.,-1.));
#1684=DIRECTION('',(-0.999999999999992,-1.26811978626591E-7,-6.86631010488601E-13));
#1685=DIRECTION('',(-1.26812518499749E-7,0.999999999999992,4.6518436945928E-14));
#1686=DIRECTION('',(-0.999999999999992,-1.26814817450906E-7,-3.06168800630831E-12));
#1687=DIRECTION('',(-0.999999999999992,-1.26812500408561E-7,-3.40227703547756E-14));
#1688=DIRECTION('',(0.,0.,-1.));
#1689=DIRECTION('',(0.,0.,-1.));
#1690=DIRECTION('',(0.,0.,-1.));
#1691=DIRECTION('',(0.,0.,-1.));
#1692=DIRECTION('',(0.,0.,-1.));
#1693=DIRECTION('',(0.,0.,-1.));
#1694=DIRECTION('',(-5.7667723584746E-20,4.54747350886457E-13,1.));
#1695=DIRECTION('',(0.999999999999992,1.26812494727345E-7,6.49128024440871E-17));
#1696=DIRECTION('',(0.,0.,1.));
#1697=DIRECTION('',(-0.999999999999992,-1.26812494727345E-7,4.99972622267068E-17));
#1698=DIRECTION('',(0.,0.,-1.));
#1699=DIRECTION('',(0.,0.,-1.));
#1700=DIRECTION('',(0.,0.,-1.));
#1701=DIRECTION('',(0.,0.,-1.));
#1702=DIRECTION('',(0.,0.,-1.));
#1703=DIRECTION('',(0.,0.,-1.));
#1704=DIRECTION('',(-5.7667723584746E-20,4.54747350886457E-13,1.));
#1705=DIRECTION('',(0.999999999999992,1.26812494727345E-7,5.35390650977987E-17));
#1706=DIRECTION('',(0.,0.,1.));
#1707=DIRECTION('',(-0.999999999999992,-1.26812494727345E-7,6.13709737429696E-17));
#1708=DIRECTION('',(0.,0.,-1.));
#1709=DIRECTION('',(0.,0.,-1.));
#1710=DIRECTION('',(0.,0.,-1.));
#1711=DIRECTION('',(0.,0.,-1.));
#1712=DIRECTION('',(0.,0.,-1.));
#1713=DIRECTION('',(0.,0.,-1.));
#1714=DIRECTION('',(2.8833861792373E-20,-2.27373675443228E-13,1.));
#1715=DIRECTION('',(0.999999999999992,1.26812494727345E-7,2.36488498724493E-17));
#1716=DIRECTION('',(0.,0.,1.));
#1717=DIRECTION('',(-0.999999999999992,-1.26812494727345E-7,1.09580785604255E-17));
#1718=DIRECTION('',(-5.7667723584746E-20,4.54747350886457E-13,1.));
#1719=DIRECTION('',(0.999999999999992,1.26812494727345E-7,4.69627201298243E-17));
#1720=DIRECTION('',(0.,0.,1.));
#1721=DIRECTION('',(-0.999999999999992,-1.26812494727345E-7,6.7947318710944E-17));
#1722=DIRECTION('',(0.,0.,1.));
#1723=DIRECTION('',(0.,0.,1.));
#1724=DIRECTION('',(0.,0.,-1.));
#1725=DIRECTION('',(0.,0.,-1.));
#1726=DIRECTION('',(0.,0.,-1.));
#1727=DIRECTION('',(0.,0.,-1.));
#1728=DIRECTION('',(0.,0.,-1.));
#1729=DIRECTION('',(0.,0.,-1.));
#1730=DIRECTION('',(0.,0.,-1.));
#1731=DIRECTION('',(0.,0.,-1.));
#1732=DIRECTION('',(0.,0.,-1.));
#1733=DIRECTION('',(0.,0.,-1.));
#1734=DIRECTION('',(0.,0.,-1.));
#1735=DIRECTION('',(0.,0.,-1.));
#1736=DIRECTION('',(0.,0.,-1.));
#1737=DIRECTION('',(0.,0.,-1.));
#1738=DIRECTION('',(0.,0.,-1.));
#1739=DIRECTION('',(0.,0.,-1.));
#1740=DIRECTION('',(0.,0.,-1.));
#1741=DIRECTION('',(0.,0.,-1.));
#1742=DIRECTION('',(0.,0.,1.));
#1743=DIRECTION('',(0.,0.,1.));
#1744=DIRECTION('',(0.999999999999992,1.26811978625641E-7,6.86631730479247E-13));
#1745=DIRECTION('',(0.,7.27595761422406E-12,1.));
#1746=DIRECTION('',(0.999999999999992,1.26814174340085E-7,1.50908271344491E-12));
#1747=DIRECTION('',(1.26813574752073E-7,-0.999999999999992,-1.52666768115926E-12));
#1748=DIRECTION('',(0.999999999999992,1.26809782913098E-7,2.88234473444517E-12));
#1749=DIRECTION('',(2.72848410530839E-12,5.45696821061678E-12,-1.));
#1750=DIRECTION('',(0.999999999999992,1.2681106913284E-7,2.22864411270587E-13));
#1751=DIRECTION('',(-1.26811755762208E-7,0.999999999999992,8.10640443655874E-12));
#1752=DIRECTION('',(0.999999999999992,1.26809782911197E-7,2.88234617439665E-12));
#1753=DIRECTION('',(-1.81898940355324E-12,5.45696821065973E-12,1.));
#1754=DIRECTION('',(0.999999999999992,1.26812621734398E-7,8.65971728587146E-13));
#1755=DIRECTION('',(1.26811755763592E-7,-0.999999999999992,5.81890091669708E-12));
#1756=DIRECTION('',(0.999999999999992,1.26809782912541E-7,2.88234529131914E-12));
#1757=DIRECTION('',(2.72848410530679E-12,7.27595761415144E-12,-1.));
#1758=DIRECTION('',(0.999999999999992,1.26808230307968E-7,-3.52545516241552E-12));
#1759=DIRECTION('',(-1.26808117784093E-7,0.999999999999992,3.65574237548569E-12));
#1760=DIRECTION('',(1.77635751517124E-15,-5.32907029290704E-15,-1.));
#1761=DIRECTION('',(-0.999999999999992,-1.26812665257602E-7,-3.55271367880047E-15));
#1762=DIRECTION('',(-3.55271322827782E-15,-3.55271412936185E-15,1.));
#1763=DIRECTION('',(-0.999999999999992,-1.26812665257141E-7,0.));
#1764=DIRECTION('',(1.77635751517124E-15,-5.32907029291997E-15,-1.));
#1765=DIRECTION('',(-0.999999999999992,-1.26805389299526E-7,-3.55271367878755E-15));
#1766=DIRECTION('',(-3.55271322827782E-15,-3.55271412936185E-15,1.));
#1767=DIRECTION('',(-0.999999999999992,-1.26812665257602E-7,0.));
#1768=DIRECTION('',(-9.01032331619152E-22,7.10542735762674E-15,-1.));
#1769=DIRECTION('',(-0.999999999999992,-1.26798113341451E-7,0.));
#1770=DIRECTION('',(-3.55271322827782E-15,-3.55271412936185E-15,1.));
#1771=DIRECTION('',(-0.999999999999992,-1.26819941215677E-7,0.));
#1772=DIRECTION('',(1.77635751517447E-15,-5.32907029295551E-15,-1.));
#1773=DIRECTION('',(-0.999999999999992,-1.26812665257141E-7,-3.55271367878755E-15));
#1774=DIRECTION('',(-3.55271322827782E-15,-3.55271412936185E-15,1.));
#1775=DIRECTION('',(-0.999999999999992,-1.26812665257602E-7,0.));
#1776=DIRECTION('',(0.,0.,-1.));
#1777=DIRECTION('',(-0.999999999999992,-1.26812665257141E-7,0.));
#1778=DIRECTION('',(-3.55271322827135E-15,-3.55271412935538E-15,1.));
#1779=DIRECTION('',(-0.999999999999992,-1.26827217172369E-7,0.));
#1780=DIRECTION('',(0.,0.,-1.));
#1781=DIRECTION('',(-0.999999999999992,-1.26819941215216E-7,0.));
#1782=DIRECTION('',(-3.55271322827135E-15,-3.55271412935538E-15,1.));
#1783=DIRECTION('',(-0.999999999999992,-1.26827217172369E-7,0.));
#1784=DIRECTION('',(0.,0.,-1.));
#1785=DIRECTION('',(-0.999999999999992,-1.26810846267968E-7,0.));
#1786=DIRECTION('',(0.,0.,-1.));
#1787=DIRECTION('',(0.999999999999992,1.26812665257487E-7,0.));
#1788=DIRECTION('',(0.,0.,1.));
#1789=DIRECTION('',(0.999999999999992,1.26810846268544E-7,0.));
#1790=DIRECTION('',(0.,0.,1.));
#1791=DIRECTION('',(-0.999999999999992,-1.26812665257602E-7,0.));
#1792=DIRECTION('',(0.,0.,-1.));
#1793=DIRECTION('',(-0.999999999999992,-1.26812665258063E-7,0.));
#1794=DIRECTION('',(-3.55271322828428E-15,-3.55271412936831E-15,1.));
#1795=DIRECTION('',(-0.999999999999992,-1.26827217172369E-7,0.));
#1796=DIRECTION('',(0.,0.,-1.));
#1797=DIRECTION('',(-0.999999999999992,-1.26812665257141E-7,0.));
#1798=DIRECTION('',(-3.55271322828428E-15,-3.55271412936831E-15,1.));
#1799=DIRECTION('',(-0.999999999999992,-1.2683449312906E-7,0.));
#1800=DIRECTION('',(0.,0.,-1.));
#1801=DIRECTION('',(-0.999999999999992,-1.26812665258063E-7,0.));
#1802=DIRECTION('',(3.55271322825843E-15,3.55271412931661E-15,1.));
#1803=DIRECTION('',(-0.999999999999992,-1.26798113342835E-7,3.5527136788134E-15));
#1804=DIRECTION('',(0.,0.,-1.));
#1805=DIRECTION('',(-0.999999999999992,-1.26805389299988E-7,0.));
#1806=DIRECTION('',(3.55271322825843E-15,3.55271412931661E-15,1.));
#1807=DIRECTION('',(-0.999999999999992,-1.26812665258063E-7,3.5527136788134E-15));
#1808=DIRECTION('',(0.,0.,-1.));
#1809=DIRECTION('',(-0.999999999999992,-1.26812665256679E-7,0.));
#1810=DIRECTION('',(3.55271322825843E-15,3.55271412931661E-15,1.));
#1811=DIRECTION('',(-0.999999999999992,-1.2680538930091E-7,3.55271367882632E-15));
#1812=DIRECTION('',(0.,0.,-1.));
#1813=DIRECTION('',(-0.999999999999992,-1.26812665258063E-7,0.));
#1814=DIRECTION('',(0.,0.,1.));
#1815=DIRECTION('',(-0.999999999999992,-1.26812665257602E-7,0.));
#1816=DIRECTION('',(0.,0.,-1.));
#1817=DIRECTION('',(-0.999999999999992,-1.26812665257833E-7,0.));
#1818=DIRECTION('',(0.,0.,-1.));
#1819=DIRECTION('',(0.999999999999992,1.26812665257487E-7,0.));
#1820=DIRECTION('',(0.,0.,1.));
#1821=DIRECTION('',(0.999999999999992,1.26812665257602E-7,0.));
#1822=DIRECTION('',(0.,0.,1.));
#1823=DIRECTION('',(-0.999999999999992,-1.26812665257833E-7,0.));
#1824=DIRECTION('',(0.,0.,-1.));
#1825=DIRECTION('',(-0.999999999999992,-1.26819941213832E-7,0.));
#1826=DIRECTION('',(3.55271322825843E-15,3.55271412931661E-15,1.));
#1827=DIRECTION('',(-0.999999999999992,-1.26812665258063E-7,3.5527136788134E-15));
#1828=DIRECTION('',(0.,0.,-1.));
#1829=DIRECTION('',(-0.999999999999992,-1.26812665257602E-7,0.));
#1830=DIRECTION('',(3.55271322825843E-15,3.55271412931661E-15,1.));
#1831=DIRECTION('',(-0.999999999999992,-1.26805389300449E-7,3.5527136788134E-15));
#1832=DIRECTION('',(0.,0.,-1.));
#1833=DIRECTION('',(-0.999999999999992,-1.26812665257141E-7,0.));
#1834=DIRECTION('',(0.,0.,1.));
#1835=DIRECTION('',(-0.999999999999992,-1.26812665257141E-7,0.));
#1836=DIRECTION('',(0.,0.,-1.));
#1837=DIRECTION('',(-0.999999999999992,-1.26812665256679E-7,0.));
#1838=DIRECTION('',(3.55271322825843E-15,3.55271412931661E-15,1.));
#1839=DIRECTION('',(-0.999999999999992,-1.26812665257602E-7,3.55271367880047E-15));
#1840=DIRECTION('',(0.,0.,-1.));
#1841=DIRECTION('',(-0.999999999999992,-1.26819941215677E-7,0.));
#1842=DIRECTION('',(0.,0.,1.));
#1843=DIRECTION('',(-0.999999999999992,-1.26812665259447E-7,0.));
#1844=DIRECTION('',(0.,0.,-1.));
#1845=DIRECTION('',(-0.999999999999992,-1.26819941216139E-7,0.));
#1846=DIRECTION('',(0.,0.,1.));
#1847=DIRECTION('',(-0.999999999999992,-1.2680538930091E-7,0.));
#1848=DIRECTION('',(0.,0.,-1.));
#1849=DIRECTION('',(-0.999999999999992,-1.26812665257602E-7,0.));
#1850=DIRECTION('',(0.,0.,-1.));
#1851=DIRECTION('',(0.999999999999992,1.26812665257487E-7,0.));
#1852=DIRECTION('',(0.,0.,1.));
#1853=DIRECTION('',(0.999999999999992,1.26814484247121E-7,0.));
#1854=DIRECTION('',(-9.09494586437467E-13,-9.09494817108361E-13,1.));
#1855=DIRECTION('',(-0.999999999999992,-1.26814484247121E-7,-9.09494701773748E-13));
#1856=DIRECTION('',(0.,0.,-1.));
#1857=DIRECTION('',(-0.999999999999992,-1.26812665257602E-7,0.));
#1858=DIRECTION('',(0.,0.,-1.));
#1859=DIRECTION('',(0.999999999999992,1.26812665257602E-7,0.));
#1860=DIRECTION('',(0.,0.,1.));
#1861=DIRECTION('',(0.999999999999992,1.26812665257487E-7,0.));
#1862=DIRECTION('',(0.,0.,1.));
#1863=DIRECTION('',(-0.999999999999992,-1.26812665257833E-7,0.));
#1864=DIRECTION('',(0.,0.,-1.));
#1865=DIRECTION('',(0.999999999999992,1.26816909566133E-7,0.));
#1866=DIRECTION('',(0.,0.,1.));
#1867=DIRECTION('',(0.999999999999992,1.26810846267737E-7,0.));
#1868=DIRECTION('',(0.,0.,-1.));
#1869=DIRECTION('',(-0.999999999999992,-1.26813877916935E-7,0.));
#1870=DIRECTION('',(0.,0.,1.));
#1871=DIRECTION('',(-0.999999999999992,-1.26810846268121E-7,0.));
#1872=DIRECTION('',(1.77635616362274E-15,5.3290707434749E-15,-1.));
#1873=DIRECTION('',(0.999999999999992,1.26812665257602E-7,3.55271367880047E-15));
#1874=DIRECTION('',(-3.55271412931015E-15,3.55271322822612E-15,1.));
#1875=DIRECTION('',(0.999999999999992,1.26798113342374E-7,3.55271367880047E-15));
#1876=DIRECTION('',(1.77635706465507E-15,-1.77635661415183E-15,-1.));
#1877=DIRECTION('',(0.999999999999992,1.26798113342374E-7,3.55271367880047E-15));
#1878=DIRECTION('',(-3.55271412931015E-15,3.55271322822612E-15,1.));
#1879=DIRECTION('',(0.999999999999992,1.26805389299526E-7,3.55271367878755E-15));
#1880=DIRECTION('',(9.01032331612596E-22,-7.10542735757504E-15,-1.));
#1881=DIRECTION('',(0.999999999999992,1.26819941214755E-7,3.55271367878755E-15));
#1882=DIRECTION('',(-3.55271412931015E-15,3.55271322822612E-15,1.));
#1883=DIRECTION('',(0.999999999999992,1.26798113341451E-7,3.55271367877462E-15));
#1884=DIRECTION('',(1.77635616362597E-15,5.32907074347167E-15,-1.));
#1885=DIRECTION('',(0.999999999999992,1.26805389300449E-7,3.5527136788134E-15));
#1886=DIRECTION('',(-3.55271412931015E-15,3.55271322822612E-15,1.));
#1887=DIRECTION('',(0.999999999999992,1.26798113341912E-7,3.55271367878755E-15));
#1888=DIRECTION('',(0.,0.,-1.));
#1889=DIRECTION('',(0.999999999999992,1.26790837384298E-7,0.));
#1890=DIRECTION('',(-3.55271412930369E-15,3.55271322821965E-15,1.));
#1891=DIRECTION('',(0.999999999999992,1.26805389299526E-7,3.55271367878755E-15));
#1892=DIRECTION('',(0.,0.,-1.));
#1893=DIRECTION('',(0.999999999999992,1.26790837384298E-7,0.));
#1894=DIRECTION('',(-3.55271412930369E-15,3.55271322821965E-15,1.));
#1895=DIRECTION('',(0.999999999999992,1.26798113341451E-7,3.55271367877462E-15));
#1896=DIRECTION('',(0.,0.,-1.));
#1897=DIRECTION('',(0.999999999999992,1.26812665257602E-7,0.));
#1898=DIRECTION('',(-3.55271412929076E-15,3.55271322820673E-15,1.));
#1899=DIRECTION('',(0.999999999999992,1.26798113341912E-7,3.55271367878755E-15));
#1900=DIRECTION('',(0.,0.,-1.));
#1901=DIRECTION('',(0.999999999999992,1.26819941215216E-7,0.));
#1902=DIRECTION('',(-3.55271412929076E-15,3.55271322820673E-15,1.));
#1903=DIRECTION('',(0.999999999999992,1.26790837384298E-7,3.55271367878755E-15));
#1904=DIRECTION('',(0.,0.,-1.));
#1905=DIRECTION('',(0.999999999999992,1.26819941215677E-7,0.));
#1906=DIRECTION('',(0.,0.,1.));
#1907=DIRECTION('',(0.999999999999992,1.26819941214293E-7,0.));
#1908=DIRECTION('',(0.,0.,-1.));
#1909=DIRECTION('',(0.999999999999992,1.26819941214755E-7,0.));
#1910=DIRECTION('',(0.,0.,1.));
#1911=DIRECTION('',(0.999999999999992,1.26812665258063E-7,0.));
#1912=DIRECTION('',(0.,0.,-1.));
#1913=DIRECTION('',(0.999999999999992,1.26819941214293E-7,0.));
#1914=DIRECTION('',(0.,0.,1.));
#1915=DIRECTION('',(0.999999999999992,1.26819941216139E-7,0.));
#1916=DIRECTION('',(0.,0.,-1.));
#1917=DIRECTION('',(0.999999999999992,1.26819941214755E-7,0.));
#1918=DIRECTION('',(0.,0.,1.));
#1919=DIRECTION('',(0.999999999999992,1.26812665257602E-7,0.));
#1920=DIRECTION('',(0.,0.,-1.));
#1921=DIRECTION('',(0.999999999999992,1.26819941214293E-7,0.));
#1922=DIRECTION('',(0.,0.,1.));
#1923=DIRECTION('',(0.999999999999992,1.26812665258986E-7,0.));
#1924=DIRECTION('',(0.,0.,-1.));
#1925=DIRECTION('',(0.999999999999992,1.26827217173292E-7,0.));
#1926=DIRECTION('',(0.,0.,1.));
#1927=DIRECTION('',(0.999999999999992,1.26819941215216E-7,0.));
#1928=DIRECTION('',(0.,0.,-1.));
#1929=DIRECTION('',(0.999999999999992,1.2682721717283E-7,0.));
#1930=DIRECTION('',(0.,0.,1.));
#1931=DIRECTION('',(0.999999999999992,1.26812665258063E-7,0.));
#1932=DIRECTION('',(0.,0.,-1.));
#1933=DIRECTION('',(0.999999999999992,1.26819941214755E-7,0.));
#1934=DIRECTION('',(0.,0.,1.));
#1935=DIRECTION('',(0.999999999999992,1.26819941216139E-7,0.));
#1936=DIRECTION('',(0.,0.,-1.));
#1937=DIRECTION('',(0.999999999999992,1.26798113342835E-7,0.));
#1938=DIRECTION('',(0.,0.,1.));
#1939=DIRECTION('',(0.999999999999992,1.26819941216139E-7,0.));
#1940=DIRECTION('',(0.,0.,-1.));
#1941=DIRECTION('',(0.999999999999992,1.26790837384759E-7,0.));
#1942=DIRECTION('',(0.,0.,1.));
#1943=DIRECTION('',(0.999999999999992,1.26805389299065E-7,0.));
#1944=DIRECTION('',(0.,0.,-1.));
#1945=DIRECTION('',(-0.999999999999992,-1.26813877917512E-7,0.));
#1946=DIRECTION('',(0.,0.,1.));
#1947=DIRECTION('',(-0.999999999999992,-1.26807814619116E-7,0.));
#1948=DIRECTION('',(0.,0.,-1.));
#1949=DIRECTION('',(0.999999999999992,1.26813877917127E-7,0.));
#1950=DIRECTION('',(0.,0.,1.));
#1951=DIRECTION('',(0.999999999999992,1.26807814619308E-7,0.));
#1952=DIRECTION('',(0.,0.,1.));
#1953=DIRECTION('',(1.,0.,0.));
#1954=CARTESIAN_POINT('',(0.,0.,0.));
#1955=CARTESIAN_POINT('',(967.705788869811,-1462.33527874629,1.00993818998921));
#1956=CARTESIAN_POINT('',(967.705788850154,-1462.18027874629,0.999938189991042));
#1957=CARTESIAN_POINT('',(918.080788850162,-1462.18028503936,0.874938189988967));
#1958=CARTESIAN_POINT('',(967.705788866006,-1462.30527874629,0.124938189988768));
#1959=CARTESIAN_POINT('',(918.080788850161,-1462.18028503936,0.12493818998559));
#1960=CARTESIAN_POINT('',(967.705788501421,-1459.43027874629,-6.18100135059141E-5));
#1961=CARTESIAN_POINT('',(918.080788501428,-1459.43028503936,0.124938189988962));
#1962=CARTESIAN_POINT('',(967.705788485567,-1459.30527874629,0.874938189988768));
#1963=CARTESIAN_POINT('',(918.080788501428,-1459.43028503936,0.874938189990792));
#1964=CARTESIAN_POINT('',(967.705788501421,-1459.43027874629,0.0829381899899884));
#1965=CARTESIAN_POINT('',(868.455788501434,-1459.43029133243,0.082938189989761));
#1966=CARTESIAN_POINT('',(967.705788496094,-1459.38827874629,0.0829381899899465));
#1967=CARTESIAN_POINT('',(868.455788496108,-1459.38829133243,0.0829381899897191));
#1968=CARTESIAN_POINT('',(967.705788496094,-1459.38827874629,0.124938189989677));
#1969=CARTESIAN_POINT('',(868.455788496108,-1459.38829133243,0.12493818998945));
#1970=CARTESIAN_POINT('',(967.705788496094,-1459.38827874629,0.499938189989677));
#1971=CARTESIAN_POINT('',(868.455788496108,-1459.38829133243,0.49993818998945));
#1972=CARTESIAN_POINT('',(967.705788496094,-1459.38827874629,0.874938189989677));
#1973=CARTESIAN_POINT('',(868.455788496108,-1459.38829133243,0.87493818998945));
#1974=CARTESIAN_POINT('',(967.705788496094,-1459.38827874629,0.916938189989253));
#1975=CARTESIAN_POINT('',(868.455788496108,-1459.38829133243,0.916938189989026));
#1976=CARTESIAN_POINT('',(967.70578850142,-1459.43027874629,0.916938189989821));
#1977=CARTESIAN_POINT('',(868.455788501434,-1459.43029133243,0.916938189989594));
#1978=CARTESIAN_POINT('',(967.705788548975,-1459.80527874629,0.916938189989821));
#1979=CARTESIAN_POINT('',(868.455788548989,-1459.80529133243,0.916938189989594));
#1980=CARTESIAN_POINT('',(967.70578859653,-1460.18027874629,0.916938189989821));
#1981=CARTESIAN_POINT('',(868.455788596543,-1460.18029133243,0.916938189989594));
#1982=CARTESIAN_POINT('',(967.705788675787,-1460.80527874629,0.916938189989821));
#1983=CARTESIAN_POINT('',(868.455788675801,-1460.80529133243,0.916938189989594));
#1984=CARTESIAN_POINT('',(967.705788755045,-1461.43027874629,0.916938189989821));
#1985=CARTESIAN_POINT('',(868.455788755059,-1461.43029133243,0.916938189989594));
#1986=CARTESIAN_POINT('',(967.7057888026,-1461.80527874629,0.916938189989821));
#1987=CARTESIAN_POINT('',(868.455788802614,-1461.80529133243,0.916938189989594));
#1988=CARTESIAN_POINT('',(967.705788850154,-1462.18027874629,0.916938189989821));
#1989=CARTESIAN_POINT('',(868.455788850168,-1462.18029133243,0.916938189989594));
#1990=CARTESIAN_POINT('',(868.455788869824,-1462.33529133243,1.00993818998899));
#1991=CARTESIAN_POINT('',(872.455788755083,-1461.43064139269,3.34524167910359));
#1992=CARTESIAN_POINT('',(872.455788596479,-1460.17994025765,3.34524167910359));
#1993=CARTESIAN_POINT('',(885.330788755067,-1461.43063975998,3.34524167910359));
#1994=CARTESIAN_POINT('',(885.330788596462,-1460.17993862494,3.34524167910359));
#1995=CARTESIAN_POINT('',(898.205788596488,-1460.17993699223,3.34524167910359));
#1996=CARTESIAN_POINT('',(898.205788755092,-1461.43063812727,3.34524167910359));
#1997=CARTESIAN_POINT('',(901.997788548913,-1459.80528707888,392.321807623079));
#1998=CARTESIAN_POINT('',(901.872788548913,-1459.80528709473,0.403814177005358));
#1999=CARTESIAN_POINT('',(901.997788802538,-1461.80528707888,392.321807623079));
#2000=CARTESIAN_POINT('',(902.122788802538,-1461.80528706303,0.403814177005358));
#2001=CARTESIAN_POINT('',(905.205788755057,-1461.43063723958,3.34524167910359));
#2002=CARTESIAN_POINT('',(905.205788596452,-1460.17993610454,3.34524167910359));
#2003=CARTESIAN_POINT('',(918.080788596435,-1460.17993447183,3.34524167910359));
#2004=CARTESIAN_POINT('',(918.08078875504,-1461.43063560687,3.34524167910359));
#2005=CARTESIAN_POINT('',(930.955788596461,-1460.17993283912,3.34524167910359));
#2006=CARTESIAN_POINT('',(930.955788755066,-1461.43063397416,3.34524167910359));
#2007=CARTESIAN_POINT('',(934.747788548904,-1459.80528292577,392.321807623079));
#2008=CARTESIAN_POINT('',(934.622788548904,-1459.80528294162,0.403814177005358));
#2009=CARTESIAN_POINT('',(934.747788802529,-1461.80528292577,392.321807623079));
#2010=CARTESIAN_POINT('',(934.872788802529,-1461.80528290992,0.403814177005358));
#2011=CARTESIAN_POINT('',(937.955788755083,-1461.43063308647,3.34524167910359));
#2012=CARTESIAN_POINT('',(937.955788596478,-1460.17993195143,3.34524167910359));
#2013=CARTESIAN_POINT('',(950.830788596462,-1460.17993031872,3.34524167910359));
#2014=CARTESIAN_POINT('',(950.830788755066,-1461.43063145376,3.34524167910359));
#2015=CARTESIAN_POINT('',(963.705788596487,-1460.17992868601,3.34524167910359));
#2016=CARTESIAN_POINT('',(963.705788755092,-1461.43062982105,3.34524167910359));
#2017=CARTESIAN_POINT('',(966.913788548979,-1459.80527884672,148.329760448192));
#2018=CARTESIAN_POINT('',(966.788788548978,-1459.80527886257,0.351885323444719));
#2019=CARTESIAN_POINT('',(966.913788802603,-1461.80527884672,148.329760448192));
#2020=CARTESIAN_POINT('',(967.038788802603,-1461.80527883087,0.351885323444719));
#2021=CARTESIAN_POINT('',(869.247788548922,-1459.80529123199,392.321807623079));
#2022=CARTESIAN_POINT('',(869.122788548922,-1459.80529124784,0.403814177005358));
#2023=CARTESIAN_POINT('',(869.247788802547,-1461.80529123199,392.321807623079));
#2024=CARTESIAN_POINT('',(869.372788802547,-1461.80529121614,0.403814177005358));
#2025=CARTESIAN_POINT('',(870.955775979601,-1460.8052910154,5.48559006546193));
#2026=CARTESIAN_POINT('',(965.205799826257,-1460.80527906332,5.48559006546193));
#2027=CARTESIAN_POINT('',(967.705788850154,-1462.18027874629,0.916938189989821));
#2028=CARTESIAN_POINT('',(868.455788850168,-1462.18029133243,0.916938189989594));
#2029=CARTESIAN_POINT('',(967.70578885548,-1462.22227874629,0.916938189988924));
#2030=CARTESIAN_POINT('',(868.455788855494,-1462.22229133243,0.916938189988697));
#2031=CARTESIAN_POINT('',(967.705788855481,-1462.22227874629,0.874938189989677));
#2032=CARTESIAN_POINT('',(868.455788855494,-1462.22229133243,0.87493818998945));
#2033=CARTESIAN_POINT('',(967.705788855481,-1462.22227874629,0.499938189989677));
#2034=CARTESIAN_POINT('',(868.455788855494,-1462.22229133243,0.49993818998945));
#2035=CARTESIAN_POINT('',(967.705788855481,-1462.22227874629,0.124938189989677));
#2036=CARTESIAN_POINT('',(868.455788855495,-1462.22229133243,0.12493818998945));
#2037=CARTESIAN_POINT('',(967.705788855481,-1462.22227874629,0.0829381899894995));
#2038=CARTESIAN_POINT('',(868.455788855495,-1462.22229133243,0.0829381899892722));
#2039=CARTESIAN_POINT('',(967.705788850155,-1462.18027874629,0.0829381899899884));
#2040=CARTESIAN_POINT('',(868.455788850168,-1462.18029133243,0.082938189989761));
#2041=CARTESIAN_POINT('',(967.7057888026,-1461.80527874629,0.0829381899899884));
#2042=CARTESIAN_POINT('',(868.455788802614,-1461.80529133243,0.082938189989761));
#2043=CARTESIAN_POINT('',(967.705788755046,-1461.43027874629,0.0829381899899884));
#2044=CARTESIAN_POINT('',(868.455788755059,-1461.43029133243,0.082938189989761));
#2045=CARTESIAN_POINT('',(967.705788675788,-1460.80527874629,0.0829381899899884));
#2046=CARTESIAN_POINT('',(868.455788675801,-1460.80529133243,0.082938189989761));
#2047=CARTESIAN_POINT('',(967.70578859653,-1460.18027874629,0.0829381899899884));
#2048=CARTESIAN_POINT('',(868.455788596544,-1460.18029133243,0.082938189989761));
#2049=CARTESIAN_POINT('',(967.705788548975,-1459.80527874629,0.0829381899899884));
#2050=CARTESIAN_POINT('',(868.455788548989,-1459.80529133243,0.082938189989761));
#2051=CARTESIAN_POINT('',(967.705788501421,-1459.43027874629,0.0829381899899884));
#2052=CARTESIAN_POINT('',(868.455788501434,-1459.43029133243,0.082938189989761));
#2053=CARTESIAN_POINT('',(872.455788755084,-1461.43064139269,3.34524167910359));
#2054=CARTESIAN_POINT('',(872.455788596479,-1460.17994025765,3.34524167910359));
#2055=CARTESIAN_POINT('',(885.330788755067,-1461.43063975998,3.34524167910359));
#2056=CARTESIAN_POINT('',(885.330788596462,-1460.17993862494,3.34524167910359));
#2057=CARTESIAN_POINT('',(898.205788596487,-1460.17993699223,3.34524167910359));
#2058=CARTESIAN_POINT('',(898.205788755092,-1461.43063812727,3.34524167910359));
#2059=CARTESIAN_POINT('',(905.205788755057,-1461.43063723958,3.34524167910359));
#2060=CARTESIAN_POINT('',(905.205788596452,-1460.17993610454,3.34524167910359));
#2061=CARTESIAN_POINT('',(918.080788596435,-1460.17993447183,3.34524167910359));
#2062=CARTESIAN_POINT('',(918.08078875504,-1461.43063560687,3.34524167910359));
#2063=CARTESIAN_POINT('',(930.955788596461,-1460.17993283912,3.34524167910359));
#2064=CARTESIAN_POINT('',(930.955788755065,-1461.43063397416,3.34524167910359));
#2065=CARTESIAN_POINT('',(937.955788755083,-1461.43063308647,3.34524167910359));
#2066=CARTESIAN_POINT('',(937.955788596479,-1460.17993195143,3.34524167910359));
#2067=CARTESIAN_POINT('',(950.830788596462,-1460.17993031872,3.34524167910359));
#2068=CARTESIAN_POINT('',(950.830788755066,-1461.43063145376,3.34524167910359));
#2069=CARTESIAN_POINT('',(963.705788596487,-1460.17992868601,3.34524167910359));
#2070=CARTESIAN_POINT('',(963.705788755092,-1461.43062982105,3.34524167910359));
#2071=CARTESIAN_POINT('',(870.955775979601,-1460.8052910154,5.48559006546193));
#2072=CARTESIAN_POINT('',(965.205799826257,-1460.80527906332,5.48559006546193));
#2073=CARTESIAN_POINT('',(967.70578850142,-1459.43027874629,0.99993818998854));
#2074=CARTESIAN_POINT('',(967.705788850154,-1462.18027874629,0.99993818998854));
#2075=CARTESIAN_POINT('',(967.705788866006,-1462.30527874629,0.874938189988768));
#2076=CARTESIAN_POINT('',(967.705788866006,-1462.30527874629,0.124938189988768));
#2077=CARTESIAN_POINT('',(967.705788850154,-1462.18027874629,-6.18100110048037E-5));
#2078=CARTESIAN_POINT('',(967.70578850142,-1459.43027874629,-6.18100110048037E-5));
#2079=CARTESIAN_POINT('',(967.705788485569,-1459.30527874629,0.124938189988768));
#2080=CARTESIAN_POINT('',(967.705788485569,-1459.30527874629,0.874938189988768));
#2081=CARTESIAN_POINT('',(967.70578850142,-1459.43027874629,0.0829381899890789));
#2082=CARTESIAN_POINT('',(868.455788501434,-1459.43029133243,0.999938189988313));
#2083=CARTESIAN_POINT('',(868.455788850168,-1462.18029133243,0.999938189988313));
#2084=CARTESIAN_POINT('',(868.455788866019,-1462.30529133243,0.87493818998854));
#2085=CARTESIAN_POINT('',(868.45578886602,-1462.30529133243,0.12493818998854));
#2086=CARTESIAN_POINT('',(868.455788850168,-1462.18029133243,-6.1810011459551E-5));
#2087=CARTESIAN_POINT('',(868.455788501434,-1459.43029133243,-6.1810011459551E-5));
#2088=CARTESIAN_POINT('',(868.455788485583,-1459.30529133243,0.12493818998854));
#2089=CARTESIAN_POINT('',(868.455788485582,-1459.30529133243,0.87493818998854));
#2090=CARTESIAN_POINT('',(868.455788501434,-1459.43029133243,0.0829381899886241));
#2091=CARTESIAN_POINT('',(872.424538755083,-1461.43064139665,0.999938189990132));
#2092=CARTESIAN_POINT('',(872.424538755083,-1461.43064139665,0.916938189989139));
#2093=CARTESIAN_POINT('',(872.424538596479,-1460.17994026162,0.999938189990132));
#2094=CARTESIAN_POINT('',(872.424538596479,-1460.17994026162,0.916938189989139));
#2095=CARTESIAN_POINT('',(885.299538755067,-1461.43063976394,0.999938189990132));
#2096=CARTESIAN_POINT('',(885.299538755067,-1461.43063976394,0.916938189989139));
#2097=CARTESIAN_POINT('',(885.299538596462,-1460.1799386289,0.999938189990132));
#2098=CARTESIAN_POINT('',(885.299538596462,-1460.1799386289,0.916938189989139));
#2099=CARTESIAN_POINT('',(898.174538596487,-1460.17993699619,0.999938189990359));
#2100=CARTESIAN_POINT('',(898.174538596487,-1460.17993699619,0.916938189989366));
#2101=CARTESIAN_POINT('',(898.174538755092,-1461.43063813123,0.999938189990359));
#2102=CARTESIAN_POINT('',(898.174538755092,-1461.43063813123,0.916938189989366));
#2103=CARTESIAN_POINT('',(901.872788548913,-1459.80528709473,0.999938189990359));
#2104=CARTESIAN_POINT('',(902.122788548913,-1459.80528706303,0.999938189990359));
#2105=CARTESIAN_POINT('',(901.872788802538,-1461.80528709473,0.999938189990359));
#2106=CARTESIAN_POINT('',(902.122788802538,-1461.80528706303,0.999938189990359));
#2107=CARTESIAN_POINT('',(902.122788548913,-1459.80528706303,0.916938189989366));
#2108=CARTESIAN_POINT('',(901.872788548913,-1459.80528709473,0.916938189989366));
#2109=CARTESIAN_POINT('',(901.872788802538,-1461.80528709473,0.916938189989366));
#2110=CARTESIAN_POINT('',(902.122788802538,-1461.80528706303,0.916938189989366));
#2111=CARTESIAN_POINT('',(905.174538755057,-1461.43063724354,0.999938189990359));
#2112=CARTESIAN_POINT('',(905.174538755057,-1461.43063724354,0.916938189989366));
#2113=CARTESIAN_POINT('',(905.174538596452,-1460.17993610851,0.999938189990359));
#2114=CARTESIAN_POINT('',(905.174538596452,-1460.17993610851,0.916938189989366));
#2115=CARTESIAN_POINT('',(918.049538596435,-1460.17993447579,0.999938189990359));
#2116=CARTESIAN_POINT('',(918.049538596435,-1460.17993447579,0.916938189989139));
#2117=CARTESIAN_POINT('',(918.04953875504,-1461.43063561083,0.999938189990359));
#2118=CARTESIAN_POINT('',(918.04953875504,-1461.43063561083,0.916938189989139));
#2119=CARTESIAN_POINT('',(930.924538596461,-1460.17993284308,0.999938189990359));
#2120=CARTESIAN_POINT('',(930.924538596461,-1460.17993284308,0.916938189989366));
#2121=CARTESIAN_POINT('',(930.924538755066,-1461.43063397812,0.999938189990359));
#2122=CARTESIAN_POINT('',(930.924538755066,-1461.43063397812,0.916938189989366));
#2123=CARTESIAN_POINT('',(934.622788548904,-1459.80528294162,0.999938189990359));
#2124=CARTESIAN_POINT('',(934.872788548904,-1459.80528290992,0.999938189990359));
#2125=CARTESIAN_POINT('',(934.622788802529,-1461.80528294162,0.999938189990359));
#2126=CARTESIAN_POINT('',(934.872788802529,-1461.80528290992,0.999938189990359));
#2127=CARTESIAN_POINT('',(934.872788548904,-1459.80528290992,0.916938189989366));
#2128=CARTESIAN_POINT('',(934.622788548904,-1459.80528294162,0.916938189989366));
#2129=CARTESIAN_POINT('',(934.622788802529,-1461.80528294162,0.916938189989366));
#2130=CARTESIAN_POINT('',(934.872788802529,-1461.80528290992,0.916938189989366));
#2131=CARTESIAN_POINT('',(937.924538755083,-1461.43063309043,0.999938189990359));
#2132=CARTESIAN_POINT('',(937.924538755083,-1461.43063309043,0.916938189989366));
#2133=CARTESIAN_POINT('',(937.924538596479,-1460.1799319554,0.999938189990359));
#2134=CARTESIAN_POINT('',(937.924538596479,-1460.1799319554,0.916938189989366));
#2135=CARTESIAN_POINT('',(950.799538596462,-1460.17993032268,0.999938189990359));
#2136=CARTESIAN_POINT('',(950.799538596462,-1460.17993032268,0.916938189989366));
#2137=CARTESIAN_POINT('',(950.799538755066,-1461.43063145772,0.999938189990359));
#2138=CARTESIAN_POINT('',(950.799538755066,-1461.43063145772,0.916938189989366));
#2139=CARTESIAN_POINT('',(963.674538596487,-1460.17992868997,0.999938189990359));
#2140=CARTESIAN_POINT('',(963.674538596487,-1460.17992868997,0.916938189989366));
#2141=CARTESIAN_POINT('',(963.674538755092,-1461.43062982501,0.999938189990359));
#2142=CARTESIAN_POINT('',(963.674538755092,-1461.43062982501,0.916938189989366));
#2143=CARTESIAN_POINT('',(966.788788548978,-1459.80527886257,0.999938189990587));
#2144=CARTESIAN_POINT('',(967.038788548978,-1459.80527883087,0.999938189990587));
#2145=CARTESIAN_POINT('',(966.788788802603,-1461.80527886257,0.999938189990587));
#2146=CARTESIAN_POINT('',(967.038788802603,-1461.80527883087,0.999938189990587));
#2147=CARTESIAN_POINT('',(967.038788548978,-1459.80527883087,0.916938189989366));
#2148=CARTESIAN_POINT('',(966.788788548978,-1459.80527886257,0.916938189989366));
#2149=CARTESIAN_POINT('',(966.788788802603,-1461.80527886257,0.916938189989366));
#2150=CARTESIAN_POINT('',(967.038788802603,-1461.80527883087,0.916938189989594));
#2151=CARTESIAN_POINT('',(869.122788548922,-1459.80529124784,0.999938189990132));
#2152=CARTESIAN_POINT('',(869.372788548922,-1459.80529121614,0.999938189990132));
#2153=CARTESIAN_POINT('',(869.122788802547,-1461.80529124784,0.999938189990132));
#2154=CARTESIAN_POINT('',(869.372788802547,-1461.80529121614,0.999938189990132));
#2155=CARTESIAN_POINT('',(869.372788548922,-1459.80529121614,0.916938189989139));
#2156=CARTESIAN_POINT('',(869.122788548922,-1459.80529124784,0.916938189989139));
#2157=CARTESIAN_POINT('',(869.122788802547,-1461.80529124784,0.916938189989139));
#2158=CARTESIAN_POINT('',(869.372788802547,-1461.80529121614,0.916938189989139));
#2159=CARTESIAN_POINT('',(871.030775979601,-1460.80529100589,0.999938189990823));
#2160=CARTESIAN_POINT('',(871.030775979601,-1460.80529100589,0.9169381899896));
#2161=CARTESIAN_POINT('',(965.130799826257,-1460.80527907283,0.999938189991038));
#2162=CARTESIAN_POINT('',(965.130799826257,-1460.80527907283,0.916938189989815));
#2163=CARTESIAN_POINT('',(967.705788850154,-1462.18027874629,0.916938189988912));
#2164=CARTESIAN_POINT('',(868.455788850168,-1462.18029133243,0.916938189988457));
#2165=CARTESIAN_POINT('',(872.487038755084,-1461.43064138873,0.999938189990132));
#2166=CARTESIAN_POINT('',(872.487038755084,-1461.43064138873,0.916938189989139));
#2167=CARTESIAN_POINT('',(872.487038596479,-1460.17994025369,0.99993818999036));
#2168=CARTESIAN_POINT('',(872.487038596479,-1460.17994025369,0.916938189988912));
#2169=CARTESIAN_POINT('',(885.362038755067,-1461.43063975601,0.999938189990359));
#2170=CARTESIAN_POINT('',(885.362038755067,-1461.43063975601,0.916938189989139));
#2171=CARTESIAN_POINT('',(885.362038596462,-1460.17993862098,0.99993818999036));
#2172=CARTESIAN_POINT('',(885.362038596462,-1460.17993862098,0.916938189989139));
#2173=CARTESIAN_POINT('',(898.237038596488,-1460.17993698827,0.999938189990359));
#2174=CARTESIAN_POINT('',(898.237038596488,-1460.17993698827,0.916938189989366));
#2175=CARTESIAN_POINT('',(898.237038755092,-1461.4306381233,0.999938189990359));
#2176=CARTESIAN_POINT('',(898.237038755092,-1461.4306381233,0.916938189989139));
#2177=CARTESIAN_POINT('',(905.237038755057,-1461.43063723562,0.999938189990359));
#2178=CARTESIAN_POINT('',(905.237038755057,-1461.43063723562,0.916938189989366));
#2179=CARTESIAN_POINT('',(905.237038596452,-1460.17993610058,0.999938189990359));
#2180=CARTESIAN_POINT('',(905.237038596452,-1460.17993610058,0.916938189989139));
#2181=CARTESIAN_POINT('',(918.112038596435,-1460.17993446787,0.999938189990359));
#2182=CARTESIAN_POINT('',(918.112038596435,-1460.17993446787,0.916938189989139));
#2183=CARTESIAN_POINT('',(918.11203875504,-1461.4306356029,0.999938189990359));
#2184=CARTESIAN_POINT('',(918.11203875504,-1461.4306356029,0.916938189989366));
#2185=CARTESIAN_POINT('',(930.987038596461,-1460.17993283516,0.999938189990359));
#2186=CARTESIAN_POINT('',(930.987038596461,-1460.17993283516,0.916938189989139));
#2187=CARTESIAN_POINT('',(930.987038755066,-1461.43063397019,0.999938189990359));
#2188=CARTESIAN_POINT('',(930.987038755066,-1461.43063397019,0.916938189989366));
#2189=CARTESIAN_POINT('',(937.987038755083,-1461.4306330825,0.999938189990359));
#2190=CARTESIAN_POINT('',(937.987038755083,-1461.4306330825,0.916938189989139));
#2191=CARTESIAN_POINT('',(937.987038596479,-1460.17993194747,0.999938189990359));
#2192=CARTESIAN_POINT('',(937.987038596479,-1460.17993194747,0.916938189989139));
#2193=CARTESIAN_POINT('',(950.862038596462,-1460.17993031476,0.999938189990359));
#2194=CARTESIAN_POINT('',(950.862038596462,-1460.17993031476,0.916938189989366));
#2195=CARTESIAN_POINT('',(950.862038755066,-1461.43063144979,0.999938189990359));
#2196=CARTESIAN_POINT('',(950.862038755066,-1461.43063144979,0.916938189989366));
#2197=CARTESIAN_POINT('',(963.737038596487,-1460.17992868205,0.999938189990359));
#2198=CARTESIAN_POINT('',(963.737038596487,-1460.17992868205,0.916938189989366));
#2199=CARTESIAN_POINT('',(963.737038755092,-1461.43062981708,0.999938189990359));
#2200=CARTESIAN_POINT('',(963.737038755092,-1461.43062981708,0.916938189989366));
#2201=CARTESIAN_POINT('',(870.880775979601,-1460.80529102491,0.916938189989599));
#2202=CARTESIAN_POINT('',(870.880775979601,-1460.80529102491,0.999938189990822));
#2203=CARTESIAN_POINT('',(965.280799826257,-1460.8052790538,0.916938189989815));
#2204=CARTESIAN_POINT('',(965.280799826257,-1460.8052790538,0.999938189991037));
#2205=CARTESIAN_POINT('',(967.70578850142,-1459.43027874629,0.99993818998854));
#2206=CARTESIAN_POINT('',(967.705788850154,-1462.18027874629,0.99993818998854));
#2207=CARTESIAN_POINT('',(967.705788850154,-1462.18027874629,0.874938189989239));
#2208=CARTESIAN_POINT('',(967.705788850154,-1462.18027874629,0.99993818998854));
#2209=CARTESIAN_POINT('',(967.705788866006,-1462.30527874629,0.874938189988768));
#2210=CARTESIAN_POINT('',(967.705788866006,-1462.30527874629,0.874938189988768));
#2211=CARTESIAN_POINT('',(967.705788866006,-1462.30527874629,0.124938189988768));
#2212=CARTESIAN_POINT('',(967.705788850154,-1462.18027874629,0.124938189988959));
#2213=CARTESIAN_POINT('',(967.705788866006,-1462.30527874629,0.124938189988768));
#2214=CARTESIAN_POINT('',(967.705788850154,-1462.18027874629,-6.18100112697167E-5));
#2215=CARTESIAN_POINT('',(967.705788850154,-1462.18027874629,-6.18100110048037E-5));
#2216=CARTESIAN_POINT('',(967.70578850142,-1459.43027874629,-6.18100110048037E-5));
#2217=CARTESIAN_POINT('',(967.70578850142,-1459.43027874629,0.124938189989471));
#2218=CARTESIAN_POINT('',(967.70578850142,-1459.43027874629,-6.18100110048037E-5));
#2219=CARTESIAN_POINT('',(967.705788485569,-1459.30527874629,0.124938189988768));
#2220=CARTESIAN_POINT('',(967.705788485569,-1459.30527874629,0.124938189988768));
#2221=CARTESIAN_POINT('',(967.705788485569,-1459.30527874629,0.874938189988768));
#2222=CARTESIAN_POINT('',(967.70578850142,-1459.43027874629,0.874938189987755));
#2223=CARTESIAN_POINT('',(967.705788485569,-1459.30527874629,0.874938189988768));
#2224=CARTESIAN_POINT('',(967.70578850142,-1459.43027874629,0.999938189988438));
#2225=CARTESIAN_POINT('',(967.70578850142,-1459.43027874629,0.0829381899890789));
#2226=CARTESIAN_POINT('',(967.705788496094,-1459.38827874629,0.082938189989037));
#2227=CARTESIAN_POINT('',(967.705788496094,-1459.38827874629,0.124938189988768));
#2228=CARTESIAN_POINT('',(967.705788496094,-1459.38827874629,0.499938189988768));
#2229=CARTESIAN_POINT('',(967.705788496094,-1459.38827874629,0.874938189988768));
#2230=CARTESIAN_POINT('',(967.705788496094,-1459.38827874629,0.916938189988344));
#2231=CARTESIAN_POINT('',(967.70578850142,-1459.43027874629,0.916938189988912));
#2232=CARTESIAN_POINT('',(967.705788548975,-1459.80527874629,0.916938189988912));
#2233=CARTESIAN_POINT('',(967.705788596529,-1460.18027874629,0.916938189988912));
#2234=CARTESIAN_POINT('',(967.705788675787,-1460.80527874629,0.916938189988912));
#2235=CARTESIAN_POINT('',(967.705788755045,-1461.43027874629,0.916938189988912));
#2236=CARTESIAN_POINT('',(967.705788802599,-1461.80527874629,0.916938189988912));
#2237=CARTESIAN_POINT('',(967.705788850154,-1462.18027874629,0.916938189988912));
#2238=CARTESIAN_POINT('',(967.70578850142,-1459.43027874629,0.99993818998854));
#2239=CARTESIAN_POINT('',(868.455788501434,-1459.43029133243,0.999938189988313));
#2240=CARTESIAN_POINT('',(868.455788501434,-1459.43029133243,0.999938189988313));
#2241=CARTESIAN_POINT('',(868.455788850168,-1462.18029133243,0.999938189988313));
#2242=CARTESIAN_POINT('',(868.455788850168,-1462.18029133243,0.999938189988313));
#2243=CARTESIAN_POINT('',(967.705788850154,-1462.18027874629,0.99993818998854));
#2244=CARTESIAN_POINT('',(868.455788850168,-1462.18029133243,0.874938189988821));
#2245=CARTESIAN_POINT('',(868.455788850168,-1462.18029133243,0.999938189988313));
#2246=CARTESIAN_POINT('',(868.455788866019,-1462.30529133243,0.87493818998854));
#2247=CARTESIAN_POINT('',(868.455788866019,-1462.30529133243,0.87493818998854));
#2248=CARTESIAN_POINT('',(967.705788866006,-1462.30527874629,0.874938189988768));
#2249=CARTESIAN_POINT('',(868.455788866019,-1462.30529133243,0.87493818998854));
#2250=CARTESIAN_POINT('',(868.45578886602,-1462.30529133243,0.12493818998854));
#2251=CARTESIAN_POINT('',(868.45578886602,-1462.30529133243,0.12493818998854));
#2252=CARTESIAN_POINT('',(967.705788866006,-1462.30527874629,0.124938189988768));
#2253=CARTESIAN_POINT('',(868.455788850168,-1462.18029133243,0.124938189987813));
#2254=CARTESIAN_POINT('',(868.45578886602,-1462.30529133243,0.12493818998854));
#2255=CARTESIAN_POINT('',(868.455788850168,-1462.18029133243,-6.18100115057918E-5));
#2256=CARTESIAN_POINT('',(868.455788850168,-1462.18029133243,-6.1810011459551E-5));
#2257=CARTESIAN_POINT('',(967.705788850154,-1462.18027874629,-6.18100110048037E-5));
#2258=CARTESIAN_POINT('',(868.455788850168,-1462.18029133243,-6.1810011459551E-5));
#2259=CARTESIAN_POINT('',(868.455788501434,-1459.43029133243,-6.1810011459551E-5));
#2260=CARTESIAN_POINT('',(868.455788501434,-1459.43029133243,-6.1810011459551E-5));
#2261=CARTESIAN_POINT('',(967.70578850142,-1459.43027874629,-6.18100110048037E-5));
#2262=CARTESIAN_POINT('',(868.455788501434,-1459.43029133243,0.12493818998909));
#2263=CARTESIAN_POINT('',(868.455788501434,-1459.43029133243,-6.18100114595649E-5));
#2264=CARTESIAN_POINT('',(868.455788485583,-1459.30529133243,0.12493818998854));
#2265=CARTESIAN_POINT('',(868.455788485583,-1459.30529133243,0.12493818998854));
#2266=CARTESIAN_POINT('',(967.705788485569,-1459.30527874629,0.124938189988768));
#2267=CARTESIAN_POINT('',(868.455788485583,-1459.30529133243,0.12493818998854));
#2268=CARTESIAN_POINT('',(868.455788485582,-1459.30529133243,0.87493818998854));
#2269=CARTESIAN_POINT('',(868.455788485582,-1459.30529133243,0.87493818998854));
#2270=CARTESIAN_POINT('',(967.705788485569,-1459.30527874629,0.874938189988768));
#2271=CARTESIAN_POINT('',(868.455788501433,-1459.43029133243,0.874938189988083));
#2272=CARTESIAN_POINT('',(868.455788485582,-1459.30529133243,0.87493818998854));
#2273=CARTESIAN_POINT('',(868.455788501434,-1459.43029133243,0.999938189988084));
#2274=CARTESIAN_POINT('',(967.70578850142,-1459.43027874629,0.0829381899890789));
#2275=CARTESIAN_POINT('',(868.455788501434,-1459.43029133243,0.0829381899886241));
#2276=CARTESIAN_POINT('',(868.455788501434,-1459.43029133243,0.0829381899886241));
#2277=CARTESIAN_POINT('',(868.455788548989,-1459.80529133243,0.0829381899886241));
#2278=CARTESIAN_POINT('',(868.455788596543,-1460.18029133243,0.0829381899886241));
#2279=CARTESIAN_POINT('',(868.455788675801,-1460.80529133243,0.0829381899886241));
#2280=CARTESIAN_POINT('',(868.455788755059,-1461.43029133243,0.0829381899886241));
#2281=CARTESIAN_POINT('',(868.455788802613,-1461.80529133243,0.0829381899886241));
#2282=CARTESIAN_POINT('',(868.455788850168,-1462.18029133243,0.0829381899886241));
#2283=CARTESIAN_POINT('',(868.455788855494,-1462.22229133243,0.0829381899882685));
#2284=CARTESIAN_POINT('',(868.455788855494,-1462.22229133243,0.12493818998854));
#2285=CARTESIAN_POINT('',(868.455788855494,-1462.22229133243,0.49993818998854));
#2286=CARTESIAN_POINT('',(868.455788855494,-1462.22229133243,0.87493818998854));
#2287=CARTESIAN_POINT('',(868.455788855494,-1462.22229133243,0.916938189987693));
#2288=CARTESIAN_POINT('',(868.455788850168,-1462.18029133243,0.916938189988457));
#2289=CARTESIAN_POINT('',(872.455788755083,-1461.43064139269,0.999938189990132));
#2290=CARTESIAN_POINT('',(872.424538755083,-1461.43064139665,0.999938189990132));
#2291=CARTESIAN_POINT('',(872.487038755083,-1461.43064138873,0.999938189990132));
#2292=CARTESIAN_POINT('',(872.455788755084,-1461.43064139269,0.916938189989139));
#2293=CARTESIAN_POINT('',(872.424538755083,-1461.43064139665,0.916938189989139));
#2294=CARTESIAN_POINT('',(872.487038755084,-1461.43064138873,0.916938189989139));
#2295=CARTESIAN_POINT('',(872.424538755083,-1461.43064139665,0.999938189990132));
#2296=CARTESIAN_POINT('',(872.424538755083,-1461.43064139665,0.916938189989139));
#2297=CARTESIAN_POINT('',(872.455788596479,-1460.17994025765,0.99993818999036));
#2298=CARTESIAN_POINT('',(872.424538596479,-1460.17994026162,0.999938189990359));
#2299=CARTESIAN_POINT('',(872.487038596479,-1460.17994025369,0.99993818999036));
#2300=CARTESIAN_POINT('',(872.455788596479,-1460.17994025765,0.916938189988912));
#2301=CARTESIAN_POINT('',(872.424538596479,-1460.17994026162,0.916938189988912));
#2302=CARTESIAN_POINT('',(872.487038596479,-1460.17994025369,0.916938189988912));
#2303=CARTESIAN_POINT('',(872.424538596479,-1460.17994026162,0.999938189990132));
#2304=CARTESIAN_POINT('',(872.424538596479,-1460.17994026162,0.916938189989139));
#2305=CARTESIAN_POINT('',(885.330788755067,-1461.43063975998,0.999938189990359));
#2306=CARTESIAN_POINT('',(885.299538755067,-1461.43063976394,0.999938189990359));
#2307=CARTESIAN_POINT('',(885.362038755067,-1461.43063975601,0.999938189990359));
#2308=CARTESIAN_POINT('',(885.330788755066,-1461.43063975998,0.916938189989139));
#2309=CARTESIAN_POINT('',(885.299538755067,-1461.43063976394,0.916938189989139));
#2310=CARTESIAN_POINT('',(885.362038755066,-1461.43063975601,0.916938189989139));
#2311=CARTESIAN_POINT('',(885.299538755067,-1461.43063976394,0.999938189990132));
#2312=CARTESIAN_POINT('',(885.299538755067,-1461.43063976394,0.916938189989139));
#2313=CARTESIAN_POINT('',(885.330788596462,-1460.17993862494,0.99993818999036));
#2314=CARTESIAN_POINT('',(885.299538596462,-1460.1799386289,0.999938189990359));
#2315=CARTESIAN_POINT('',(885.362038596462,-1460.17993862098,0.99993818999036));
#2316=CARTESIAN_POINT('',(885.330788596462,-1460.17993862494,0.916938189989139));
#2317=CARTESIAN_POINT('',(885.299538596462,-1460.1799386289,0.916938189989139));
#2318=CARTESIAN_POINT('',(885.362038596462,-1460.17993862098,0.916938189989139));
#2319=CARTESIAN_POINT('',(885.299538596462,-1460.1799386289,0.999938189990132));
#2320=CARTESIAN_POINT('',(885.299538596462,-1460.1799386289,0.916938189989139));
#2321=CARTESIAN_POINT('',(898.205788596488,-1460.17993699223,0.999938189990359));
#2322=CARTESIAN_POINT('',(898.174538596487,-1460.17993699619,0.999938189990359));
#2323=CARTESIAN_POINT('',(898.237038596488,-1460.17993698827,0.999938189990359));
#2324=CARTESIAN_POINT('',(898.205788596488,-1460.17993699223,0.916938189989366));
#2325=CARTESIAN_POINT('',(898.174538596487,-1460.17993699619,0.916938189989366));
#2326=CARTESIAN_POINT('',(898.237038596488,-1460.17993698827,0.916938189989366));
#2327=CARTESIAN_POINT('',(898.174538596487,-1460.17993699619,0.999938189990359));
#2328=CARTESIAN_POINT('',(898.174538596487,-1460.17993699619,0.916938189989366));
#2329=CARTESIAN_POINT('',(898.205788755092,-1461.43063812727,0.999938189990359));
#2330=CARTESIAN_POINT('',(898.174538755092,-1461.43063813123,0.999938189990359));
#2331=CARTESIAN_POINT('',(898.237038755092,-1461.4306381233,0.999938189990359));
#2332=CARTESIAN_POINT('',(898.205788755092,-1461.43063812727,0.916938189989139));
#2333=CARTESIAN_POINT('',(898.174538755092,-1461.43063813123,0.916938189989139));
#2334=CARTESIAN_POINT('',(898.237038755092,-1461.4306381233,0.916938189989139));
#2335=CARTESIAN_POINT('',(898.174538755092,-1461.43063813123,0.999938189990359));
#2336=CARTESIAN_POINT('',(898.174538755092,-1461.43063813123,0.916938189989366));
#2337=CARTESIAN_POINT('',(901.997788548913,-1459.80528707888,0.999938189990359));
#2338=CARTESIAN_POINT('',(901.872788548913,-1459.80528709473,0.999938189990359));
#2339=CARTESIAN_POINT('',(902.122788548914,-1459.80528706303,0.999938189990359));
#2340=CARTESIAN_POINT('',(901.872788802538,-1461.80528709473,0.999938189990359));
#2341=CARTESIAN_POINT('',(901.872788548913,-1459.80528709473,0.999938189990359));
#2342=CARTESIAN_POINT('',(901.997788802538,-1461.80528707888,0.999938189990359));
#2343=CARTESIAN_POINT('',(902.122788802538,-1461.80528706303,0.999938189990359));
#2344=CARTESIAN_POINT('',(901.872788802538,-1461.80528709473,0.999938189990359));
#2345=CARTESIAN_POINT('',(902.122788548913,-1459.80528706303,0.999938189990359));
#2346=CARTESIAN_POINT('',(902.122788802538,-1461.80528706303,0.999938189990359));
#2347=CARTESIAN_POINT('',(901.997788548913,-1459.80528707888,0.916938189989366));
#2348=CARTESIAN_POINT('',(902.122788548913,-1459.80528706303,0.916938189989366));
#2349=CARTESIAN_POINT('',(901.872788548914,-1459.80528709473,0.916938189989366));
#2350=CARTESIAN_POINT('',(901.872788548913,-1459.80528709473,0.916938189989366));
#2351=CARTESIAN_POINT('',(901.872788802538,-1461.80528709473,0.916938189989366));
#2352=CARTESIAN_POINT('',(901.997788802538,-1461.80528707888,0.916938189989366));
#2353=CARTESIAN_POINT('',(901.872788802538,-1461.80528709473,0.916938189989366));
#2354=CARTESIAN_POINT('',(902.122788802538,-1461.80528706303,0.916938189989366));
#2355=CARTESIAN_POINT('',(902.122788802538,-1461.80528706303,0.916938189989366));
#2356=CARTESIAN_POINT('',(902.122788548913,-1459.80528706303,0.916938189989366));
#2357=CARTESIAN_POINT('',(901.872788548913,-1459.80528709473,0.916938189989366));
#2358=CARTESIAN_POINT('',(901.872788548913,-1459.80528709473,0.999938189990359));
#2359=CARTESIAN_POINT('',(902.122788548913,-1459.80528706303,0.916938189989366));
#2360=CARTESIAN_POINT('',(902.122788548913,-1459.80528706303,0.999938189990359));
#2361=CARTESIAN_POINT('',(901.872788802538,-1461.80528709473,0.916938189989366));
#2362=CARTESIAN_POINT('',(901.872788802538,-1461.80528709473,0.999938189990359));
#2363=CARTESIAN_POINT('',(902.122788802538,-1461.80528706303,0.916938189989366));
#2364=CARTESIAN_POINT('',(902.122788802538,-1461.80528706303,0.999938189990359));
#2365=CARTESIAN_POINT('',(905.205788755057,-1461.43063723958,0.999938189990359));
#2366=CARTESIAN_POINT('',(905.174538755057,-1461.43063724354,0.999938189990359));
#2367=CARTESIAN_POINT('',(905.237038755057,-1461.43063723562,0.999938189990359));
#2368=CARTESIAN_POINT('',(905.205788755057,-1461.43063723958,0.916938189989366));
#2369=CARTESIAN_POINT('',(905.174538755057,-1461.43063724354,0.916938189989366));
#2370=CARTESIAN_POINT('',(905.237038755057,-1461.43063723562,0.916938189989366));
#2371=CARTESIAN_POINT('',(905.174538755057,-1461.43063724354,0.999938189990359));
#2372=CARTESIAN_POINT('',(905.174538755057,-1461.43063724354,0.916938189989366));
#2373=CARTESIAN_POINT('',(905.205788596452,-1460.17993610454,0.999938189990359));
#2374=CARTESIAN_POINT('',(905.174538596452,-1460.17993610851,0.999938189990359));
#2375=CARTESIAN_POINT('',(905.237038596452,-1460.17993610058,0.999938189990359));
#2376=CARTESIAN_POINT('',(905.205788596453,-1460.17993610454,0.916938189989139));
#2377=CARTESIAN_POINT('',(905.174538596452,-1460.17993610851,0.916938189989139));
#2378=CARTESIAN_POINT('',(905.237038596453,-1460.17993610058,0.916938189989139));
#2379=CARTESIAN_POINT('',(905.174538596452,-1460.17993610851,0.999938189990359));
#2380=CARTESIAN_POINT('',(905.174538596452,-1460.17993610851,0.916938189989366));
#2381=CARTESIAN_POINT('',(918.080788596435,-1460.17993447183,0.999938189990359));
#2382=CARTESIAN_POINT('',(918.049538596435,-1460.17993447579,0.999938189990359));
#2383=CARTESIAN_POINT('',(918.112038596435,-1460.17993446787,0.999938189990359));
#2384=CARTESIAN_POINT('',(918.080788596435,-1460.17993447183,0.916938189989139));
#2385=CARTESIAN_POINT('',(918.049538596435,-1460.17993447579,0.916938189989139));
#2386=CARTESIAN_POINT('',(918.112038596435,-1460.17993446787,0.916938189989139));
#2387=CARTESIAN_POINT('',(918.049538596435,-1460.17993447579,0.999938189990359));
#2388=CARTESIAN_POINT('',(918.049538596435,-1460.17993447579,0.916938189989139));
#2389=CARTESIAN_POINT('',(918.08078875504,-1461.43063560687,0.999938189990359));
#2390=CARTESIAN_POINT('',(918.04953875504,-1461.43063561083,0.999938189990359));
#2391=CARTESIAN_POINT('',(918.11203875504,-1461.4306356029,0.999938189990359));
#2392=CARTESIAN_POINT('',(918.08078875504,-1461.43063560687,0.916938189989366));
#2393=CARTESIAN_POINT('',(918.04953875504,-1461.43063561083,0.916938189989366));
#2394=CARTESIAN_POINT('',(918.11203875504,-1461.4306356029,0.916938189989366));
#2395=CARTESIAN_POINT('',(918.04953875504,-1461.43063561083,0.999938189990359));
#2396=CARTESIAN_POINT('',(918.04953875504,-1461.43063561083,0.916938189989139));
#2397=CARTESIAN_POINT('',(930.955788596461,-1460.17993283912,0.999938189990359));
#2398=CARTESIAN_POINT('',(930.924538596461,-1460.17993284308,0.999938189990359));
#2399=CARTESIAN_POINT('',(930.987038596461,-1460.17993283516,0.999938189990359));
#2400=CARTESIAN_POINT('',(930.955788596461,-1460.17993283912,0.916938189989139));
#2401=CARTESIAN_POINT('',(930.924538596461,-1460.17993284308,0.916938189989139));
#2402=CARTESIAN_POINT('',(930.98703859646,-1460.17993283516,0.916938189989139));
#2403=CARTESIAN_POINT('',(930.924538596461,-1460.17993284308,0.999938189990359));
#2404=CARTESIAN_POINT('',(930.924538596461,-1460.17993284308,0.916938189989366));
#2405=CARTESIAN_POINT('',(930.955788755065,-1461.43063397416,0.999938189990359));
#2406=CARTESIAN_POINT('',(930.924538755066,-1461.43063397812,0.999938189990359));
#2407=CARTESIAN_POINT('',(930.987038755065,-1461.43063397019,0.999938189990359));
#2408=CARTESIAN_POINT('',(930.955788755066,-1461.43063397416,0.916938189989366));
#2409=CARTESIAN_POINT('',(930.924538755066,-1461.43063397812,0.916938189989366));
#2410=CARTESIAN_POINT('',(930.987038755066,-1461.43063397019,0.916938189989366));
#2411=CARTESIAN_POINT('',(930.924538755066,-1461.43063397812,0.999938189990359));
#2412=CARTESIAN_POINT('',(930.924538755066,-1461.43063397812,0.916938189989366));
#2413=CARTESIAN_POINT('',(934.747788548904,-1459.80528292577,0.999938189990359));
#2414=CARTESIAN_POINT('',(934.622788548904,-1459.80528294162,0.999938189990359));
#2415=CARTESIAN_POINT('',(934.872788548904,-1459.80528290992,0.999938189990359));
#2416=CARTESIAN_POINT('',(934.622788802529,-1461.80528294162,0.999938189990359));
#2417=CARTESIAN_POINT('',(934.622788548904,-1459.80528294162,0.999938189990359));
#2418=CARTESIAN_POINT('',(934.747788802529,-1461.80528292577,0.999938189990359));
#2419=CARTESIAN_POINT('',(934.872788802529,-1461.80528290992,0.999938189990359));
#2420=CARTESIAN_POINT('',(934.622788802529,-1461.80528294162,0.999938189990359));
#2421=CARTESIAN_POINT('',(934.872788548904,-1459.80528290992,0.999938189990359));
#2422=CARTESIAN_POINT('',(934.872788802529,-1461.80528290992,0.999938189990359));
#2423=CARTESIAN_POINT('',(934.747788548904,-1459.80528292577,0.916938189989366));
#2424=CARTESIAN_POINT('',(934.872788548904,-1459.80528290992,0.916938189989366));
#2425=CARTESIAN_POINT('',(934.622788548904,-1459.80528294162,0.916938189989366));
#2426=CARTESIAN_POINT('',(934.622788548904,-1459.80528294162,0.916938189989366));
#2427=CARTESIAN_POINT('',(934.622788802529,-1461.80528294162,0.916938189989366));
#2428=CARTESIAN_POINT('',(934.747788802529,-1461.80528292577,0.916938189989366));
#2429=CARTESIAN_POINT('',(934.622788802529,-1461.80528294162,0.916938189989366));
#2430=CARTESIAN_POINT('',(934.872788802529,-1461.80528290992,0.916938189989366));
#2431=CARTESIAN_POINT('',(934.872788802529,-1461.80528290992,0.916938189989366));
#2432=CARTESIAN_POINT('',(934.872788548904,-1459.80528290992,0.916938189989366));
#2433=CARTESIAN_POINT('',(934.622788548904,-1459.80528294162,0.916938189989366));
#2434=CARTESIAN_POINT('',(934.622788548904,-1459.80528294162,0.999938189990359));
#2435=CARTESIAN_POINT('',(934.872788548904,-1459.80528290992,0.916938189989366));
#2436=CARTESIAN_POINT('',(934.872788548904,-1459.80528290992,0.999938189990359));
#2437=CARTESIAN_POINT('',(934.622788802529,-1461.80528294162,0.916938189989366));
#2438=CARTESIAN_POINT('',(934.622788802529,-1461.80528294162,0.999938189990359));
#2439=CARTESIAN_POINT('',(934.872788802529,-1461.80528290992,0.916938189989366));
#2440=CARTESIAN_POINT('',(934.872788802529,-1461.80528290992,0.999938189990359));
#2441=CARTESIAN_POINT('',(937.955788755084,-1461.43063308647,0.999938189990359));
#2442=CARTESIAN_POINT('',(937.924538755083,-1461.43063309043,0.999938189990359));
#2443=CARTESIAN_POINT('',(937.987038755084,-1461.4306330825,0.999938189990359));
#2444=CARTESIAN_POINT('',(937.955788755083,-1461.43063308647,0.916938189989139));
#2445=CARTESIAN_POINT('',(937.924538755083,-1461.43063309043,0.916938189989139));
#2446=CARTESIAN_POINT('',(937.987038755083,-1461.4306330825,0.916938189989139));
#2447=CARTESIAN_POINT('',(937.924538755083,-1461.43063309043,0.999938189990359));
#2448=CARTESIAN_POINT('',(937.924538755083,-1461.43063309043,0.916938189989366));
#2449=CARTESIAN_POINT('',(937.955788596479,-1460.17993195143,0.999938189990359));
#2450=CARTESIAN_POINT('',(937.924538596479,-1460.1799319554,0.999938189990359));
#2451=CARTESIAN_POINT('',(937.987038596479,-1460.17993194747,0.999938189990359));
#2452=CARTESIAN_POINT('',(937.955788596479,-1460.17993195143,0.916938189989139));
#2453=CARTESIAN_POINT('',(937.924538596479,-1460.1799319554,0.916938189989139));
#2454=CARTESIAN_POINT('',(937.987038596478,-1460.17993194747,0.916938189989139));
#2455=CARTESIAN_POINT('',(937.924538596479,-1460.1799319554,0.999938189990359));
#2456=CARTESIAN_POINT('',(937.924538596479,-1460.1799319554,0.916938189989366));
#2457=CARTESIAN_POINT('',(950.830788596462,-1460.17993031872,0.999938189990359));
#2458=CARTESIAN_POINT('',(950.799538596462,-1460.17993032268,0.999938189990359));
#2459=CARTESIAN_POINT('',(950.862038596462,-1460.17993031476,0.999938189990359));
#2460=CARTESIAN_POINT('',(950.830788596462,-1460.17993031872,0.916938189989366));
#2461=CARTESIAN_POINT('',(950.799538596462,-1460.17993032268,0.916938189989366));
#2462=CARTESIAN_POINT('',(950.862038596462,-1460.17993031476,0.916938189989366));
#2463=CARTESIAN_POINT('',(950.799538596462,-1460.17993032268,0.999938189990359));
#2464=CARTESIAN_POINT('',(950.799538596462,-1460.17993032268,0.916938189989366));
#2465=CARTESIAN_POINT('',(950.830788755067,-1461.43063145376,0.999938189990359));
#2466=CARTESIAN_POINT('',(950.799538755066,-1461.43063145772,0.999938189990359));
#2467=CARTESIAN_POINT('',(950.862038755067,-1461.43063144979,0.999938189990359));
#2468=CARTESIAN_POINT('',(950.830788755066,-1461.43063145376,0.916938189989366));
#2469=CARTESIAN_POINT('',(950.799538755066,-1461.43063145772,0.916938189989366));
#2470=CARTESIAN_POINT('',(950.862038755066,-1461.43063144979,0.916938189989366));
#2471=CARTESIAN_POINT('',(950.799538755066,-1461.43063145772,0.999938189990359));
#2472=CARTESIAN_POINT('',(950.799538755066,-1461.43063145772,0.916938189989366));
#2473=CARTESIAN_POINT('',(963.705788596487,-1460.17992868601,0.999938189990359));
#2474=CARTESIAN_POINT('',(963.674538596487,-1460.17992868997,0.999938189990359));
#2475=CARTESIAN_POINT('',(963.737038596487,-1460.17992868205,0.999938189990359));
#2476=CARTESIAN_POINT('',(963.705788596487,-1460.17992868601,0.916938189989366));
#2477=CARTESIAN_POINT('',(963.674538596487,-1460.17992868997,0.916938189989366));
#2478=CARTESIAN_POINT('',(963.737038596486,-1460.17992868205,0.916938189989366));
#2479=CARTESIAN_POINT('',(963.674538596487,-1460.17992868997,0.999938189990359));
#2480=CARTESIAN_POINT('',(963.674538596487,-1460.17992868997,0.916938189989366));
#2481=CARTESIAN_POINT('',(963.705788755092,-1461.43062982105,0.999938189990359));
#2482=CARTESIAN_POINT('',(963.674538755092,-1461.43062982501,0.999938189990359));
#2483=CARTESIAN_POINT('',(963.737038755091,-1461.43062981708,0.999938189990359));
#2484=CARTESIAN_POINT('',(963.705788755092,-1461.43062982105,0.916938189989366));
#2485=CARTESIAN_POINT('',(963.674538755092,-1461.43062982501,0.916938189989366));
#2486=CARTESIAN_POINT('',(963.737038755091,-1461.43062981708,0.916938189989366));
#2487=CARTESIAN_POINT('',(963.674538755092,-1461.43062982501,0.999938189990359));
#2488=CARTESIAN_POINT('',(963.674538755092,-1461.43062982501,0.916938189989366));
#2489=CARTESIAN_POINT('',(966.913788548978,-1459.80527884672,0.999938189990587));
#2490=CARTESIAN_POINT('',(966.788788548978,-1459.80527886257,0.999938189990587));
#2491=CARTESIAN_POINT('',(967.038788548978,-1459.80527883087,0.999938189990587));
#2492=CARTESIAN_POINT('',(966.788788802603,-1461.80527886257,0.999938189990587));
#2493=CARTESIAN_POINT('',(966.788788548978,-1459.80527886257,0.999938189990587));
#2494=CARTESIAN_POINT('',(966.913788802603,-1461.80527884672,0.999938189990587));
#2495=CARTESIAN_POINT('',(967.038788802603,-1461.80527883087,0.999938189990587));
#2496=CARTESIAN_POINT('',(966.788788802603,-1461.80527886257,0.999938189990587));
#2497=CARTESIAN_POINT('',(967.038788548978,-1459.80527883087,0.999938189990587));
#2498=CARTESIAN_POINT('',(967.038788802603,-1461.80527883087,0.999938189990587));
#2499=CARTESIAN_POINT('',(966.913788548978,-1459.80527884672,0.916938189989366));
#2500=CARTESIAN_POINT('',(967.038788548978,-1459.80527883087,0.916938189989366));
#2501=CARTESIAN_POINT('',(966.788788548979,-1459.80527886257,0.916938189989366));
#2502=CARTESIAN_POINT('',(966.788788548978,-1459.80527886257,0.916938189989366));
#2503=CARTESIAN_POINT('',(966.788788802603,-1461.80527886257,0.916938189989366));
#2504=CARTESIAN_POINT('',(966.913788802603,-1461.80527884672,0.91693818998948));
#2505=CARTESIAN_POINT('',(966.788788802603,-1461.80527886257,0.916938189989366));
#2506=CARTESIAN_POINT('',(967.038788802603,-1461.80527883087,0.916938189989594));
#2507=CARTESIAN_POINT('',(967.038788802603,-1461.80527883087,0.916938189989594));
#2508=CARTESIAN_POINT('',(967.038788548978,-1459.80527883087,0.916938189989366));
#2509=CARTESIAN_POINT('',(966.788788548978,-1459.80527886257,0.916938189989366));
#2510=CARTESIAN_POINT('',(966.788788548978,-1459.80527886257,0.999938189990587));
#2511=CARTESIAN_POINT('',(967.038788548978,-1459.80527883087,0.916938189989366));
#2512=CARTESIAN_POINT('',(967.038788548978,-1459.80527883087,0.999938189990587));
#2513=CARTESIAN_POINT('',(966.788788802603,-1461.80527886257,0.916938189989366));
#2514=CARTESIAN_POINT('',(966.788788802603,-1461.80527886257,0.999938189990587));
#2515=CARTESIAN_POINT('',(967.038788802603,-1461.80527883087,0.916938189989594));
#2516=CARTESIAN_POINT('',(967.038788802603,-1461.80527883087,0.999938189990587));
#2517=CARTESIAN_POINT('',(869.247788548922,-1459.80529123199,0.999938189990132));
#2518=CARTESIAN_POINT('',(869.122788548922,-1459.80529124784,0.999938189990132));
#2519=CARTESIAN_POINT('',(869.372788548922,-1459.80529121614,0.999938189990132));
#2520=CARTESIAN_POINT('',(869.122788802547,-1461.80529124784,0.999938189990132));
#2521=CARTESIAN_POINT('',(869.122788548922,-1459.80529124784,0.999938189990132));
#2522=CARTESIAN_POINT('',(869.247788802547,-1461.80529123199,0.999938189990132));
#2523=CARTESIAN_POINT('',(869.372788802547,-1461.80529121614,0.999938189990132));
#2524=CARTESIAN_POINT('',(869.122788802547,-1461.80529124784,0.999938189990132));
#2525=CARTESIAN_POINT('',(869.372788548922,-1459.80529121614,0.999938189990132));
#2526=CARTESIAN_POINT('',(869.372788802547,-1461.80529121614,0.999938189990132));
#2527=CARTESIAN_POINT('',(869.247788548922,-1459.80529123199,0.916938189989139));
#2528=CARTESIAN_POINT('',(869.372788548922,-1459.80529121614,0.916938189989139));
#2529=CARTESIAN_POINT('',(869.122788548922,-1459.80529124784,0.916938189989139));
#2530=CARTESIAN_POINT('',(869.122788548922,-1459.80529124784,0.916938189989139));
#2531=CARTESIAN_POINT('',(869.122788802547,-1461.80529124784,0.916938189989139));
#2532=CARTESIAN_POINT('',(869.247788802547,-1461.80529123199,0.916938189989139));
#2533=CARTESIAN_POINT('',(869.122788802547,-1461.80529124784,0.916938189989139));
#2534=CARTESIAN_POINT('',(869.372788802546,-1461.80529121614,0.916938189989139));
#2535=CARTESIAN_POINT('',(869.372788802547,-1461.80529121614,0.916938189989139));
#2536=CARTESIAN_POINT('',(869.372788548922,-1459.80529121614,0.916938189989139));
#2537=CARTESIAN_POINT('',(869.122788548922,-1459.80529124784,0.916938189989139));
#2538=CARTESIAN_POINT('',(869.122788548922,-1459.80529124784,0.999938189990132));
#2539=CARTESIAN_POINT('',(869.372788548922,-1459.80529121614,0.916938189989139));
#2540=CARTESIAN_POINT('',(869.372788548922,-1459.80529121614,0.999938189990132));
#2541=CARTESIAN_POINT('',(869.122788802547,-1461.80529124784,0.916938189989139));
#2542=CARTESIAN_POINT('',(869.122788802547,-1461.80529124784,0.999938189990132));
#2543=CARTESIAN_POINT('',(869.372788802547,-1461.80529121614,0.916938189989139));
#2544=CARTESIAN_POINT('',(869.372788802547,-1461.80529121614,0.999938189990132));
#2545=CARTESIAN_POINT('',(870.955775979601,-1460.8052910154,0.999938189990822));
#2546=CARTESIAN_POINT('',(871.030775979601,-1460.80529100589,0.999938189990822));
#2547=CARTESIAN_POINT('',(870.880775979601,-1460.80529102491,0.999938189990822));
#2548=CARTESIAN_POINT('',(870.955775979601,-1460.8052910154,0.916938189989599));
#2549=CARTESIAN_POINT('',(871.030775979601,-1460.80529100589,0.916938189989599));
#2550=CARTESIAN_POINT('',(870.880775979601,-1460.80529102491,0.916938189989599));
#2551=CARTESIAN_POINT('',(871.030775979601,-1460.80529100589,0.9169381899896));
#2552=CARTESIAN_POINT('',(871.030775979601,-1460.80529100589,0.999938189990823));
#2553=CARTESIAN_POINT('',(965.205799826257,-1460.80527906332,0.999938189991037));
#2554=CARTESIAN_POINT('',(965.130799826257,-1460.80527907283,0.999938189991037));
#2555=CARTESIAN_POINT('',(965.280799826257,-1460.8052790538,0.999938189991037));
#2556=CARTESIAN_POINT('',(965.205799826257,-1460.80527906332,0.916938189989815));
#2557=CARTESIAN_POINT('',(965.130799826257,-1460.80527907283,0.916938189989815));
#2558=CARTESIAN_POINT('',(965.280799826257,-1460.8052790538,0.916938189989815));
#2559=CARTESIAN_POINT('',(965.130799826257,-1460.80527907283,0.916938189989815));
#2560=CARTESIAN_POINT('',(965.130799826257,-1460.80527907283,0.999938189991038));
#2561=CARTESIAN_POINT('',(967.705788850154,-1462.18027874629,0.916938189989821));
#2562=CARTESIAN_POINT('',(868.455788850168,-1462.18029133243,0.916938189989594));
#2563=CARTESIAN_POINT('',(967.705788850154,-1462.18027874629,0.916938189988912));
#2564=CARTESIAN_POINT('',(967.70578885548,-1462.22227874629,0.916938189983933));
#2565=CARTESIAN_POINT('',(967.70578885548,-1462.22227874629,0.874938189988768));
#2566=CARTESIAN_POINT('',(967.70578885548,-1462.22227874629,0.499938189988768));
#2567=CARTESIAN_POINT('',(967.70578885548,-1462.22227874629,0.124938189988768));
#2568=CARTESIAN_POINT('',(967.705788855481,-1462.22227874629,0.0829381899885901));
#2569=CARTESIAN_POINT('',(967.705788850154,-1462.18027874629,0.0829381899890789));
#2570=CARTESIAN_POINT('',(967.7057888026,-1461.80527874629,0.0829381899890789));
#2571=CARTESIAN_POINT('',(967.705788755045,-1461.43027874629,0.0829381899890789));
#2572=CARTESIAN_POINT('',(967.705788675787,-1460.80527874629,0.0829381899890789));
#2573=CARTESIAN_POINT('',(967.70578859653,-1460.18027874629,0.0829381899890789));
#2574=CARTESIAN_POINT('',(967.705788548975,-1459.80527874629,0.0829381899890789));
#2575=CARTESIAN_POINT('',(967.70578850142,-1459.43027874629,0.0829381899890789));
#2576=CARTESIAN_POINT('',(868.455788850168,-1462.18029133243,0.916938189988457));
#2577=CARTESIAN_POINT('',(868.455788802613,-1461.80529133243,0.916938189988457));
#2578=CARTESIAN_POINT('',(868.455788755059,-1461.43029133243,0.916938189988457));
#2579=CARTESIAN_POINT('',(868.455788675801,-1460.80529133243,0.916938189988457));
#2580=CARTESIAN_POINT('',(868.455788596543,-1460.18029133243,0.916938189988457));
#2581=CARTESIAN_POINT('',(868.455788548988,-1459.80529133243,0.916938189988457));
#2582=CARTESIAN_POINT('',(868.455788501434,-1459.43029133243,0.916938189988457));
#2583=CARTESIAN_POINT('',(868.455788496108,-1459.38829133243,0.916938189988022));
#2584=CARTESIAN_POINT('',(868.455788496108,-1459.38829133243,0.87493818998854));
#2585=CARTESIAN_POINT('',(868.455788496108,-1459.38829133243,0.49993818998854));
#2586=CARTESIAN_POINT('',(868.455788496108,-1459.38829133243,0.12493818998854));
#2587=CARTESIAN_POINT('',(868.455788496108,-1459.38829133243,0.0829381899887155));
#2588=CARTESIAN_POINT('',(868.455788501434,-1459.43029133243,0.0829381899886241));
#2589=CARTESIAN_POINT('',(872.487038755084,-1461.43064138873,0.999938189990265));
#2590=CARTESIAN_POINT('',(872.487038755084,-1461.43064138873,0.916938189989268));
#2591=CARTESIAN_POINT('',(872.455788755084,-1461.43064139269,0.999938189990132));
#2592=CARTESIAN_POINT('',(872.487038755084,-1461.43064138873,0.999938189990132));
#2593=CARTESIAN_POINT('',(872.424538755084,-1461.43064139665,0.999938189990132));
#2594=CARTESIAN_POINT('',(872.455788755084,-1461.43064139269,0.916938189989139));
#2595=CARTESIAN_POINT('',(872.487038755084,-1461.43064138873,0.916938189989139));
#2596=CARTESIAN_POINT('',(872.424538755084,-1461.43064139665,0.916938189989139));
#2597=CARTESIAN_POINT('',(872.487038596479,-1460.17994025369,0.999938189990265));
#2598=CARTESIAN_POINT('',(872.487038596479,-1460.17994025369,0.916938189989268));
#2599=CARTESIAN_POINT('',(872.455788596479,-1460.17994025765,0.999938189990359));
#2600=CARTESIAN_POINT('',(872.487038596479,-1460.17994025369,0.99993818999036));
#2601=CARTESIAN_POINT('',(872.424538596479,-1460.17994026162,0.999938189990359));
#2602=CARTESIAN_POINT('',(872.455788596479,-1460.17994025765,0.916938189988912));
#2603=CARTESIAN_POINT('',(872.487038596479,-1460.17994025369,0.916938189988912));
#2604=CARTESIAN_POINT('',(872.424538596479,-1460.17994026162,0.916938189988912));
#2605=CARTESIAN_POINT('',(885.362038755067,-1461.43063975601,0.999938189990265));
#2606=CARTESIAN_POINT('',(885.362038755067,-1461.43063975601,0.916938189989268));
#2607=CARTESIAN_POINT('',(885.330788755067,-1461.43063975998,0.999938189990359));
#2608=CARTESIAN_POINT('',(885.362038755067,-1461.43063975601,0.999938189990359));
#2609=CARTESIAN_POINT('',(885.299538755066,-1461.43063976394,0.999938189990359));
#2610=CARTESIAN_POINT('',(885.330788755066,-1461.43063975998,0.916938189989139));
#2611=CARTESIAN_POINT('',(885.362038755067,-1461.43063975601,0.916938189989139));
#2612=CARTESIAN_POINT('',(885.299538755066,-1461.43063976394,0.916938189989139));
#2613=CARTESIAN_POINT('',(885.362038596462,-1460.17993862098,0.999938189990265));
#2614=CARTESIAN_POINT('',(885.362038596462,-1460.17993862098,0.916938189989268));
#2615=CARTESIAN_POINT('',(885.330788596462,-1460.17993862494,0.999938189990359));
#2616=CARTESIAN_POINT('',(885.362038596462,-1460.17993862098,0.99993818999036));
#2617=CARTESIAN_POINT('',(885.299538596462,-1460.1799386289,0.999938189990359));
#2618=CARTESIAN_POINT('',(885.330788596462,-1460.17993862494,0.916938189989139));
#2619=CARTESIAN_POINT('',(885.362038596462,-1460.17993862098,0.916938189989139));
#2620=CARTESIAN_POINT('',(885.299538596462,-1460.1799386289,0.916938189989139));
#2621=CARTESIAN_POINT('',(898.237038596488,-1460.17993698827,0.999938189990492));
#2622=CARTESIAN_POINT('',(898.237038596488,-1460.17993698827,0.916938189989381));
#2623=CARTESIAN_POINT('',(898.205788596488,-1460.17993699223,0.999938189990359));
#2624=CARTESIAN_POINT('',(898.237038596488,-1460.17993698827,0.999938189990359));
#2625=CARTESIAN_POINT('',(898.174538596487,-1460.17993699619,0.999938189990359));
#2626=CARTESIAN_POINT('',(898.205788596488,-1460.17993699223,0.916938189989366));
#2627=CARTESIAN_POINT('',(898.237038596488,-1460.17993698827,0.916938189989366));
#2628=CARTESIAN_POINT('',(898.174538596487,-1460.17993699619,0.916938189989366));
#2629=CARTESIAN_POINT('',(898.237038755092,-1461.4306381233,0.999938189990492));
#2630=CARTESIAN_POINT('',(898.237038755092,-1461.4306381233,0.916938189989381));
#2631=CARTESIAN_POINT('',(898.205788755092,-1461.43063812727,0.999938189990359));
#2632=CARTESIAN_POINT('',(898.237038755092,-1461.4306381233,0.999938189990359));
#2633=CARTESIAN_POINT('',(898.174538755092,-1461.43063813123,0.999938189990359));
#2634=CARTESIAN_POINT('',(898.205788755092,-1461.43063812727,0.916938189989139));
#2635=CARTESIAN_POINT('',(898.237038755092,-1461.4306381233,0.916938189989139));
#2636=CARTESIAN_POINT('',(898.174538755092,-1461.43063813123,0.916938189989139));
#2637=CARTESIAN_POINT('',(905.237038755057,-1461.43063723562,0.999938189990379));
#2638=CARTESIAN_POINT('',(905.237038755057,-1461.43063723562,0.916938189989381));
#2639=CARTESIAN_POINT('',(905.205788755057,-1461.43063723958,0.999938189990359));
#2640=CARTESIAN_POINT('',(905.237038755057,-1461.43063723562,0.999938189990359));
#2641=CARTESIAN_POINT('',(905.174538755057,-1461.43063724354,0.999938189990359));
#2642=CARTESIAN_POINT('',(905.205788755057,-1461.43063723958,0.916938189989366));
#2643=CARTESIAN_POINT('',(905.237038755057,-1461.43063723562,0.916938189989366));
#2644=CARTESIAN_POINT('',(905.174538755057,-1461.43063724354,0.916938189989366));
#2645=CARTESIAN_POINT('',(905.237038596452,-1460.17993610058,0.999938189990379));
#2646=CARTESIAN_POINT('',(905.237038596452,-1460.17993610058,0.916938189989381));
#2647=CARTESIAN_POINT('',(905.205788596452,-1460.17993610454,0.999938189990359));
#2648=CARTESIAN_POINT('',(905.237038596452,-1460.17993610058,0.999938189990359));
#2649=CARTESIAN_POINT('',(905.174538596452,-1460.17993610851,0.999938189990359));
#2650=CARTESIAN_POINT('',(905.205788596452,-1460.17993610454,0.916938189989139));
#2651=CARTESIAN_POINT('',(905.237038596452,-1460.17993610058,0.916938189989139));
#2652=CARTESIAN_POINT('',(905.174538596452,-1460.17993610851,0.916938189989139));
#2653=CARTESIAN_POINT('',(918.112038596435,-1460.17993446787,0.999938189990492));
#2654=CARTESIAN_POINT('',(918.112038596435,-1460.17993446787,0.916938189989268));
#2655=CARTESIAN_POINT('',(918.080788596436,-1460.17993447183,0.999938189990359));
#2656=CARTESIAN_POINT('',(918.112038596435,-1460.17993446787,0.999938189990359));
#2657=CARTESIAN_POINT('',(918.049538596436,-1460.17993447579,0.999938189990359));
#2658=CARTESIAN_POINT('',(918.080788596435,-1460.17993447183,0.916938189989139));
#2659=CARTESIAN_POINT('',(918.112038596435,-1460.17993446787,0.916938189989139));
#2660=CARTESIAN_POINT('',(918.049538596435,-1460.17993447579,0.916938189989139));
#2661=CARTESIAN_POINT('',(918.11203875504,-1461.4306356029,0.999938189990492));
#2662=CARTESIAN_POINT('',(918.11203875504,-1461.4306356029,0.916938189989268));
#2663=CARTESIAN_POINT('',(918.08078875504,-1461.43063560687,0.999938189990359));
#2664=CARTESIAN_POINT('',(918.11203875504,-1461.4306356029,0.999938189990359));
#2665=CARTESIAN_POINT('',(918.04953875504,-1461.43063561083,0.999938189990359));
#2666=CARTESIAN_POINT('',(918.08078875504,-1461.43063560687,0.916938189989366));
#2667=CARTESIAN_POINT('',(918.11203875504,-1461.4306356029,0.916938189989366));
#2668=CARTESIAN_POINT('',(918.04953875504,-1461.43063561083,0.916938189989366));
#2669=CARTESIAN_POINT('',(930.987038596461,-1460.17993283516,0.999938189990606));
#2670=CARTESIAN_POINT('',(930.987038596461,-1460.17993283516,0.916938189989381));
#2671=CARTESIAN_POINT('',(930.955788596461,-1460.17993283912,0.999938189990359));
#2672=CARTESIAN_POINT('',(930.987038596461,-1460.17993283516,0.999938189990359));
#2673=CARTESIAN_POINT('',(930.92453859646,-1460.17993284308,0.999938189990359));
#2674=CARTESIAN_POINT('',(930.955788596461,-1460.17993283912,0.916938189989139));
#2675=CARTESIAN_POINT('',(930.987038596461,-1460.17993283516,0.916938189989139));
#2676=CARTESIAN_POINT('',(930.924538596461,-1460.17993284308,0.916938189989139));
#2677=CARTESIAN_POINT('',(930.987038755066,-1461.43063397019,0.999938189990606));
#2678=CARTESIAN_POINT('',(930.987038755066,-1461.43063397019,0.916938189989381));
#2679=CARTESIAN_POINT('',(930.955788755065,-1461.43063397416,0.999938189990359));
#2680=CARTESIAN_POINT('',(930.987038755066,-1461.43063397019,0.999938189990359));
#2681=CARTESIAN_POINT('',(930.924538755065,-1461.43063397812,0.999938189990359));
#2682=CARTESIAN_POINT('',(930.955788755066,-1461.43063397416,0.916938189989366));
#2683=CARTESIAN_POINT('',(930.987038755066,-1461.43063397019,0.916938189989366));
#2684=CARTESIAN_POINT('',(930.924538755066,-1461.43063397812,0.916938189989366));
#2685=CARTESIAN_POINT('',(937.987038755083,-1461.4306330825,0.999938189990492));
#2686=CARTESIAN_POINT('',(937.987038755083,-1461.4306330825,0.916938189989495));
#2687=CARTESIAN_POINT('',(937.955788755083,-1461.43063308647,0.999938189990359));
#2688=CARTESIAN_POINT('',(937.987038755083,-1461.4306330825,0.999938189990359));
#2689=CARTESIAN_POINT('',(937.924538755083,-1461.43063309043,0.999938189990359));
#2690=CARTESIAN_POINT('',(937.955788755084,-1461.43063308647,0.916938189989139));
#2691=CARTESIAN_POINT('',(937.987038755083,-1461.4306330825,0.916938189989139));
#2692=CARTESIAN_POINT('',(937.924538755084,-1461.43063309043,0.916938189989139));
#2693=CARTESIAN_POINT('',(937.987038596479,-1460.17993194747,0.999938189990492));
#2694=CARTESIAN_POINT('',(937.987038596479,-1460.17993194747,0.916938189989495));
#2695=CARTESIAN_POINT('',(937.955788596479,-1460.17993195143,0.999938189990359));
#2696=CARTESIAN_POINT('',(937.987038596479,-1460.17993194747,0.999938189990359));
#2697=CARTESIAN_POINT('',(937.924538596479,-1460.1799319554,0.999938189990359));
#2698=CARTESIAN_POINT('',(937.955788596479,-1460.17993195143,0.916938189989139));
#2699=CARTESIAN_POINT('',(937.987038596479,-1460.17993194747,0.916938189989139));
#2700=CARTESIAN_POINT('',(937.924538596479,-1460.1799319554,0.916938189989139));
#2701=CARTESIAN_POINT('',(950.862038596462,-1460.17993031476,0.999938189990606));
#2702=CARTESIAN_POINT('',(950.862038596462,-1460.17993031476,0.916938189989495));
#2703=CARTESIAN_POINT('',(950.830788596462,-1460.17993031872,0.999938189990359));
#2704=CARTESIAN_POINT('',(950.862038596462,-1460.17993031476,0.999938189990359));
#2705=CARTESIAN_POINT('',(950.799538596462,-1460.17993032268,0.999938189990359));
#2706=CARTESIAN_POINT('',(950.830788596462,-1460.17993031872,0.916938189989366));
#2707=CARTESIAN_POINT('',(950.862038596462,-1460.17993031476,0.916938189989366));
#2708=CARTESIAN_POINT('',(950.799538596462,-1460.17993032268,0.916938189989366));
#2709=CARTESIAN_POINT('',(950.862038755066,-1461.43063144979,0.999938189990606));
#2710=CARTESIAN_POINT('',(950.862038755066,-1461.43063144979,0.916938189989495));
#2711=CARTESIAN_POINT('',(950.830788755066,-1461.43063145376,0.999938189990359));
#2712=CARTESIAN_POINT('',(950.862038755066,-1461.43063144979,0.999938189990359));
#2713=CARTESIAN_POINT('',(950.799538755066,-1461.43063145772,0.999938189990359));
#2714=CARTESIAN_POINT('',(950.830788755067,-1461.43063145376,0.916938189989366));
#2715=CARTESIAN_POINT('',(950.862038755066,-1461.43063144979,0.916938189989366));
#2716=CARTESIAN_POINT('',(950.799538755067,-1461.43063145772,0.916938189989366));
#2717=CARTESIAN_POINT('',(963.737038596487,-1460.17992868205,0.999938189990606));
#2718=CARTESIAN_POINT('',(963.737038596487,-1460.17992868205,0.916938189989495));
#2719=CARTESIAN_POINT('',(963.705788596487,-1460.17992868601,0.999938189990359));
#2720=CARTESIAN_POINT('',(963.737038596487,-1460.17992868205,0.999938189990359));
#2721=CARTESIAN_POINT('',(963.674538596488,-1460.17992868997,0.999938189990359));
#2722=CARTESIAN_POINT('',(963.705788596488,-1460.17992868601,0.916938189989366));
#2723=CARTESIAN_POINT('',(963.737038596487,-1460.17992868205,0.916938189989366));
#2724=CARTESIAN_POINT('',(963.674538596488,-1460.17992868997,0.916938189989366));
#2725=CARTESIAN_POINT('',(963.737038755092,-1461.43062981708,0.999938189990606));
#2726=CARTESIAN_POINT('',(963.737038755092,-1461.43062981708,0.916938189989495));
#2727=CARTESIAN_POINT('',(963.705788755092,-1461.43062982105,0.999938189990359));
#2728=CARTESIAN_POINT('',(963.737038755092,-1461.43062981708,0.999938189990359));
#2729=CARTESIAN_POINT('',(963.674538755092,-1461.43062982501,0.999938189990359));
#2730=CARTESIAN_POINT('',(963.705788755092,-1461.43062982105,0.916938189989366));
#2731=CARTESIAN_POINT('',(963.737038755092,-1461.43062981708,0.916938189989366));
#2732=CARTESIAN_POINT('',(963.674538755091,-1461.43062982501,0.916938189989366));
#2733=CARTESIAN_POINT('',(870.880775979601,-1460.80529102491,0.9169381899896));
#2734=CARTESIAN_POINT('',(870.880775979601,-1460.80529102491,0.999938189990826));
#2735=CARTESIAN_POINT('',(870.955775979601,-1460.8052910154,0.999938189990822));
#2736=CARTESIAN_POINT('',(870.880775979601,-1460.80529102491,0.999938189990822));
#2737=CARTESIAN_POINT('',(871.030775979601,-1460.80529100589,0.999938189990822));
#2738=CARTESIAN_POINT('',(870.955775979601,-1460.8052910154,0.916938189989599));
#2739=CARTESIAN_POINT('',(870.880775979601,-1460.80529102491,0.916938189989599));
#2740=CARTESIAN_POINT('',(871.030775979601,-1460.80529100589,0.916938189989599));
#2741=CARTESIAN_POINT('',(965.280799826257,-1460.8052790538,0.916938189989815));
#2742=CARTESIAN_POINT('',(965.280799826257,-1460.8052790538,0.999938189991041));
#2743=CARTESIAN_POINT('',(965.205799826257,-1460.80527906332,0.999938189991037));
#2744=CARTESIAN_POINT('',(965.280799826257,-1460.8052790538,0.999938189991037));
#2745=CARTESIAN_POINT('',(965.130799826257,-1460.80527907283,0.999938189991037));
#2746=CARTESIAN_POINT('',(965.205799826257,-1460.80527906332,0.916938189989815));
#2747=CARTESIAN_POINT('',(965.280799826257,-1460.8052790538,0.916938189989815));
#2748=CARTESIAN_POINT('',(965.130799826257,-1460.80527907283,0.916938189989815));
#2749=CARTESIAN_POINT('',(0.,0.,0.));
ENDSEC;
END-ISO-10303-21;
