ISO-10303-21;
HEADER;
/* Generated by software containing ST-Developer
 * from STEP Tools, Inc. (www.steptools.com) 
 */
/* OPTION: using custom schema-name function */

FILE_DESCRIPTION(
/* description */ (''),
/* implementation_level */ '2;1');

FILE_NAME(
/* name */ 'EL Vertical Support Type A x4',
/* time_stamp */ '2024-03-03T17:19:55-06:00',
/* author */ (''),
/* organization */ (''),
/* preprocessor_version */ 'ST-DEVELOPER v19.2',
/* originating_system */ 'Rhino 8.4',
/* authorisation */ '');

FILE_SCHEMA (('CONFIG_CONTROL_DESIGN'));
ENDSEC;

DATA;
#10=SHAPE_REPRESENTATION_RELATIONSHIP('','',#2935,#12);
#11=MANIFOLD_SOLID_BREP('brep_1',#13);
#12=ADVANCED_BREP_SHAPE_REPRESENTATION('brep_rep_0',(#11,#3289),#2934);
#13=CLOSED_SHELL('',(#110,#111,#112,#113,#114,#115,#116,#117,#118,#119,
#120,#121,#122,#123,#124,#125,#126,#127,#128,#129,#130,#131,#132,#133,#134,
#135,#136,#137,#138,#139,#140,#141,#142,#143,#144,#145,#146,#147,#148,#149,
#150,#151,#152,#153,#154,#155,#156,#157,#158,#159,#160,#161,#162,#163,#164,
#165,#166,#167,#168,#169,#170,#171,#172,#173,#174,#175,#176,#177,#178,#179,
#180,#181,#182,#183,#184,#185,#186,#187,#188,#189,#190,#191,#192,#193,#194,
#195,#196,#197,#198,#199,#200,#201,#202,#203,#204,#205,#206,#207,#208,#209,
#210,#211,#212,#213,#214,#215,#216,#217,#218,#219,#220,#221,#222,#223,#224,
#225,#226,#227,#228,#229,#230,#231,#232,#233,#234,#235,#236,#237,#238,#239,
#240,#241,#242,#243,#244,#245,#246,#247,#248,#249,#250,#251,#252,#253));
#14=FACE_BOUND('',#401,.T.);
#15=FACE_BOUND('',#402,.T.);
#16=FACE_BOUND('',#403,.T.);
#17=FACE_BOUND('',#404,.T.);
#18=FACE_BOUND('',#405,.T.);
#19=FACE_BOUND('',#406,.T.);
#20=FACE_BOUND('',#407,.T.);
#21=FACE_BOUND('',#408,.T.);
#22=FACE_BOUND('',#409,.T.);
#23=FACE_BOUND('',#410,.T.);
#24=FACE_BOUND('',#411,.T.);
#25=FACE_BOUND('',#412,.T.);
#26=FACE_BOUND('',#413,.T.);
#27=FACE_BOUND('',#414,.T.);
#28=FACE_BOUND('',#415,.T.);
#29=FACE_BOUND('',#416,.T.);
#30=FACE_BOUND('',#417,.T.);
#31=FACE_BOUND('',#418,.T.);
#32=FACE_BOUND('',#419,.T.);
#33=FACE_BOUND('',#420,.T.);
#34=FACE_BOUND('',#421,.T.);
#35=FACE_BOUND('',#422,.T.);
#36=FACE_BOUND('',#423,.T.);
#37=FACE_BOUND('',#424,.T.);
#38=FACE_BOUND('',#429,.T.);
#39=FACE_BOUND('',#430,.T.);
#40=FACE_BOUND('',#431,.T.);
#41=FACE_BOUND('',#432,.T.);
#42=FACE_BOUND('',#433,.T.);
#43=FACE_BOUND('',#434,.T.);
#44=FACE_BOUND('',#435,.T.);
#45=FACE_BOUND('',#436,.T.);
#46=FACE_BOUND('',#437,.T.);
#47=FACE_BOUND('',#438,.T.);
#48=FACE_BOUND('',#439,.T.);
#49=FACE_BOUND('',#440,.T.);
#50=FACE_BOUND('',#441,.T.);
#51=FACE_BOUND('',#442,.T.);
#52=FACE_BOUND('',#443,.T.);
#53=FACE_BOUND('',#444,.T.);
#54=FACE_BOUND('',#445,.T.);
#55=FACE_BOUND('',#446,.T.);
#56=FACE_BOUND('',#447,.T.);
#57=FACE_BOUND('',#448,.T.);
#58=FACE_BOUND('',#449,.T.);
#59=FACE_BOUND('',#450,.T.);
#60=FACE_BOUND('',#451,.T.);
#61=FACE_BOUND('',#452,.T.);
#62=FACE_BOUND('',#457,.T.);
#63=FACE_BOUND('',#458,.T.);
#64=FACE_BOUND('',#459,.T.);
#65=FACE_BOUND('',#460,.T.);
#66=FACE_BOUND('',#461,.T.);
#67=FACE_BOUND('',#462,.T.);
#68=FACE_BOUND('',#463,.T.);
#69=FACE_BOUND('',#464,.T.);
#70=FACE_BOUND('',#465,.T.);
#71=FACE_BOUND('',#466,.T.);
#72=FACE_BOUND('',#467,.T.);
#73=FACE_BOUND('',#468,.T.);
#74=FACE_BOUND('',#469,.T.);
#75=FACE_BOUND('',#470,.T.);
#76=FACE_BOUND('',#471,.T.);
#77=FACE_BOUND('',#472,.T.);
#78=FACE_BOUND('',#473,.T.);
#79=FACE_BOUND('',#474,.T.);
#80=FACE_BOUND('',#475,.T.);
#81=FACE_BOUND('',#476,.T.);
#82=FACE_BOUND('',#477,.T.);
#83=FACE_BOUND('',#478,.T.);
#84=FACE_BOUND('',#479,.T.);
#85=FACE_BOUND('',#480,.T.);
#86=FACE_BOUND('',#485,.T.);
#87=FACE_BOUND('',#486,.T.);
#88=FACE_BOUND('',#487,.T.);
#89=FACE_BOUND('',#488,.T.);
#90=FACE_BOUND('',#489,.T.);
#91=FACE_BOUND('',#490,.T.);
#92=FACE_BOUND('',#491,.T.);
#93=FACE_BOUND('',#492,.T.);
#94=FACE_BOUND('',#493,.T.);
#95=FACE_BOUND('',#494,.T.);
#96=FACE_BOUND('',#495,.T.);
#97=FACE_BOUND('',#496,.T.);
#98=FACE_BOUND('',#497,.T.);
#99=FACE_BOUND('',#498,.T.);
#100=FACE_BOUND('',#499,.T.);
#101=FACE_BOUND('',#500,.T.);
#102=FACE_BOUND('',#501,.T.);
#103=FACE_BOUND('',#502,.T.);
#104=FACE_BOUND('',#503,.T.);
#105=FACE_BOUND('',#504,.T.);
#106=FACE_BOUND('',#505,.T.);
#107=FACE_BOUND('',#506,.T.);
#108=FACE_BOUND('',#507,.T.);
#109=FACE_BOUND('',#508,.T.);
#110=ADVANCED_FACE('',(#254),#2806,.T.);
#111=ADVANCED_FACE('',(#255),#2702,.T.);
#112=ADVANCED_FACE('',(#256,#14,#15,#16,#17,#18,#19,#20,#21,#22,#23,#24,
#25,#26,#27,#28,#29,#30,#31,#32,#33,#34,#35,#36,#37),#2807,.T.);
#113=ADVANCED_FACE('',(#257),#2703,.T.);
#114=ADVANCED_FACE('',(#258),#2808,.T.);
#115=ADVANCED_FACE('',(#259),#2704,.T.);
#116=ADVANCED_FACE('',(#260,#38,#39,#40,#41,#42,#43,#44,#45,#46,#47,#48,
#49,#50,#51,#52,#53,#54,#55,#56,#57,#58,#59,#60,#61),#2809,.T.);
#117=ADVANCED_FACE('',(#261),#2705,.T.);
#118=ADVANCED_FACE('',(#262),#2810,.T.);
#119=ADVANCED_FACE('',(#263),#2706,.F.);
#120=ADVANCED_FACE('',(#264,#62,#63,#64,#65,#66,#67,#68,#69,#70,#71,#72,
#73,#74,#75,#76,#77,#78,#79,#80,#81,#82,#83,#84,#85),#2811,.T.);
#121=ADVANCED_FACE('',(#265),#2707,.F.);
#122=ADVANCED_FACE('',(#266),#2812,.T.);
#123=ADVANCED_FACE('',(#267),#2708,.F.);
#124=ADVANCED_FACE('',(#268,#86,#87,#88,#89,#90,#91,#92,#93,#94,#95,#96,
#97,#98,#99,#100,#101,#102,#103,#104,#105,#106,#107,#108,#109),#2813,.T.);
#125=ADVANCED_FACE('',(#269),#2709,.F.);
#126=ADVANCED_FACE('',(#270),#2814,.T.);
#127=ADVANCED_FACE('',(#271),#2815,.T.);
#128=ADVANCED_FACE('',(#272),#2816,.T.);
#129=ADVANCED_FACE('',(#273),#2817,.T.);
#130=ADVANCED_FACE('',(#274),#2818,.T.);
#131=ADVANCED_FACE('',(#275),#2819,.T.);
#132=ADVANCED_FACE('',(#276),#2820,.T.);
#133=ADVANCED_FACE('',(#277),#2821,.T.);
#134=ADVANCED_FACE('',(#278),#2822,.T.);
#135=ADVANCED_FACE('',(#279),#2823,.T.);
#136=ADVANCED_FACE('',(#280),#2824,.T.);
#137=ADVANCED_FACE('',(#281),#2825,.T.);
#138=ADVANCED_FACE('',(#282),#2826,.T.);
#139=ADVANCED_FACE('',(#283),#2827,.T.);
#140=ADVANCED_FACE('',(#284),#2828,.T.);
#141=ADVANCED_FACE('',(#285),#2829,.T.);
#142=ADVANCED_FACE('',(#286),#2718,.F.);
#143=ADVANCED_FACE('',(#287),#2720,.F.);
#144=ADVANCED_FACE('',(#288),#2722,.F.);
#145=ADVANCED_FACE('',(#289),#2724,.F.);
#146=ADVANCED_FACE('',(#290),#2726,.F.);
#147=ADVANCED_FACE('',(#291),#2728,.F.);
#148=ADVANCED_FACE('',(#292),#2730,.F.);
#149=ADVANCED_FACE('',(#293),#2732,.F.);
#150=ADVANCED_FACE('',(#294),#2734,.F.);
#151=ADVANCED_FACE('',(#295),#2736,.F.);
#152=ADVANCED_FACE('',(#296),#2738,.F.);
#153=ADVANCED_FACE('',(#297),#2740,.F.);
#154=ADVANCED_FACE('',(#298),#2798,.F.);
#155=ADVANCED_FACE('',(#299),#2710,.F.);
#156=ADVANCED_FACE('',(#300),#2838,.T.);
#157=ADVANCED_FACE('',(#301),#2830,.T.);
#158=ADVANCED_FACE('',(#302),#2799,.F.);
#159=ADVANCED_FACE('',(#303),#2711,.F.);
#160=ADVANCED_FACE('',(#304),#2839,.T.);
#161=ADVANCED_FACE('',(#305),#2831,.T.);
#162=ADVANCED_FACE('',(#306),#2800,.F.);
#163=ADVANCED_FACE('',(#307),#2712,.F.);
#164=ADVANCED_FACE('',(#308),#2840,.T.);
#165=ADVANCED_FACE('',(#309),#2832,.T.);
#166=ADVANCED_FACE('',(#310),#2801,.F.);
#167=ADVANCED_FACE('',(#311),#2713,.F.);
#168=ADVANCED_FACE('',(#312),#2841,.T.);
#169=ADVANCED_FACE('',(#313),#2833,.T.);
#170=ADVANCED_FACE('',(#314),#2742,.F.);
#171=ADVANCED_FACE('',(#315),#2744,.F.);
#172=ADVANCED_FACE('',(#316),#2746,.F.);
#173=ADVANCED_FACE('',(#317),#2748,.F.);
#174=ADVANCED_FACE('',(#318),#2750,.F.);
#175=ADVANCED_FACE('',(#319),#2752,.F.);
#176=ADVANCED_FACE('',(#320),#2754,.F.);
#177=ADVANCED_FACE('',(#321),#2756,.F.);
#178=ADVANCED_FACE('',(#322),#2758,.F.);
#179=ADVANCED_FACE('',(#323),#2760,.F.);
#180=ADVANCED_FACE('',(#324),#2762,.F.);
#181=ADVANCED_FACE('',(#325),#2764,.F.);
#182=ADVANCED_FACE('',(#326),#2766,.F.);
#183=ADVANCED_FACE('',(#327),#2768,.F.);
#184=ADVANCED_FACE('',(#328),#2770,.F.);
#185=ADVANCED_FACE('',(#329),#2772,.F.);
#186=ADVANCED_FACE('',(#330),#2774,.F.);
#187=ADVANCED_FACE('',(#331),#2776,.F.);
#188=ADVANCED_FACE('',(#332),#2778,.F.);
#189=ADVANCED_FACE('',(#333),#2780,.F.);
#190=ADVANCED_FACE('',(#334),#2782,.F.);
#191=ADVANCED_FACE('',(#335),#2784,.F.);
#192=ADVANCED_FACE('',(#336),#2786,.F.);
#193=ADVANCED_FACE('',(#337),#2788,.F.);
#194=ADVANCED_FACE('',(#338),#2802,.F.);
#195=ADVANCED_FACE('',(#339),#2714,.F.);
#196=ADVANCED_FACE('',(#340),#2842,.T.);
#197=ADVANCED_FACE('',(#341),#2834,.T.);
#198=ADVANCED_FACE('',(#342),#2803,.F.);
#199=ADVANCED_FACE('',(#343),#2715,.F.);
#200=ADVANCED_FACE('',(#344),#2843,.T.);
#201=ADVANCED_FACE('',(#345),#2835,.T.);
#202=ADVANCED_FACE('',(#346),#2804,.F.);
#203=ADVANCED_FACE('',(#347),#2716,.F.);
#204=ADVANCED_FACE('',(#348),#2844,.T.);
#205=ADVANCED_FACE('',(#349),#2836,.T.);
#206=ADVANCED_FACE('',(#350),#2805,.F.);
#207=ADVANCED_FACE('',(#351),#2717,.F.);
#208=ADVANCED_FACE('',(#352),#2845,.T.);
#209=ADVANCED_FACE('',(#353),#2837,.T.);
#210=ADVANCED_FACE('',(#354),#2790,.F.);
#211=ADVANCED_FACE('',(#355),#2792,.F.);
#212=ADVANCED_FACE('',(#356),#2794,.F.);
#213=ADVANCED_FACE('',(#357),#2796,.F.);
#214=ADVANCED_FACE('',(#358),#2719,.F.);
#215=ADVANCED_FACE('',(#359),#2721,.F.);
#216=ADVANCED_FACE('',(#360),#2723,.F.);
#217=ADVANCED_FACE('',(#361),#2725,.F.);
#218=ADVANCED_FACE('',(#362),#2727,.F.);
#219=ADVANCED_FACE('',(#363),#2729,.F.);
#220=ADVANCED_FACE('',(#364),#2731,.F.);
#221=ADVANCED_FACE('',(#365),#2733,.F.);
#222=ADVANCED_FACE('',(#366),#2735,.F.);
#223=ADVANCED_FACE('',(#367),#2737,.F.);
#224=ADVANCED_FACE('',(#368),#2739,.F.);
#225=ADVANCED_FACE('',(#369),#2741,.F.);
#226=ADVANCED_FACE('',(#370),#2743,.F.);
#227=ADVANCED_FACE('',(#371),#2745,.F.);
#228=ADVANCED_FACE('',(#372),#2747,.F.);
#229=ADVANCED_FACE('',(#373),#2749,.F.);
#230=ADVANCED_FACE('',(#374),#2751,.F.);
#231=ADVANCED_FACE('',(#375),#2753,.F.);
#232=ADVANCED_FACE('',(#376),#2755,.F.);
#233=ADVANCED_FACE('',(#377),#2757,.F.);
#234=ADVANCED_FACE('',(#378),#2759,.F.);
#235=ADVANCED_FACE('',(#379),#2761,.F.);
#236=ADVANCED_FACE('',(#380),#2763,.F.);
#237=ADVANCED_FACE('',(#381),#2765,.F.);
#238=ADVANCED_FACE('',(#382),#2767,.F.);
#239=ADVANCED_FACE('',(#383),#2769,.F.);
#240=ADVANCED_FACE('',(#384),#2771,.F.);
#241=ADVANCED_FACE('',(#385),#2773,.F.);
#242=ADVANCED_FACE('',(#386),#2775,.F.);
#243=ADVANCED_FACE('',(#387),#2777,.F.);
#244=ADVANCED_FACE('',(#388),#2779,.F.);
#245=ADVANCED_FACE('',(#389),#2781,.F.);
#246=ADVANCED_FACE('',(#390),#2783,.F.);
#247=ADVANCED_FACE('',(#391),#2785,.F.);
#248=ADVANCED_FACE('',(#392),#2787,.F.);
#249=ADVANCED_FACE('',(#393),#2789,.F.);
#250=ADVANCED_FACE('',(#394),#2791,.F.);
#251=ADVANCED_FACE('',(#395),#2793,.F.);
#252=ADVANCED_FACE('',(#396),#2795,.F.);
#253=ADVANCED_FACE('',(#397),#2797,.F.);
#254=FACE_OUTER_BOUND('',#398,.T.);
#255=FACE_OUTER_BOUND('',#399,.T.);
#256=FACE_OUTER_BOUND('',#400,.T.);
#257=FACE_OUTER_BOUND('',#425,.T.);
#258=FACE_OUTER_BOUND('',#426,.T.);
#259=FACE_OUTER_BOUND('',#427,.T.);
#260=FACE_OUTER_BOUND('',#428,.T.);
#261=FACE_OUTER_BOUND('',#453,.T.);
#262=FACE_OUTER_BOUND('',#454,.T.);
#263=FACE_OUTER_BOUND('',#455,.T.);
#264=FACE_OUTER_BOUND('',#456,.T.);
#265=FACE_OUTER_BOUND('',#481,.T.);
#266=FACE_OUTER_BOUND('',#482,.T.);
#267=FACE_OUTER_BOUND('',#483,.T.);
#268=FACE_OUTER_BOUND('',#484,.T.);
#269=FACE_OUTER_BOUND('',#509,.T.);
#270=FACE_OUTER_BOUND('',#510,.T.);
#271=FACE_OUTER_BOUND('',#511,.T.);
#272=FACE_OUTER_BOUND('',#512,.T.);
#273=FACE_OUTER_BOUND('',#513,.T.);
#274=FACE_OUTER_BOUND('',#514,.T.);
#275=FACE_OUTER_BOUND('',#515,.T.);
#276=FACE_OUTER_BOUND('',#516,.T.);
#277=FACE_OUTER_BOUND('',#517,.T.);
#278=FACE_OUTER_BOUND('',#518,.T.);
#279=FACE_OUTER_BOUND('',#519,.T.);
#280=FACE_OUTER_BOUND('',#520,.T.);
#281=FACE_OUTER_BOUND('',#521,.T.);
#282=FACE_OUTER_BOUND('',#522,.T.);
#283=FACE_OUTER_BOUND('',#523,.T.);
#284=FACE_OUTER_BOUND('',#524,.T.);
#285=FACE_OUTER_BOUND('',#525,.T.);
#286=FACE_OUTER_BOUND('',#526,.T.);
#287=FACE_OUTER_BOUND('',#527,.T.);
#288=FACE_OUTER_BOUND('',#528,.T.);
#289=FACE_OUTER_BOUND('',#529,.T.);
#290=FACE_OUTER_BOUND('',#530,.T.);
#291=FACE_OUTER_BOUND('',#531,.T.);
#292=FACE_OUTER_BOUND('',#532,.T.);
#293=FACE_OUTER_BOUND('',#533,.T.);
#294=FACE_OUTER_BOUND('',#534,.T.);
#295=FACE_OUTER_BOUND('',#535,.T.);
#296=FACE_OUTER_BOUND('',#536,.T.);
#297=FACE_OUTER_BOUND('',#537,.T.);
#298=FACE_OUTER_BOUND('',#538,.T.);
#299=FACE_OUTER_BOUND('',#539,.T.);
#300=FACE_OUTER_BOUND('',#540,.T.);
#301=FACE_OUTER_BOUND('',#541,.T.);
#302=FACE_OUTER_BOUND('',#542,.T.);
#303=FACE_OUTER_BOUND('',#543,.T.);
#304=FACE_OUTER_BOUND('',#544,.T.);
#305=FACE_OUTER_BOUND('',#545,.T.);
#306=FACE_OUTER_BOUND('',#546,.T.);
#307=FACE_OUTER_BOUND('',#547,.T.);
#308=FACE_OUTER_BOUND('',#548,.T.);
#309=FACE_OUTER_BOUND('',#549,.T.);
#310=FACE_OUTER_BOUND('',#550,.T.);
#311=FACE_OUTER_BOUND('',#551,.T.);
#312=FACE_OUTER_BOUND('',#552,.T.);
#313=FACE_OUTER_BOUND('',#553,.T.);
#314=FACE_OUTER_BOUND('',#554,.T.);
#315=FACE_OUTER_BOUND('',#555,.T.);
#316=FACE_OUTER_BOUND('',#556,.T.);
#317=FACE_OUTER_BOUND('',#557,.T.);
#318=FACE_OUTER_BOUND('',#558,.T.);
#319=FACE_OUTER_BOUND('',#559,.T.);
#320=FACE_OUTER_BOUND('',#560,.T.);
#321=FACE_OUTER_BOUND('',#561,.T.);
#322=FACE_OUTER_BOUND('',#562,.T.);
#323=FACE_OUTER_BOUND('',#563,.T.);
#324=FACE_OUTER_BOUND('',#564,.T.);
#325=FACE_OUTER_BOUND('',#565,.T.);
#326=FACE_OUTER_BOUND('',#566,.T.);
#327=FACE_OUTER_BOUND('',#567,.T.);
#328=FACE_OUTER_BOUND('',#568,.T.);
#329=FACE_OUTER_BOUND('',#569,.T.);
#330=FACE_OUTER_BOUND('',#570,.T.);
#331=FACE_OUTER_BOUND('',#571,.T.);
#332=FACE_OUTER_BOUND('',#572,.T.);
#333=FACE_OUTER_BOUND('',#573,.T.);
#334=FACE_OUTER_BOUND('',#574,.T.);
#335=FACE_OUTER_BOUND('',#575,.T.);
#336=FACE_OUTER_BOUND('',#576,.T.);
#337=FACE_OUTER_BOUND('',#577,.T.);
#338=FACE_OUTER_BOUND('',#578,.T.);
#339=FACE_OUTER_BOUND('',#579,.T.);
#340=FACE_OUTER_BOUND('',#580,.T.);
#341=FACE_OUTER_BOUND('',#581,.T.);
#342=FACE_OUTER_BOUND('',#582,.T.);
#343=FACE_OUTER_BOUND('',#583,.T.);
#344=FACE_OUTER_BOUND('',#584,.T.);
#345=FACE_OUTER_BOUND('',#585,.T.);
#346=FACE_OUTER_BOUND('',#586,.T.);
#347=FACE_OUTER_BOUND('',#587,.T.);
#348=FACE_OUTER_BOUND('',#588,.T.);
#349=FACE_OUTER_BOUND('',#589,.T.);
#350=FACE_OUTER_BOUND('',#590,.T.);
#351=FACE_OUTER_BOUND('',#591,.T.);
#352=FACE_OUTER_BOUND('',#592,.T.);
#353=FACE_OUTER_BOUND('',#593,.T.);
#354=FACE_OUTER_BOUND('',#594,.T.);
#355=FACE_OUTER_BOUND('',#595,.T.);
#356=FACE_OUTER_BOUND('',#596,.T.);
#357=FACE_OUTER_BOUND('',#597,.T.);
#358=FACE_OUTER_BOUND('',#598,.T.);
#359=FACE_OUTER_BOUND('',#599,.T.);
#360=FACE_OUTER_BOUND('',#600,.T.);
#361=FACE_OUTER_BOUND('',#601,.T.);
#362=FACE_OUTER_BOUND('',#602,.T.);
#363=FACE_OUTER_BOUND('',#603,.T.);
#364=FACE_OUTER_BOUND('',#604,.T.);
#365=FACE_OUTER_BOUND('',#605,.T.);
#366=FACE_OUTER_BOUND('',#606,.T.);
#367=FACE_OUTER_BOUND('',#607,.T.);
#368=FACE_OUTER_BOUND('',#608,.T.);
#369=FACE_OUTER_BOUND('',#609,.T.);
#370=FACE_OUTER_BOUND('',#610,.T.);
#371=FACE_OUTER_BOUND('',#611,.T.);
#372=FACE_OUTER_BOUND('',#612,.T.);
#373=FACE_OUTER_BOUND('',#613,.T.);
#374=FACE_OUTER_BOUND('',#614,.T.);
#375=FACE_OUTER_BOUND('',#615,.T.);
#376=FACE_OUTER_BOUND('',#616,.T.);
#377=FACE_OUTER_BOUND('',#617,.T.);
#378=FACE_OUTER_BOUND('',#618,.T.);
#379=FACE_OUTER_BOUND('',#619,.T.);
#380=FACE_OUTER_BOUND('',#620,.T.);
#381=FACE_OUTER_BOUND('',#621,.T.);
#382=FACE_OUTER_BOUND('',#622,.T.);
#383=FACE_OUTER_BOUND('',#623,.T.);
#384=FACE_OUTER_BOUND('',#624,.T.);
#385=FACE_OUTER_BOUND('',#625,.T.);
#386=FACE_OUTER_BOUND('',#626,.T.);
#387=FACE_OUTER_BOUND('',#627,.T.);
#388=FACE_OUTER_BOUND('',#628,.T.);
#389=FACE_OUTER_BOUND('',#629,.T.);
#390=FACE_OUTER_BOUND('',#630,.T.);
#391=FACE_OUTER_BOUND('',#631,.T.);
#392=FACE_OUTER_BOUND('',#632,.T.);
#393=FACE_OUTER_BOUND('',#633,.T.);
#394=FACE_OUTER_BOUND('',#634,.T.);
#395=FACE_OUTER_BOUND('',#635,.T.);
#396=FACE_OUTER_BOUND('',#636,.T.);
#397=FACE_OUTER_BOUND('',#637,.T.);
#398=EDGE_LOOP('',(#638,#639,#640,#641));
#399=EDGE_LOOP('',(#642,#643,#644,#645));
#400=EDGE_LOOP('',(#646,#647,#648,#649));
#401=EDGE_LOOP('',(#650,#651));
#402=EDGE_LOOP('',(#652,#653));
#403=EDGE_LOOP('',(#654,#655));
#404=EDGE_LOOP('',(#656,#657));
#405=EDGE_LOOP('',(#658,#659));
#406=EDGE_LOOP('',(#660,#661));
#407=EDGE_LOOP('',(#662,#663,#664,#665));
#408=EDGE_LOOP('',(#666,#667,#668,#669));
#409=EDGE_LOOP('',(#670,#671));
#410=EDGE_LOOP('',(#672,#673));
#411=EDGE_LOOP('',(#674,#675));
#412=EDGE_LOOP('',(#676,#677));
#413=EDGE_LOOP('',(#678,#679));
#414=EDGE_LOOP('',(#680,#681));
#415=EDGE_LOOP('',(#682,#683));
#416=EDGE_LOOP('',(#684,#685));
#417=EDGE_LOOP('',(#686,#687));
#418=EDGE_LOOP('',(#688,#689));
#419=EDGE_LOOP('',(#690,#691));
#420=EDGE_LOOP('',(#692,#693));
#421=EDGE_LOOP('',(#694,#695,#696,#697));
#422=EDGE_LOOP('',(#698,#699,#700,#701));
#423=EDGE_LOOP('',(#702,#703));
#424=EDGE_LOOP('',(#704,#705));
#425=EDGE_LOOP('',(#706,#707,#708,#709));
#426=EDGE_LOOP('',(#710,#711,#712,#713));
#427=EDGE_LOOP('',(#714,#715,#716,#717));
#428=EDGE_LOOP('',(#718,#719,#720,#721));
#429=EDGE_LOOP('',(#722,#723));
#430=EDGE_LOOP('',(#724,#725));
#431=EDGE_LOOP('',(#726,#727));
#432=EDGE_LOOP('',(#728,#729));
#433=EDGE_LOOP('',(#730,#731));
#434=EDGE_LOOP('',(#732,#733));
#435=EDGE_LOOP('',(#734,#735,#736,#737));
#436=EDGE_LOOP('',(#738,#739,#740,#741));
#437=EDGE_LOOP('',(#742,#743));
#438=EDGE_LOOP('',(#744,#745));
#439=EDGE_LOOP('',(#746,#747));
#440=EDGE_LOOP('',(#748,#749));
#441=EDGE_LOOP('',(#750,#751));
#442=EDGE_LOOP('',(#752,#753));
#443=EDGE_LOOP('',(#754,#755));
#444=EDGE_LOOP('',(#756,#757));
#445=EDGE_LOOP('',(#758,#759));
#446=EDGE_LOOP('',(#760,#761));
#447=EDGE_LOOP('',(#762,#763));
#448=EDGE_LOOP('',(#764,#765));
#449=EDGE_LOOP('',(#766,#767,#768,#769));
#450=EDGE_LOOP('',(#770,#771,#772,#773));
#451=EDGE_LOOP('',(#774,#775));
#452=EDGE_LOOP('',(#776,#777));
#453=EDGE_LOOP('',(#778,#779,#780,#781));
#454=EDGE_LOOP('',(#782,#783,#784,#785));
#455=EDGE_LOOP('',(#786,#787,#788,#789));
#456=EDGE_LOOP('',(#790,#791,#792,#793));
#457=EDGE_LOOP('',(#794,#795));
#458=EDGE_LOOP('',(#796,#797));
#459=EDGE_LOOP('',(#798,#799));
#460=EDGE_LOOP('',(#800,#801));
#461=EDGE_LOOP('',(#802,#803));
#462=EDGE_LOOP('',(#804,#805));
#463=EDGE_LOOP('',(#806,#807,#808,#809));
#464=EDGE_LOOP('',(#810,#811,#812,#813));
#465=EDGE_LOOP('',(#814,#815));
#466=EDGE_LOOP('',(#816,#817));
#467=EDGE_LOOP('',(#818,#819));
#468=EDGE_LOOP('',(#820,#821));
#469=EDGE_LOOP('',(#822,#823));
#470=EDGE_LOOP('',(#824,#825));
#471=EDGE_LOOP('',(#826,#827));
#472=EDGE_LOOP('',(#828,#829));
#473=EDGE_LOOP('',(#830,#831));
#474=EDGE_LOOP('',(#832,#833));
#475=EDGE_LOOP('',(#834,#835));
#476=EDGE_LOOP('',(#836,#837));
#477=EDGE_LOOP('',(#838,#839,#840,#841));
#478=EDGE_LOOP('',(#842,#843,#844,#845));
#479=EDGE_LOOP('',(#846,#847));
#480=EDGE_LOOP('',(#848,#849));
#481=EDGE_LOOP('',(#850,#851,#852,#853));
#482=EDGE_LOOP('',(#854,#855,#856,#857));
#483=EDGE_LOOP('',(#858,#859,#860,#861));
#484=EDGE_LOOP('',(#862,#863,#864,#865));
#485=EDGE_LOOP('',(#866,#867));
#486=EDGE_LOOP('',(#868,#869));
#487=EDGE_LOOP('',(#870,#871));
#488=EDGE_LOOP('',(#872,#873));
#489=EDGE_LOOP('',(#874,#875));
#490=EDGE_LOOP('',(#876,#877));
#491=EDGE_LOOP('',(#878,#879,#880,#881));
#492=EDGE_LOOP('',(#882,#883,#884,#885));
#493=EDGE_LOOP('',(#886,#887));
#494=EDGE_LOOP('',(#888,#889));
#495=EDGE_LOOP('',(#890,#891));
#496=EDGE_LOOP('',(#892,#893));
#497=EDGE_LOOP('',(#894,#895));
#498=EDGE_LOOP('',(#896,#897));
#499=EDGE_LOOP('',(#898,#899));
#500=EDGE_LOOP('',(#900,#901));
#501=EDGE_LOOP('',(#902,#903));
#502=EDGE_LOOP('',(#904,#905));
#503=EDGE_LOOP('',(#906,#907));
#504=EDGE_LOOP('',(#908,#909));
#505=EDGE_LOOP('',(#910,#911,#912,#913));
#506=EDGE_LOOP('',(#914,#915,#916,#917));
#507=EDGE_LOOP('',(#918,#919));
#508=EDGE_LOOP('',(#920,#921));
#509=EDGE_LOOP('',(#922,#923,#924,#925));
#510=EDGE_LOOP('',(#926,#927,#928,#929));
#511=EDGE_LOOP('',(#930,#931,#932,#933));
#512=EDGE_LOOP('',(#934,#935,#936,#937));
#513=EDGE_LOOP('',(#938,#939,#940,#941));
#514=EDGE_LOOP('',(#942,#943,#944,#945));
#515=EDGE_LOOP('',(#946,#947,#948,#949));
#516=EDGE_LOOP('',(#950,#951,#952,#953));
#517=EDGE_LOOP('',(#954,#955,#956,#957));
#518=EDGE_LOOP('',(#958,#959,#960,#961));
#519=EDGE_LOOP('',(#962,#963,#964,#965));
#520=EDGE_LOOP('',(#966,#967,#968,#969));
#521=EDGE_LOOP('',(#970,#971,#972,#973));
#522=EDGE_LOOP('',(#974,#975,#976,#977));
#523=EDGE_LOOP('',(#978,#979,#980,#981));
#524=EDGE_LOOP('',(#982,#983,#984,#985));
#525=EDGE_LOOP('',(#986,#987,#988,#989));
#526=EDGE_LOOP('',(#990,#991,#992,#993));
#527=EDGE_LOOP('',(#994,#995,#996,#997));
#528=EDGE_LOOP('',(#998,#999,#1000,#1001));
#529=EDGE_LOOP('',(#1002,#1003,#1004,#1005));
#530=EDGE_LOOP('',(#1006,#1007,#1008,#1009));
#531=EDGE_LOOP('',(#1010,#1011,#1012,#1013));
#532=EDGE_LOOP('',(#1014,#1015,#1016,#1017));
#533=EDGE_LOOP('',(#1018,#1019,#1020,#1021));
#534=EDGE_LOOP('',(#1022,#1023,#1024,#1025));
#535=EDGE_LOOP('',(#1026,#1027,#1028,#1029));
#536=EDGE_LOOP('',(#1030,#1031,#1032,#1033));
#537=EDGE_LOOP('',(#1034,#1035,#1036,#1037));
#538=EDGE_LOOP('',(#1038,#1039,#1040,#1041));
#539=EDGE_LOOP('',(#1042,#1043,#1044,#1045));
#540=EDGE_LOOP('',(#1046,#1047,#1048,#1049));
#541=EDGE_LOOP('',(#1050,#1051,#1052,#1053));
#542=EDGE_LOOP('',(#1054,#1055,#1056,#1057));
#543=EDGE_LOOP('',(#1058,#1059,#1060,#1061));
#544=EDGE_LOOP('',(#1062,#1063,#1064,#1065));
#545=EDGE_LOOP('',(#1066,#1067,#1068,#1069));
#546=EDGE_LOOP('',(#1070,#1071,#1072,#1073));
#547=EDGE_LOOP('',(#1074,#1075,#1076,#1077));
#548=EDGE_LOOP('',(#1078,#1079,#1080,#1081));
#549=EDGE_LOOP('',(#1082,#1083,#1084,#1085));
#550=EDGE_LOOP('',(#1086,#1087,#1088,#1089));
#551=EDGE_LOOP('',(#1090,#1091,#1092,#1093));
#552=EDGE_LOOP('',(#1094,#1095,#1096,#1097));
#553=EDGE_LOOP('',(#1098,#1099,#1100,#1101));
#554=EDGE_LOOP('',(#1102,#1103,#1104,#1105));
#555=EDGE_LOOP('',(#1106,#1107,#1108,#1109));
#556=EDGE_LOOP('',(#1110,#1111,#1112,#1113));
#557=EDGE_LOOP('',(#1114,#1115,#1116,#1117));
#558=EDGE_LOOP('',(#1118,#1119,#1120,#1121));
#559=EDGE_LOOP('',(#1122,#1123,#1124,#1125));
#560=EDGE_LOOP('',(#1126,#1127,#1128,#1129));
#561=EDGE_LOOP('',(#1130,#1131,#1132,#1133));
#562=EDGE_LOOP('',(#1134,#1135,#1136,#1137));
#563=EDGE_LOOP('',(#1138,#1139,#1140,#1141));
#564=EDGE_LOOP('',(#1142,#1143,#1144,#1145));
#565=EDGE_LOOP('',(#1146,#1147,#1148,#1149));
#566=EDGE_LOOP('',(#1150,#1151,#1152,#1153));
#567=EDGE_LOOP('',(#1154,#1155,#1156,#1157));
#568=EDGE_LOOP('',(#1158,#1159,#1160,#1161));
#569=EDGE_LOOP('',(#1162,#1163,#1164,#1165));
#570=EDGE_LOOP('',(#1166,#1167,#1168,#1169));
#571=EDGE_LOOP('',(#1170,#1171,#1172,#1173));
#572=EDGE_LOOP('',(#1174,#1175,#1176,#1177));
#573=EDGE_LOOP('',(#1178,#1179,#1180,#1181));
#574=EDGE_LOOP('',(#1182,#1183,#1184,#1185));
#575=EDGE_LOOP('',(#1186,#1187,#1188,#1189));
#576=EDGE_LOOP('',(#1190,#1191,#1192,#1193));
#577=EDGE_LOOP('',(#1194,#1195,#1196,#1197));
#578=EDGE_LOOP('',(#1198,#1199,#1200,#1201));
#579=EDGE_LOOP('',(#1202,#1203,#1204,#1205));
#580=EDGE_LOOP('',(#1206,#1207,#1208,#1209));
#581=EDGE_LOOP('',(#1210,#1211,#1212,#1213));
#582=EDGE_LOOP('',(#1214,#1215,#1216,#1217));
#583=EDGE_LOOP('',(#1218,#1219,#1220,#1221));
#584=EDGE_LOOP('',(#1222,#1223,#1224,#1225));
#585=EDGE_LOOP('',(#1226,#1227,#1228,#1229));
#586=EDGE_LOOP('',(#1230,#1231,#1232,#1233));
#587=EDGE_LOOP('',(#1234,#1235,#1236,#1237));
#588=EDGE_LOOP('',(#1238,#1239,#1240,#1241));
#589=EDGE_LOOP('',(#1242,#1243,#1244,#1245));
#590=EDGE_LOOP('',(#1246,#1247,#1248,#1249));
#591=EDGE_LOOP('',(#1250,#1251,#1252,#1253));
#592=EDGE_LOOP('',(#1254,#1255,#1256,#1257));
#593=EDGE_LOOP('',(#1258,#1259,#1260,#1261));
#594=EDGE_LOOP('',(#1262,#1263,#1264,#1265));
#595=EDGE_LOOP('',(#1266,#1267,#1268,#1269));
#596=EDGE_LOOP('',(#1270,#1271,#1272,#1273));
#597=EDGE_LOOP('',(#1274,#1275,#1276,#1277));
#598=EDGE_LOOP('',(#1278,#1279,#1280,#1281));
#599=EDGE_LOOP('',(#1282,#1283,#1284,#1285));
#600=EDGE_LOOP('',(#1286,#1287,#1288,#1289));
#601=EDGE_LOOP('',(#1290,#1291,#1292,#1293));
#602=EDGE_LOOP('',(#1294,#1295,#1296,#1297));
#603=EDGE_LOOP('',(#1298,#1299,#1300,#1301));
#604=EDGE_LOOP('',(#1302,#1303,#1304,#1305));
#605=EDGE_LOOP('',(#1306,#1307,#1308,#1309));
#606=EDGE_LOOP('',(#1310,#1311,#1312,#1313));
#607=EDGE_LOOP('',(#1314,#1315,#1316,#1317));
#608=EDGE_LOOP('',(#1318,#1319,#1320,#1321));
#609=EDGE_LOOP('',(#1322,#1323,#1324,#1325));
#610=EDGE_LOOP('',(#1326,#1327,#1328,#1329));
#611=EDGE_LOOP('',(#1330,#1331,#1332,#1333));
#612=EDGE_LOOP('',(#1334,#1335,#1336,#1337));
#613=EDGE_LOOP('',(#1338,#1339,#1340,#1341));
#614=EDGE_LOOP('',(#1342,#1343,#1344,#1345));
#615=EDGE_LOOP('',(#1346,#1347,#1348,#1349));
#616=EDGE_LOOP('',(#1350,#1351,#1352,#1353));
#617=EDGE_LOOP('',(#1354,#1355,#1356,#1357));
#618=EDGE_LOOP('',(#1358,#1359,#1360,#1361));
#619=EDGE_LOOP('',(#1362,#1363,#1364,#1365));
#620=EDGE_LOOP('',(#1366,#1367,#1368,#1369));
#621=EDGE_LOOP('',(#1370,#1371,#1372,#1373));
#622=EDGE_LOOP('',(#1374,#1375,#1376,#1377));
#623=EDGE_LOOP('',(#1378,#1379,#1380,#1381));
#624=EDGE_LOOP('',(#1382,#1383,#1384,#1385));
#625=EDGE_LOOP('',(#1386,#1387,#1388,#1389));
#626=EDGE_LOOP('',(#1390,#1391,#1392,#1393));
#627=EDGE_LOOP('',(#1394,#1395,#1396,#1397));
#628=EDGE_LOOP('',(#1398,#1399,#1400,#1401));
#629=EDGE_LOOP('',(#1402,#1403,#1404,#1405));
#630=EDGE_LOOP('',(#1406,#1407,#1408,#1409));
#631=EDGE_LOOP('',(#1410,#1411,#1412,#1413));
#632=EDGE_LOOP('',(#1414,#1415,#1416,#1417));
#633=EDGE_LOOP('',(#1418,#1419,#1420,#1421));
#634=EDGE_LOOP('',(#1422,#1423,#1424,#1425));
#635=EDGE_LOOP('',(#1426,#1427,#1428,#1429));
#636=EDGE_LOOP('',(#1430,#1431,#1432,#1433));
#637=EDGE_LOOP('',(#1434,#1435,#1436,#1437));
#638=ORIENTED_EDGE('',*,*,#1438,.T.);
#639=ORIENTED_EDGE('',*,*,#1439,.T.);
#640=ORIENTED_EDGE('',*,*,#1440,.F.);
#641=ORIENTED_EDGE('',*,*,#1441,.F.);
#642=ORIENTED_EDGE('',*,*,#1442,.T.);
#643=ORIENTED_EDGE('',*,*,#1443,.T.);
#644=ORIENTED_EDGE('',*,*,#1444,.F.);
#645=ORIENTED_EDGE('',*,*,#1439,.F.);
#646=ORIENTED_EDGE('',*,*,#1445,.T.);
#647=ORIENTED_EDGE('',*,*,#1446,.T.);
#648=ORIENTED_EDGE('',*,*,#1447,.F.);
#649=ORIENTED_EDGE('',*,*,#1443,.F.);
#650=ORIENTED_EDGE('',*,*,#1502,.T.);
#651=ORIENTED_EDGE('',*,*,#1719,.T.);
#652=ORIENTED_EDGE('',*,*,#1508,.T.);
#653=ORIENTED_EDGE('',*,*,#1725,.T.);
#654=ORIENTED_EDGE('',*,*,#1514,.T.);
#655=ORIENTED_EDGE('',*,*,#1731,.T.);
#656=ORIENTED_EDGE('',*,*,#1520,.T.);
#657=ORIENTED_EDGE('',*,*,#1737,.T.);
#658=ORIENTED_EDGE('',*,*,#1526,.T.);
#659=ORIENTED_EDGE('',*,*,#1743,.T.);
#660=ORIENTED_EDGE('',*,*,#1532,.T.);
#661=ORIENTED_EDGE('',*,*,#1749,.T.);
#662=ORIENTED_EDGE('',*,*,#1539,.T.);
#663=ORIENTED_EDGE('',*,*,#1540,.T.);
#664=ORIENTED_EDGE('',*,*,#1541,.T.);
#665=ORIENTED_EDGE('',*,*,#1538,.T.);
#666=ORIENTED_EDGE('',*,*,#1563,.T.);
#667=ORIENTED_EDGE('',*,*,#1564,.T.);
#668=ORIENTED_EDGE('',*,*,#1565,.T.);
#669=ORIENTED_EDGE('',*,*,#1562,.T.);
#670=ORIENTED_EDGE('',*,*,#1586,.T.);
#671=ORIENTED_EDGE('',*,*,#1755,.T.);
#672=ORIENTED_EDGE('',*,*,#1592,.T.);
#673=ORIENTED_EDGE('',*,*,#1761,.T.);
#674=ORIENTED_EDGE('',*,*,#1598,.T.);
#675=ORIENTED_EDGE('',*,*,#1767,.T.);
#676=ORIENTED_EDGE('',*,*,#1604,.T.);
#677=ORIENTED_EDGE('',*,*,#1773,.T.);
#678=ORIENTED_EDGE('',*,*,#1610,.T.);
#679=ORIENTED_EDGE('',*,*,#1779,.T.);
#680=ORIENTED_EDGE('',*,*,#1616,.T.);
#681=ORIENTED_EDGE('',*,*,#1785,.T.);
#682=ORIENTED_EDGE('',*,*,#1622,.T.);
#683=ORIENTED_EDGE('',*,*,#1791,.T.);
#684=ORIENTED_EDGE('',*,*,#1628,.T.);
#685=ORIENTED_EDGE('',*,*,#1797,.T.);
#686=ORIENTED_EDGE('',*,*,#1634,.T.);
#687=ORIENTED_EDGE('',*,*,#1803,.T.);
#688=ORIENTED_EDGE('',*,*,#1640,.T.);
#689=ORIENTED_EDGE('',*,*,#1809,.T.);
#690=ORIENTED_EDGE('',*,*,#1646,.T.);
#691=ORIENTED_EDGE('',*,*,#1815,.T.);
#692=ORIENTED_EDGE('',*,*,#1652,.T.);
#693=ORIENTED_EDGE('',*,*,#1821,.T.);
#694=ORIENTED_EDGE('',*,*,#1659,.T.);
#695=ORIENTED_EDGE('',*,*,#1660,.T.);
#696=ORIENTED_EDGE('',*,*,#1661,.T.);
#697=ORIENTED_EDGE('',*,*,#1658,.T.);
#698=ORIENTED_EDGE('',*,*,#1683,.T.);
#699=ORIENTED_EDGE('',*,*,#1684,.T.);
#700=ORIENTED_EDGE('',*,*,#1685,.T.);
#701=ORIENTED_EDGE('',*,*,#1682,.T.);
#702=ORIENTED_EDGE('',*,*,#1706,.T.);
#703=ORIENTED_EDGE('',*,*,#1827,.T.);
#704=ORIENTED_EDGE('',*,*,#1712,.T.);
#705=ORIENTED_EDGE('',*,*,#1833,.T.);
#706=ORIENTED_EDGE('',*,*,#1448,.T.);
#707=ORIENTED_EDGE('',*,*,#1449,.T.);
#708=ORIENTED_EDGE('',*,*,#1450,.F.);
#709=ORIENTED_EDGE('',*,*,#1446,.F.);
#710=ORIENTED_EDGE('',*,*,#1451,.T.);
#711=ORIENTED_EDGE('',*,*,#1452,.T.);
#712=ORIENTED_EDGE('',*,*,#1453,.F.);
#713=ORIENTED_EDGE('',*,*,#1449,.F.);
#714=ORIENTED_EDGE('',*,*,#1454,.T.);
#715=ORIENTED_EDGE('',*,*,#1455,.T.);
#716=ORIENTED_EDGE('',*,*,#1456,.F.);
#717=ORIENTED_EDGE('',*,*,#1452,.F.);
#718=ORIENTED_EDGE('',*,*,#1457,.T.);
#719=ORIENTED_EDGE('',*,*,#1458,.T.);
#720=ORIENTED_EDGE('',*,*,#1459,.F.);
#721=ORIENTED_EDGE('',*,*,#1455,.F.);
#722=ORIENTED_EDGE('',*,*,#1503,.T.);
#723=ORIENTED_EDGE('',*,*,#1722,.T.);
#724=ORIENTED_EDGE('',*,*,#1509,.T.);
#725=ORIENTED_EDGE('',*,*,#1728,.T.);
#726=ORIENTED_EDGE('',*,*,#1515,.T.);
#727=ORIENTED_EDGE('',*,*,#1734,.T.);
#728=ORIENTED_EDGE('',*,*,#1521,.T.);
#729=ORIENTED_EDGE('',*,*,#1740,.T.);
#730=ORIENTED_EDGE('',*,*,#1527,.T.);
#731=ORIENTED_EDGE('',*,*,#1746,.T.);
#732=ORIENTED_EDGE('',*,*,#1533,.T.);
#733=ORIENTED_EDGE('',*,*,#1752,.T.);
#734=ORIENTED_EDGE('',*,*,#1545,.T.);
#735=ORIENTED_EDGE('',*,*,#1544,.T.);
#736=ORIENTED_EDGE('',*,*,#1543,.T.);
#737=ORIENTED_EDGE('',*,*,#1542,.T.);
#738=ORIENTED_EDGE('',*,*,#1569,.T.);
#739=ORIENTED_EDGE('',*,*,#1568,.T.);
#740=ORIENTED_EDGE('',*,*,#1567,.T.);
#741=ORIENTED_EDGE('',*,*,#1566,.T.);
#742=ORIENTED_EDGE('',*,*,#1587,.T.);
#743=ORIENTED_EDGE('',*,*,#1758,.T.);
#744=ORIENTED_EDGE('',*,*,#1593,.T.);
#745=ORIENTED_EDGE('',*,*,#1764,.T.);
#746=ORIENTED_EDGE('',*,*,#1599,.T.);
#747=ORIENTED_EDGE('',*,*,#1770,.T.);
#748=ORIENTED_EDGE('',*,*,#1605,.T.);
#749=ORIENTED_EDGE('',*,*,#1776,.T.);
#750=ORIENTED_EDGE('',*,*,#1611,.T.);
#751=ORIENTED_EDGE('',*,*,#1782,.T.);
#752=ORIENTED_EDGE('',*,*,#1617,.T.);
#753=ORIENTED_EDGE('',*,*,#1788,.T.);
#754=ORIENTED_EDGE('',*,*,#1623,.T.);
#755=ORIENTED_EDGE('',*,*,#1794,.T.);
#756=ORIENTED_EDGE('',*,*,#1629,.T.);
#757=ORIENTED_EDGE('',*,*,#1800,.T.);
#758=ORIENTED_EDGE('',*,*,#1635,.T.);
#759=ORIENTED_EDGE('',*,*,#1806,.T.);
#760=ORIENTED_EDGE('',*,*,#1641,.T.);
#761=ORIENTED_EDGE('',*,*,#1812,.T.);
#762=ORIENTED_EDGE('',*,*,#1647,.T.);
#763=ORIENTED_EDGE('',*,*,#1818,.T.);
#764=ORIENTED_EDGE('',*,*,#1653,.T.);
#765=ORIENTED_EDGE('',*,*,#1824,.T.);
#766=ORIENTED_EDGE('',*,*,#1665,.T.);
#767=ORIENTED_EDGE('',*,*,#1664,.T.);
#768=ORIENTED_EDGE('',*,*,#1663,.T.);
#769=ORIENTED_EDGE('',*,*,#1662,.T.);
#770=ORIENTED_EDGE('',*,*,#1689,.T.);
#771=ORIENTED_EDGE('',*,*,#1688,.T.);
#772=ORIENTED_EDGE('',*,*,#1687,.T.);
#773=ORIENTED_EDGE('',*,*,#1686,.T.);
#774=ORIENTED_EDGE('',*,*,#1707,.T.);
#775=ORIENTED_EDGE('',*,*,#1830,.T.);
#776=ORIENTED_EDGE('',*,*,#1713,.T.);
#777=ORIENTED_EDGE('',*,*,#1836,.T.);
#778=ORIENTED_EDGE('',*,*,#1460,.T.);
#779=ORIENTED_EDGE('',*,*,#1441,.T.);
#780=ORIENTED_EDGE('',*,*,#1461,.F.);
#781=ORIENTED_EDGE('',*,*,#1458,.F.);
#782=ORIENTED_EDGE('',*,*,#1465,.F.);
#783=ORIENTED_EDGE('',*,*,#1464,.F.);
#784=ORIENTED_EDGE('',*,*,#1463,.F.);
#785=ORIENTED_EDGE('',*,*,#1462,.F.);
#786=ORIENTED_EDGE('',*,*,#1463,.T.);
#787=ORIENTED_EDGE('',*,*,#1468,.F.);
#788=ORIENTED_EDGE('',*,*,#1467,.F.);
#789=ORIENTED_EDGE('',*,*,#1466,.F.);
#790=ORIENTED_EDGE('',*,*,#1467,.T.);
#791=ORIENTED_EDGE('',*,*,#1471,.F.);
#792=ORIENTED_EDGE('',*,*,#1470,.F.);
#793=ORIENTED_EDGE('',*,*,#1469,.F.);
#794=ORIENTED_EDGE('',*,*,#1720,.F.);
#795=ORIENTED_EDGE('',*,*,#1504,.F.);
#796=ORIENTED_EDGE('',*,*,#1726,.F.);
#797=ORIENTED_EDGE('',*,*,#1510,.F.);
#798=ORIENTED_EDGE('',*,*,#1732,.F.);
#799=ORIENTED_EDGE('',*,*,#1516,.F.);
#800=ORIENTED_EDGE('',*,*,#1738,.F.);
#801=ORIENTED_EDGE('',*,*,#1522,.F.);
#802=ORIENTED_EDGE('',*,*,#1744,.F.);
#803=ORIENTED_EDGE('',*,*,#1528,.F.);
#804=ORIENTED_EDGE('',*,*,#1750,.F.);
#805=ORIENTED_EDGE('',*,*,#1534,.F.);
#806=ORIENTED_EDGE('',*,*,#1549,.F.);
#807=ORIENTED_EDGE('',*,*,#1548,.F.);
#808=ORIENTED_EDGE('',*,*,#1547,.F.);
#809=ORIENTED_EDGE('',*,*,#1546,.F.);
#810=ORIENTED_EDGE('',*,*,#1573,.F.);
#811=ORIENTED_EDGE('',*,*,#1572,.F.);
#812=ORIENTED_EDGE('',*,*,#1571,.F.);
#813=ORIENTED_EDGE('',*,*,#1570,.F.);
#814=ORIENTED_EDGE('',*,*,#1756,.F.);
#815=ORIENTED_EDGE('',*,*,#1588,.F.);
#816=ORIENTED_EDGE('',*,*,#1762,.F.);
#817=ORIENTED_EDGE('',*,*,#1594,.F.);
#818=ORIENTED_EDGE('',*,*,#1768,.F.);
#819=ORIENTED_EDGE('',*,*,#1600,.F.);
#820=ORIENTED_EDGE('',*,*,#1774,.F.);
#821=ORIENTED_EDGE('',*,*,#1606,.F.);
#822=ORIENTED_EDGE('',*,*,#1780,.F.);
#823=ORIENTED_EDGE('',*,*,#1612,.F.);
#824=ORIENTED_EDGE('',*,*,#1786,.F.);
#825=ORIENTED_EDGE('',*,*,#1618,.F.);
#826=ORIENTED_EDGE('',*,*,#1792,.F.);
#827=ORIENTED_EDGE('',*,*,#1624,.F.);
#828=ORIENTED_EDGE('',*,*,#1798,.F.);
#829=ORIENTED_EDGE('',*,*,#1630,.F.);
#830=ORIENTED_EDGE('',*,*,#1804,.F.);
#831=ORIENTED_EDGE('',*,*,#1636,.F.);
#832=ORIENTED_EDGE('',*,*,#1810,.F.);
#833=ORIENTED_EDGE('',*,*,#1642,.F.);
#834=ORIENTED_EDGE('',*,*,#1816,.F.);
#835=ORIENTED_EDGE('',*,*,#1648,.F.);
#836=ORIENTED_EDGE('',*,*,#1822,.F.);
#837=ORIENTED_EDGE('',*,*,#1654,.F.);
#838=ORIENTED_EDGE('',*,*,#1669,.F.);
#839=ORIENTED_EDGE('',*,*,#1668,.F.);
#840=ORIENTED_EDGE('',*,*,#1667,.F.);
#841=ORIENTED_EDGE('',*,*,#1666,.F.);
#842=ORIENTED_EDGE('',*,*,#1693,.F.);
#843=ORIENTED_EDGE('',*,*,#1692,.F.);
#844=ORIENTED_EDGE('',*,*,#1691,.F.);
#845=ORIENTED_EDGE('',*,*,#1690,.F.);
#846=ORIENTED_EDGE('',*,*,#1828,.F.);
#847=ORIENTED_EDGE('',*,*,#1708,.F.);
#848=ORIENTED_EDGE('',*,*,#1834,.F.);
#849=ORIENTED_EDGE('',*,*,#1714,.F.);
#850=ORIENTED_EDGE('',*,*,#1470,.T.);
#851=ORIENTED_EDGE('',*,*,#1474,.F.);
#852=ORIENTED_EDGE('',*,*,#1473,.F.);
#853=ORIENTED_EDGE('',*,*,#1472,.F.);
#854=ORIENTED_EDGE('',*,*,#1473,.T.);
#855=ORIENTED_EDGE('',*,*,#1477,.F.);
#856=ORIENTED_EDGE('',*,*,#1476,.F.);
#857=ORIENTED_EDGE('',*,*,#1475,.F.);
#858=ORIENTED_EDGE('',*,*,#1476,.T.);
#859=ORIENTED_EDGE('',*,*,#1480,.F.);
#860=ORIENTED_EDGE('',*,*,#1479,.F.);
#861=ORIENTED_EDGE('',*,*,#1478,.F.);
#862=ORIENTED_EDGE('',*,*,#1479,.T.);
#863=ORIENTED_EDGE('',*,*,#1483,.F.);
#864=ORIENTED_EDGE('',*,*,#1482,.F.);
#865=ORIENTED_EDGE('',*,*,#1481,.F.);
#866=ORIENTED_EDGE('',*,*,#1723,.F.);
#867=ORIENTED_EDGE('',*,*,#1505,.F.);
#868=ORIENTED_EDGE('',*,*,#1729,.F.);
#869=ORIENTED_EDGE('',*,*,#1511,.F.);
#870=ORIENTED_EDGE('',*,*,#1735,.F.);
#871=ORIENTED_EDGE('',*,*,#1517,.F.);
#872=ORIENTED_EDGE('',*,*,#1741,.F.);
#873=ORIENTED_EDGE('',*,*,#1523,.F.);
#874=ORIENTED_EDGE('',*,*,#1747,.F.);
#875=ORIENTED_EDGE('',*,*,#1529,.F.);
#876=ORIENTED_EDGE('',*,*,#1753,.F.);
#877=ORIENTED_EDGE('',*,*,#1535,.F.);
#878=ORIENTED_EDGE('',*,*,#1550,.F.);
#879=ORIENTED_EDGE('',*,*,#1551,.F.);
#880=ORIENTED_EDGE('',*,*,#1552,.F.);
#881=ORIENTED_EDGE('',*,*,#1553,.F.);
#882=ORIENTED_EDGE('',*,*,#1574,.F.);
#883=ORIENTED_EDGE('',*,*,#1575,.F.);
#884=ORIENTED_EDGE('',*,*,#1576,.F.);
#885=ORIENTED_EDGE('',*,*,#1577,.F.);
#886=ORIENTED_EDGE('',*,*,#1759,.F.);
#887=ORIENTED_EDGE('',*,*,#1589,.F.);
#888=ORIENTED_EDGE('',*,*,#1765,.F.);
#889=ORIENTED_EDGE('',*,*,#1595,.F.);
#890=ORIENTED_EDGE('',*,*,#1771,.F.);
#891=ORIENTED_EDGE('',*,*,#1601,.F.);
#892=ORIENTED_EDGE('',*,*,#1777,.F.);
#893=ORIENTED_EDGE('',*,*,#1607,.F.);
#894=ORIENTED_EDGE('',*,*,#1783,.F.);
#895=ORIENTED_EDGE('',*,*,#1613,.F.);
#896=ORIENTED_EDGE('',*,*,#1789,.F.);
#897=ORIENTED_EDGE('',*,*,#1619,.F.);
#898=ORIENTED_EDGE('',*,*,#1795,.F.);
#899=ORIENTED_EDGE('',*,*,#1625,.F.);
#900=ORIENTED_EDGE('',*,*,#1801,.F.);
#901=ORIENTED_EDGE('',*,*,#1631,.F.);
#902=ORIENTED_EDGE('',*,*,#1807,.F.);
#903=ORIENTED_EDGE('',*,*,#1637,.F.);
#904=ORIENTED_EDGE('',*,*,#1813,.F.);
#905=ORIENTED_EDGE('',*,*,#1643,.F.);
#906=ORIENTED_EDGE('',*,*,#1819,.F.);
#907=ORIENTED_EDGE('',*,*,#1649,.F.);
#908=ORIENTED_EDGE('',*,*,#1825,.F.);
#909=ORIENTED_EDGE('',*,*,#1655,.F.);
#910=ORIENTED_EDGE('',*,*,#1670,.F.);
#911=ORIENTED_EDGE('',*,*,#1671,.F.);
#912=ORIENTED_EDGE('',*,*,#1672,.F.);
#913=ORIENTED_EDGE('',*,*,#1673,.F.);
#914=ORIENTED_EDGE('',*,*,#1694,.F.);
#915=ORIENTED_EDGE('',*,*,#1695,.F.);
#916=ORIENTED_EDGE('',*,*,#1696,.F.);
#917=ORIENTED_EDGE('',*,*,#1697,.F.);
#918=ORIENTED_EDGE('',*,*,#1831,.F.);
#919=ORIENTED_EDGE('',*,*,#1709,.F.);
#920=ORIENTED_EDGE('',*,*,#1837,.F.);
#921=ORIENTED_EDGE('',*,*,#1715,.F.);
#922=ORIENTED_EDGE('',*,*,#1482,.T.);
#923=ORIENTED_EDGE('',*,*,#1485,.F.);
#924=ORIENTED_EDGE('',*,*,#1465,.T.);
#925=ORIENTED_EDGE('',*,*,#1484,.F.);
#926=ORIENTED_EDGE('',*,*,#1493,.T.);
#927=ORIENTED_EDGE('',*,*,#1484,.T.);
#928=ORIENTED_EDGE('',*,*,#1487,.T.);
#929=ORIENTED_EDGE('',*,*,#1460,.F.);
#930=ORIENTED_EDGE('',*,*,#1487,.F.);
#931=ORIENTED_EDGE('',*,*,#1462,.T.);
#932=ORIENTED_EDGE('',*,*,#1486,.F.);
#933=ORIENTED_EDGE('',*,*,#1438,.F.);
#934=ORIENTED_EDGE('',*,*,#1486,.T.);
#935=ORIENTED_EDGE('',*,*,#1466,.T.);
#936=ORIENTED_EDGE('',*,*,#1488,.F.);
#937=ORIENTED_EDGE('',*,*,#1442,.F.);
#938=ORIENTED_EDGE('',*,*,#1488,.T.);
#939=ORIENTED_EDGE('',*,*,#1469,.T.);
#940=ORIENTED_EDGE('',*,*,#1489,.F.);
#941=ORIENTED_EDGE('',*,*,#1445,.F.);
#942=ORIENTED_EDGE('',*,*,#1489,.T.);
#943=ORIENTED_EDGE('',*,*,#1472,.T.);
#944=ORIENTED_EDGE('',*,*,#1490,.F.);
#945=ORIENTED_EDGE('',*,*,#1448,.F.);
#946=ORIENTED_EDGE('',*,*,#1490,.T.);
#947=ORIENTED_EDGE('',*,*,#1475,.T.);
#948=ORIENTED_EDGE('',*,*,#1491,.F.);
#949=ORIENTED_EDGE('',*,*,#1451,.F.);
#950=ORIENTED_EDGE('',*,*,#1491,.T.);
#951=ORIENTED_EDGE('',*,*,#1478,.T.);
#952=ORIENTED_EDGE('',*,*,#1492,.F.);
#953=ORIENTED_EDGE('',*,*,#1454,.F.);
#954=ORIENTED_EDGE('',*,*,#1492,.T.);
#955=ORIENTED_EDGE('',*,*,#1481,.T.);
#956=ORIENTED_EDGE('',*,*,#1493,.F.);
#957=ORIENTED_EDGE('',*,*,#1457,.F.);
#958=ORIENTED_EDGE('',*,*,#1495,.F.);
#959=ORIENTED_EDGE('',*,*,#1464,.T.);
#960=ORIENTED_EDGE('',*,*,#1494,.F.);
#961=ORIENTED_EDGE('',*,*,#1440,.T.);
#962=ORIENTED_EDGE('',*,*,#1496,.F.);
#963=ORIENTED_EDGE('',*,*,#1468,.T.);
#964=ORIENTED_EDGE('',*,*,#1495,.T.);
#965=ORIENTED_EDGE('',*,*,#1444,.T.);
#966=ORIENTED_EDGE('',*,*,#1497,.T.);
#967=ORIENTED_EDGE('',*,*,#1471,.T.);
#968=ORIENTED_EDGE('',*,*,#1496,.T.);
#969=ORIENTED_EDGE('',*,*,#1447,.T.);
#970=ORIENTED_EDGE('',*,*,#1498,.T.);
#971=ORIENTED_EDGE('',*,*,#1474,.T.);
#972=ORIENTED_EDGE('',*,*,#1497,.F.);
#973=ORIENTED_EDGE('',*,*,#1450,.T.);
#974=ORIENTED_EDGE('',*,*,#1499,.F.);
#975=ORIENTED_EDGE('',*,*,#1477,.T.);
#976=ORIENTED_EDGE('',*,*,#1498,.F.);
#977=ORIENTED_EDGE('',*,*,#1453,.T.);
#978=ORIENTED_EDGE('',*,*,#1500,.F.);
#979=ORIENTED_EDGE('',*,*,#1480,.T.);
#980=ORIENTED_EDGE('',*,*,#1499,.T.);
#981=ORIENTED_EDGE('',*,*,#1456,.T.);
#982=ORIENTED_EDGE('',*,*,#1501,.F.);
#983=ORIENTED_EDGE('',*,*,#1483,.T.);
#984=ORIENTED_EDGE('',*,*,#1500,.T.);
#985=ORIENTED_EDGE('',*,*,#1459,.T.);
#986=ORIENTED_EDGE('',*,*,#1494,.T.);
#987=ORIENTED_EDGE('',*,*,#1485,.T.);
#988=ORIENTED_EDGE('',*,*,#1501,.T.);
#989=ORIENTED_EDGE('',*,*,#1461,.T.);
#990=ORIENTED_EDGE('',*,*,#1720,.T.);
#991=ORIENTED_EDGE('',*,*,#1506,.T.);
#992=ORIENTED_EDGE('',*,*,#1719,.F.);
#993=ORIENTED_EDGE('',*,*,#1718,.F.);
#994=ORIENTED_EDGE('',*,*,#1503,.F.);
#995=ORIENTED_EDGE('',*,*,#1507,.T.);
#996=ORIENTED_EDGE('',*,*,#1505,.T.);
#997=ORIENTED_EDGE('',*,*,#1721,.F.);
#998=ORIENTED_EDGE('',*,*,#1726,.T.);
#999=ORIENTED_EDGE('',*,*,#1512,.T.);
#1000=ORIENTED_EDGE('',*,*,#1725,.F.);
#1001=ORIENTED_EDGE('',*,*,#1724,.F.);
#1002=ORIENTED_EDGE('',*,*,#1509,.F.);
#1003=ORIENTED_EDGE('',*,*,#1513,.T.);
#1004=ORIENTED_EDGE('',*,*,#1511,.T.);
#1005=ORIENTED_EDGE('',*,*,#1727,.F.);
#1006=ORIENTED_EDGE('',*,*,#1732,.T.);
#1007=ORIENTED_EDGE('',*,*,#1518,.T.);
#1008=ORIENTED_EDGE('',*,*,#1731,.F.);
#1009=ORIENTED_EDGE('',*,*,#1730,.F.);
#1010=ORIENTED_EDGE('',*,*,#1515,.F.);
#1011=ORIENTED_EDGE('',*,*,#1519,.T.);
#1012=ORIENTED_EDGE('',*,*,#1517,.T.);
#1013=ORIENTED_EDGE('',*,*,#1733,.F.);
#1014=ORIENTED_EDGE('',*,*,#1738,.T.);
#1015=ORIENTED_EDGE('',*,*,#1524,.T.);
#1016=ORIENTED_EDGE('',*,*,#1737,.F.);
#1017=ORIENTED_EDGE('',*,*,#1736,.F.);
#1018=ORIENTED_EDGE('',*,*,#1521,.F.);
#1019=ORIENTED_EDGE('',*,*,#1525,.T.);
#1020=ORIENTED_EDGE('',*,*,#1523,.T.);
#1021=ORIENTED_EDGE('',*,*,#1739,.F.);
#1022=ORIENTED_EDGE('',*,*,#1744,.T.);
#1023=ORIENTED_EDGE('',*,*,#1530,.T.);
#1024=ORIENTED_EDGE('',*,*,#1743,.F.);
#1025=ORIENTED_EDGE('',*,*,#1742,.F.);
#1026=ORIENTED_EDGE('',*,*,#1527,.F.);
#1027=ORIENTED_EDGE('',*,*,#1531,.T.);
#1028=ORIENTED_EDGE('',*,*,#1529,.T.);
#1029=ORIENTED_EDGE('',*,*,#1745,.F.);
#1030=ORIENTED_EDGE('',*,*,#1750,.T.);
#1031=ORIENTED_EDGE('',*,*,#1536,.T.);
#1032=ORIENTED_EDGE('',*,*,#1749,.F.);
#1033=ORIENTED_EDGE('',*,*,#1748,.F.);
#1034=ORIENTED_EDGE('',*,*,#1533,.F.);
#1035=ORIENTED_EDGE('',*,*,#1537,.T.);
#1036=ORIENTED_EDGE('',*,*,#1535,.T.);
#1037=ORIENTED_EDGE('',*,*,#1751,.F.);
#1038=ORIENTED_EDGE('',*,*,#1550,.T.);
#1039=ORIENTED_EDGE('',*,*,#1556,.T.);
#1040=ORIENTED_EDGE('',*,*,#1542,.F.);
#1041=ORIENTED_EDGE('',*,*,#1554,.F.);
#1042=ORIENTED_EDGE('',*,*,#1557,.T.);
#1043=ORIENTED_EDGE('',*,*,#1546,.T.);
#1044=ORIENTED_EDGE('',*,*,#1555,.F.);
#1045=ORIENTED_EDGE('',*,*,#1538,.F.);
#1046=ORIENTED_EDGE('',*,*,#1558,.F.);
#1047=ORIENTED_EDGE('',*,*,#1551,.T.);
#1048=ORIENTED_EDGE('',*,*,#1554,.T.);
#1049=ORIENTED_EDGE('',*,*,#1543,.F.);
#1050=ORIENTED_EDGE('',*,*,#1555,.T.);
#1051=ORIENTED_EDGE('',*,*,#1547,.T.);
#1052=ORIENTED_EDGE('',*,*,#1559,.F.);
#1053=ORIENTED_EDGE('',*,*,#1539,.F.);
#1054=ORIENTED_EDGE('',*,*,#1548,.T.);
#1055=ORIENTED_EDGE('',*,*,#1561,.F.);
#1056=ORIENTED_EDGE('',*,*,#1540,.F.);
#1057=ORIENTED_EDGE('',*,*,#1559,.T.);
#1058=ORIENTED_EDGE('',*,*,#1552,.T.);
#1059=ORIENTED_EDGE('',*,*,#1558,.T.);
#1060=ORIENTED_EDGE('',*,*,#1544,.F.);
#1061=ORIENTED_EDGE('',*,*,#1560,.F.);
#1062=ORIENTED_EDGE('',*,*,#1561,.T.);
#1063=ORIENTED_EDGE('',*,*,#1549,.T.);
#1064=ORIENTED_EDGE('',*,*,#1557,.F.);
#1065=ORIENTED_EDGE('',*,*,#1541,.F.);
#1066=ORIENTED_EDGE('',*,*,#1556,.F.);
#1067=ORIENTED_EDGE('',*,*,#1553,.T.);
#1068=ORIENTED_EDGE('',*,*,#1560,.T.);
#1069=ORIENTED_EDGE('',*,*,#1545,.F.);
#1070=ORIENTED_EDGE('',*,*,#1574,.T.);
#1071=ORIENTED_EDGE('',*,*,#1580,.T.);
#1072=ORIENTED_EDGE('',*,*,#1566,.F.);
#1073=ORIENTED_EDGE('',*,*,#1578,.F.);
#1074=ORIENTED_EDGE('',*,*,#1581,.T.);
#1075=ORIENTED_EDGE('',*,*,#1570,.T.);
#1076=ORIENTED_EDGE('',*,*,#1579,.F.);
#1077=ORIENTED_EDGE('',*,*,#1562,.F.);
#1078=ORIENTED_EDGE('',*,*,#1582,.F.);
#1079=ORIENTED_EDGE('',*,*,#1575,.T.);
#1080=ORIENTED_EDGE('',*,*,#1578,.T.);
#1081=ORIENTED_EDGE('',*,*,#1567,.F.);
#1082=ORIENTED_EDGE('',*,*,#1579,.T.);
#1083=ORIENTED_EDGE('',*,*,#1571,.T.);
#1084=ORIENTED_EDGE('',*,*,#1583,.F.);
#1085=ORIENTED_EDGE('',*,*,#1563,.F.);
#1086=ORIENTED_EDGE('',*,*,#1572,.T.);
#1087=ORIENTED_EDGE('',*,*,#1585,.F.);
#1088=ORIENTED_EDGE('',*,*,#1564,.F.);
#1089=ORIENTED_EDGE('',*,*,#1583,.T.);
#1090=ORIENTED_EDGE('',*,*,#1576,.T.);
#1091=ORIENTED_EDGE('',*,*,#1582,.T.);
#1092=ORIENTED_EDGE('',*,*,#1568,.F.);
#1093=ORIENTED_EDGE('',*,*,#1584,.F.);
#1094=ORIENTED_EDGE('',*,*,#1585,.T.);
#1095=ORIENTED_EDGE('',*,*,#1573,.T.);
#1096=ORIENTED_EDGE('',*,*,#1581,.F.);
#1097=ORIENTED_EDGE('',*,*,#1565,.F.);
#1098=ORIENTED_EDGE('',*,*,#1580,.F.);
#1099=ORIENTED_EDGE('',*,*,#1577,.T.);
#1100=ORIENTED_EDGE('',*,*,#1584,.T.);
#1101=ORIENTED_EDGE('',*,*,#1569,.F.);
#1102=ORIENTED_EDGE('',*,*,#1756,.T.);
#1103=ORIENTED_EDGE('',*,*,#1590,.T.);
#1104=ORIENTED_EDGE('',*,*,#1755,.F.);
#1105=ORIENTED_EDGE('',*,*,#1754,.F.);
#1106=ORIENTED_EDGE('',*,*,#1587,.F.);
#1107=ORIENTED_EDGE('',*,*,#1591,.T.);
#1108=ORIENTED_EDGE('',*,*,#1589,.T.);
#1109=ORIENTED_EDGE('',*,*,#1757,.F.);
#1110=ORIENTED_EDGE('',*,*,#1762,.T.);
#1111=ORIENTED_EDGE('',*,*,#1596,.T.);
#1112=ORIENTED_EDGE('',*,*,#1761,.F.);
#1113=ORIENTED_EDGE('',*,*,#1760,.F.);
#1114=ORIENTED_EDGE('',*,*,#1593,.F.);
#1115=ORIENTED_EDGE('',*,*,#1597,.T.);
#1116=ORIENTED_EDGE('',*,*,#1595,.T.);
#1117=ORIENTED_EDGE('',*,*,#1763,.F.);
#1118=ORIENTED_EDGE('',*,*,#1768,.T.);
#1119=ORIENTED_EDGE('',*,*,#1602,.T.);
#1120=ORIENTED_EDGE('',*,*,#1767,.F.);
#1121=ORIENTED_EDGE('',*,*,#1766,.F.);
#1122=ORIENTED_EDGE('',*,*,#1599,.F.);
#1123=ORIENTED_EDGE('',*,*,#1603,.T.);
#1124=ORIENTED_EDGE('',*,*,#1601,.T.);
#1125=ORIENTED_EDGE('',*,*,#1769,.F.);
#1126=ORIENTED_EDGE('',*,*,#1774,.T.);
#1127=ORIENTED_EDGE('',*,*,#1608,.T.);
#1128=ORIENTED_EDGE('',*,*,#1773,.F.);
#1129=ORIENTED_EDGE('',*,*,#1772,.F.);
#1130=ORIENTED_EDGE('',*,*,#1605,.F.);
#1131=ORIENTED_EDGE('',*,*,#1609,.T.);
#1132=ORIENTED_EDGE('',*,*,#1607,.T.);
#1133=ORIENTED_EDGE('',*,*,#1775,.F.);
#1134=ORIENTED_EDGE('',*,*,#1780,.T.);
#1135=ORIENTED_EDGE('',*,*,#1614,.T.);
#1136=ORIENTED_EDGE('',*,*,#1779,.F.);
#1137=ORIENTED_EDGE('',*,*,#1778,.F.);
#1138=ORIENTED_EDGE('',*,*,#1611,.F.);
#1139=ORIENTED_EDGE('',*,*,#1615,.T.);
#1140=ORIENTED_EDGE('',*,*,#1613,.T.);
#1141=ORIENTED_EDGE('',*,*,#1781,.F.);
#1142=ORIENTED_EDGE('',*,*,#1786,.T.);
#1143=ORIENTED_EDGE('',*,*,#1620,.T.);
#1144=ORIENTED_EDGE('',*,*,#1785,.F.);
#1145=ORIENTED_EDGE('',*,*,#1784,.F.);
#1146=ORIENTED_EDGE('',*,*,#1617,.F.);
#1147=ORIENTED_EDGE('',*,*,#1621,.T.);
#1148=ORIENTED_EDGE('',*,*,#1619,.T.);
#1149=ORIENTED_EDGE('',*,*,#1787,.F.);
#1150=ORIENTED_EDGE('',*,*,#1792,.T.);
#1151=ORIENTED_EDGE('',*,*,#1626,.T.);
#1152=ORIENTED_EDGE('',*,*,#1791,.F.);
#1153=ORIENTED_EDGE('',*,*,#1790,.F.);
#1154=ORIENTED_EDGE('',*,*,#1623,.F.);
#1155=ORIENTED_EDGE('',*,*,#1627,.T.);
#1156=ORIENTED_EDGE('',*,*,#1625,.T.);
#1157=ORIENTED_EDGE('',*,*,#1793,.F.);
#1158=ORIENTED_EDGE('',*,*,#1798,.T.);
#1159=ORIENTED_EDGE('',*,*,#1632,.T.);
#1160=ORIENTED_EDGE('',*,*,#1797,.F.);
#1161=ORIENTED_EDGE('',*,*,#1796,.F.);
#1162=ORIENTED_EDGE('',*,*,#1629,.F.);
#1163=ORIENTED_EDGE('',*,*,#1633,.T.);
#1164=ORIENTED_EDGE('',*,*,#1631,.T.);
#1165=ORIENTED_EDGE('',*,*,#1799,.F.);
#1166=ORIENTED_EDGE('',*,*,#1804,.T.);
#1167=ORIENTED_EDGE('',*,*,#1638,.T.);
#1168=ORIENTED_EDGE('',*,*,#1803,.F.);
#1169=ORIENTED_EDGE('',*,*,#1802,.F.);
#1170=ORIENTED_EDGE('',*,*,#1635,.F.);
#1171=ORIENTED_EDGE('',*,*,#1639,.T.);
#1172=ORIENTED_EDGE('',*,*,#1637,.T.);
#1173=ORIENTED_EDGE('',*,*,#1805,.F.);
#1174=ORIENTED_EDGE('',*,*,#1810,.T.);
#1175=ORIENTED_EDGE('',*,*,#1644,.T.);
#1176=ORIENTED_EDGE('',*,*,#1809,.F.);
#1177=ORIENTED_EDGE('',*,*,#1808,.F.);
#1178=ORIENTED_EDGE('',*,*,#1641,.F.);
#1179=ORIENTED_EDGE('',*,*,#1645,.T.);
#1180=ORIENTED_EDGE('',*,*,#1643,.T.);
#1181=ORIENTED_EDGE('',*,*,#1811,.F.);
#1182=ORIENTED_EDGE('',*,*,#1816,.T.);
#1183=ORIENTED_EDGE('',*,*,#1650,.T.);
#1184=ORIENTED_EDGE('',*,*,#1815,.F.);
#1185=ORIENTED_EDGE('',*,*,#1814,.F.);
#1186=ORIENTED_EDGE('',*,*,#1647,.F.);
#1187=ORIENTED_EDGE('',*,*,#1651,.T.);
#1188=ORIENTED_EDGE('',*,*,#1649,.T.);
#1189=ORIENTED_EDGE('',*,*,#1817,.F.);
#1190=ORIENTED_EDGE('',*,*,#1822,.T.);
#1191=ORIENTED_EDGE('',*,*,#1656,.T.);
#1192=ORIENTED_EDGE('',*,*,#1821,.F.);
#1193=ORIENTED_EDGE('',*,*,#1820,.F.);
#1194=ORIENTED_EDGE('',*,*,#1653,.F.);
#1195=ORIENTED_EDGE('',*,*,#1657,.T.);
#1196=ORIENTED_EDGE('',*,*,#1655,.T.);
#1197=ORIENTED_EDGE('',*,*,#1823,.F.);
#1198=ORIENTED_EDGE('',*,*,#1670,.T.);
#1199=ORIENTED_EDGE('',*,*,#1676,.T.);
#1200=ORIENTED_EDGE('',*,*,#1662,.F.);
#1201=ORIENTED_EDGE('',*,*,#1674,.F.);
#1202=ORIENTED_EDGE('',*,*,#1677,.T.);
#1203=ORIENTED_EDGE('',*,*,#1666,.T.);
#1204=ORIENTED_EDGE('',*,*,#1675,.F.);
#1205=ORIENTED_EDGE('',*,*,#1658,.F.);
#1206=ORIENTED_EDGE('',*,*,#1678,.F.);
#1207=ORIENTED_EDGE('',*,*,#1671,.T.);
#1208=ORIENTED_EDGE('',*,*,#1674,.T.);
#1209=ORIENTED_EDGE('',*,*,#1663,.F.);
#1210=ORIENTED_EDGE('',*,*,#1675,.T.);
#1211=ORIENTED_EDGE('',*,*,#1667,.T.);
#1212=ORIENTED_EDGE('',*,*,#1679,.F.);
#1213=ORIENTED_EDGE('',*,*,#1659,.F.);
#1214=ORIENTED_EDGE('',*,*,#1668,.T.);
#1215=ORIENTED_EDGE('',*,*,#1681,.F.);
#1216=ORIENTED_EDGE('',*,*,#1660,.F.);
#1217=ORIENTED_EDGE('',*,*,#1679,.T.);
#1218=ORIENTED_EDGE('',*,*,#1672,.T.);
#1219=ORIENTED_EDGE('',*,*,#1678,.T.);
#1220=ORIENTED_EDGE('',*,*,#1664,.F.);
#1221=ORIENTED_EDGE('',*,*,#1680,.F.);
#1222=ORIENTED_EDGE('',*,*,#1681,.T.);
#1223=ORIENTED_EDGE('',*,*,#1669,.T.);
#1224=ORIENTED_EDGE('',*,*,#1677,.F.);
#1225=ORIENTED_EDGE('',*,*,#1661,.F.);
#1226=ORIENTED_EDGE('',*,*,#1676,.F.);
#1227=ORIENTED_EDGE('',*,*,#1673,.T.);
#1228=ORIENTED_EDGE('',*,*,#1680,.T.);
#1229=ORIENTED_EDGE('',*,*,#1665,.F.);
#1230=ORIENTED_EDGE('',*,*,#1694,.T.);
#1231=ORIENTED_EDGE('',*,*,#1700,.T.);
#1232=ORIENTED_EDGE('',*,*,#1686,.F.);
#1233=ORIENTED_EDGE('',*,*,#1698,.F.);
#1234=ORIENTED_EDGE('',*,*,#1701,.T.);
#1235=ORIENTED_EDGE('',*,*,#1690,.T.);
#1236=ORIENTED_EDGE('',*,*,#1699,.F.);
#1237=ORIENTED_EDGE('',*,*,#1682,.F.);
#1238=ORIENTED_EDGE('',*,*,#1702,.F.);
#1239=ORIENTED_EDGE('',*,*,#1695,.T.);
#1240=ORIENTED_EDGE('',*,*,#1698,.T.);
#1241=ORIENTED_EDGE('',*,*,#1687,.F.);
#1242=ORIENTED_EDGE('',*,*,#1699,.T.);
#1243=ORIENTED_EDGE('',*,*,#1691,.T.);
#1244=ORIENTED_EDGE('',*,*,#1703,.F.);
#1245=ORIENTED_EDGE('',*,*,#1683,.F.);
#1246=ORIENTED_EDGE('',*,*,#1692,.T.);
#1247=ORIENTED_EDGE('',*,*,#1705,.F.);
#1248=ORIENTED_EDGE('',*,*,#1684,.F.);
#1249=ORIENTED_EDGE('',*,*,#1703,.T.);
#1250=ORIENTED_EDGE('',*,*,#1696,.T.);
#1251=ORIENTED_EDGE('',*,*,#1702,.T.);
#1252=ORIENTED_EDGE('',*,*,#1688,.F.);
#1253=ORIENTED_EDGE('',*,*,#1704,.F.);
#1254=ORIENTED_EDGE('',*,*,#1705,.T.);
#1255=ORIENTED_EDGE('',*,*,#1693,.T.);
#1256=ORIENTED_EDGE('',*,*,#1701,.F.);
#1257=ORIENTED_EDGE('',*,*,#1685,.F.);
#1258=ORIENTED_EDGE('',*,*,#1700,.F.);
#1259=ORIENTED_EDGE('',*,*,#1697,.T.);
#1260=ORIENTED_EDGE('',*,*,#1704,.T.);
#1261=ORIENTED_EDGE('',*,*,#1689,.F.);
#1262=ORIENTED_EDGE('',*,*,#1706,.F.);
#1263=ORIENTED_EDGE('',*,*,#1711,.T.);
#1264=ORIENTED_EDGE('',*,*,#1708,.T.);
#1265=ORIENTED_EDGE('',*,*,#1826,.F.);
#1266=ORIENTED_EDGE('',*,*,#1831,.T.);
#1267=ORIENTED_EDGE('',*,*,#1710,.T.);
#1268=ORIENTED_EDGE('',*,*,#1830,.F.);
#1269=ORIENTED_EDGE('',*,*,#1829,.F.);
#1270=ORIENTED_EDGE('',*,*,#1712,.F.);
#1271=ORIENTED_EDGE('',*,*,#1717,.T.);
#1272=ORIENTED_EDGE('',*,*,#1714,.T.);
#1273=ORIENTED_EDGE('',*,*,#1832,.F.);
#1274=ORIENTED_EDGE('',*,*,#1837,.T.);
#1275=ORIENTED_EDGE('',*,*,#1716,.T.);
#1276=ORIENTED_EDGE('',*,*,#1836,.F.);
#1277=ORIENTED_EDGE('',*,*,#1835,.F.);
#1278=ORIENTED_EDGE('',*,*,#1718,.T.);
#1279=ORIENTED_EDGE('',*,*,#1502,.F.);
#1280=ORIENTED_EDGE('',*,*,#1506,.F.);
#1281=ORIENTED_EDGE('',*,*,#1504,.T.);
#1282=ORIENTED_EDGE('',*,*,#1721,.T.);
#1283=ORIENTED_EDGE('',*,*,#1723,.T.);
#1284=ORIENTED_EDGE('',*,*,#1507,.F.);
#1285=ORIENTED_EDGE('',*,*,#1722,.F.);
#1286=ORIENTED_EDGE('',*,*,#1724,.T.);
#1287=ORIENTED_EDGE('',*,*,#1508,.F.);
#1288=ORIENTED_EDGE('',*,*,#1512,.F.);
#1289=ORIENTED_EDGE('',*,*,#1510,.T.);
#1290=ORIENTED_EDGE('',*,*,#1727,.T.);
#1291=ORIENTED_EDGE('',*,*,#1729,.T.);
#1292=ORIENTED_EDGE('',*,*,#1513,.F.);
#1293=ORIENTED_EDGE('',*,*,#1728,.F.);
#1294=ORIENTED_EDGE('',*,*,#1730,.T.);
#1295=ORIENTED_EDGE('',*,*,#1514,.F.);
#1296=ORIENTED_EDGE('',*,*,#1518,.F.);
#1297=ORIENTED_EDGE('',*,*,#1516,.T.);
#1298=ORIENTED_EDGE('',*,*,#1733,.T.);
#1299=ORIENTED_EDGE('',*,*,#1735,.T.);
#1300=ORIENTED_EDGE('',*,*,#1519,.F.);
#1301=ORIENTED_EDGE('',*,*,#1734,.F.);
#1302=ORIENTED_EDGE('',*,*,#1736,.T.);
#1303=ORIENTED_EDGE('',*,*,#1520,.F.);
#1304=ORIENTED_EDGE('',*,*,#1524,.F.);
#1305=ORIENTED_EDGE('',*,*,#1522,.T.);
#1306=ORIENTED_EDGE('',*,*,#1739,.T.);
#1307=ORIENTED_EDGE('',*,*,#1741,.T.);
#1308=ORIENTED_EDGE('',*,*,#1525,.F.);
#1309=ORIENTED_EDGE('',*,*,#1740,.F.);
#1310=ORIENTED_EDGE('',*,*,#1742,.T.);
#1311=ORIENTED_EDGE('',*,*,#1526,.F.);
#1312=ORIENTED_EDGE('',*,*,#1530,.F.);
#1313=ORIENTED_EDGE('',*,*,#1528,.T.);
#1314=ORIENTED_EDGE('',*,*,#1745,.T.);
#1315=ORIENTED_EDGE('',*,*,#1747,.T.);
#1316=ORIENTED_EDGE('',*,*,#1531,.F.);
#1317=ORIENTED_EDGE('',*,*,#1746,.F.);
#1318=ORIENTED_EDGE('',*,*,#1748,.T.);
#1319=ORIENTED_EDGE('',*,*,#1532,.F.);
#1320=ORIENTED_EDGE('',*,*,#1536,.F.);
#1321=ORIENTED_EDGE('',*,*,#1534,.T.);
#1322=ORIENTED_EDGE('',*,*,#1751,.T.);
#1323=ORIENTED_EDGE('',*,*,#1753,.T.);
#1324=ORIENTED_EDGE('',*,*,#1537,.F.);
#1325=ORIENTED_EDGE('',*,*,#1752,.F.);
#1326=ORIENTED_EDGE('',*,*,#1754,.T.);
#1327=ORIENTED_EDGE('',*,*,#1586,.F.);
#1328=ORIENTED_EDGE('',*,*,#1590,.F.);
#1329=ORIENTED_EDGE('',*,*,#1588,.T.);
#1330=ORIENTED_EDGE('',*,*,#1757,.T.);
#1331=ORIENTED_EDGE('',*,*,#1759,.T.);
#1332=ORIENTED_EDGE('',*,*,#1591,.F.);
#1333=ORIENTED_EDGE('',*,*,#1758,.F.);
#1334=ORIENTED_EDGE('',*,*,#1760,.T.);
#1335=ORIENTED_EDGE('',*,*,#1592,.F.);
#1336=ORIENTED_EDGE('',*,*,#1596,.F.);
#1337=ORIENTED_EDGE('',*,*,#1594,.T.);
#1338=ORIENTED_EDGE('',*,*,#1763,.T.);
#1339=ORIENTED_EDGE('',*,*,#1765,.T.);
#1340=ORIENTED_EDGE('',*,*,#1597,.F.);
#1341=ORIENTED_EDGE('',*,*,#1764,.F.);
#1342=ORIENTED_EDGE('',*,*,#1766,.T.);
#1343=ORIENTED_EDGE('',*,*,#1598,.F.);
#1344=ORIENTED_EDGE('',*,*,#1602,.F.);
#1345=ORIENTED_EDGE('',*,*,#1600,.T.);
#1346=ORIENTED_EDGE('',*,*,#1769,.T.);
#1347=ORIENTED_EDGE('',*,*,#1771,.T.);
#1348=ORIENTED_EDGE('',*,*,#1603,.F.);
#1349=ORIENTED_EDGE('',*,*,#1770,.F.);
#1350=ORIENTED_EDGE('',*,*,#1772,.T.);
#1351=ORIENTED_EDGE('',*,*,#1604,.F.);
#1352=ORIENTED_EDGE('',*,*,#1608,.F.);
#1353=ORIENTED_EDGE('',*,*,#1606,.T.);
#1354=ORIENTED_EDGE('',*,*,#1775,.T.);
#1355=ORIENTED_EDGE('',*,*,#1777,.T.);
#1356=ORIENTED_EDGE('',*,*,#1609,.F.);
#1357=ORIENTED_EDGE('',*,*,#1776,.F.);
#1358=ORIENTED_EDGE('',*,*,#1778,.T.);
#1359=ORIENTED_EDGE('',*,*,#1610,.F.);
#1360=ORIENTED_EDGE('',*,*,#1614,.F.);
#1361=ORIENTED_EDGE('',*,*,#1612,.T.);
#1362=ORIENTED_EDGE('',*,*,#1781,.T.);
#1363=ORIENTED_EDGE('',*,*,#1783,.T.);
#1364=ORIENTED_EDGE('',*,*,#1615,.F.);
#1365=ORIENTED_EDGE('',*,*,#1782,.F.);
#1366=ORIENTED_EDGE('',*,*,#1784,.T.);
#1367=ORIENTED_EDGE('',*,*,#1616,.F.);
#1368=ORIENTED_EDGE('',*,*,#1620,.F.);
#1369=ORIENTED_EDGE('',*,*,#1618,.T.);
#1370=ORIENTED_EDGE('',*,*,#1787,.T.);
#1371=ORIENTED_EDGE('',*,*,#1789,.T.);
#1372=ORIENTED_EDGE('',*,*,#1621,.F.);
#1373=ORIENTED_EDGE('',*,*,#1788,.F.);
#1374=ORIENTED_EDGE('',*,*,#1790,.T.);
#1375=ORIENTED_EDGE('',*,*,#1622,.F.);
#1376=ORIENTED_EDGE('',*,*,#1626,.F.);
#1377=ORIENTED_EDGE('',*,*,#1624,.T.);
#1378=ORIENTED_EDGE('',*,*,#1793,.T.);
#1379=ORIENTED_EDGE('',*,*,#1795,.T.);
#1380=ORIENTED_EDGE('',*,*,#1627,.F.);
#1381=ORIENTED_EDGE('',*,*,#1794,.F.);
#1382=ORIENTED_EDGE('',*,*,#1796,.T.);
#1383=ORIENTED_EDGE('',*,*,#1628,.F.);
#1384=ORIENTED_EDGE('',*,*,#1632,.F.);
#1385=ORIENTED_EDGE('',*,*,#1630,.T.);
#1386=ORIENTED_EDGE('',*,*,#1799,.T.);
#1387=ORIENTED_EDGE('',*,*,#1801,.T.);
#1388=ORIENTED_EDGE('',*,*,#1633,.F.);
#1389=ORIENTED_EDGE('',*,*,#1800,.F.);
#1390=ORIENTED_EDGE('',*,*,#1802,.T.);
#1391=ORIENTED_EDGE('',*,*,#1634,.F.);
#1392=ORIENTED_EDGE('',*,*,#1638,.F.);
#1393=ORIENTED_EDGE('',*,*,#1636,.T.);
#1394=ORIENTED_EDGE('',*,*,#1805,.T.);
#1395=ORIENTED_EDGE('',*,*,#1807,.T.);
#1396=ORIENTED_EDGE('',*,*,#1639,.F.);
#1397=ORIENTED_EDGE('',*,*,#1806,.F.);
#1398=ORIENTED_EDGE('',*,*,#1808,.T.);
#1399=ORIENTED_EDGE('',*,*,#1640,.F.);
#1400=ORIENTED_EDGE('',*,*,#1644,.F.);
#1401=ORIENTED_EDGE('',*,*,#1642,.T.);
#1402=ORIENTED_EDGE('',*,*,#1811,.T.);
#1403=ORIENTED_EDGE('',*,*,#1813,.T.);
#1404=ORIENTED_EDGE('',*,*,#1645,.F.);
#1405=ORIENTED_EDGE('',*,*,#1812,.F.);
#1406=ORIENTED_EDGE('',*,*,#1814,.T.);
#1407=ORIENTED_EDGE('',*,*,#1646,.F.);
#1408=ORIENTED_EDGE('',*,*,#1650,.F.);
#1409=ORIENTED_EDGE('',*,*,#1648,.T.);
#1410=ORIENTED_EDGE('',*,*,#1817,.T.);
#1411=ORIENTED_EDGE('',*,*,#1819,.T.);
#1412=ORIENTED_EDGE('',*,*,#1651,.F.);
#1413=ORIENTED_EDGE('',*,*,#1818,.F.);
#1414=ORIENTED_EDGE('',*,*,#1820,.T.);
#1415=ORIENTED_EDGE('',*,*,#1652,.F.);
#1416=ORIENTED_EDGE('',*,*,#1656,.F.);
#1417=ORIENTED_EDGE('',*,*,#1654,.T.);
#1418=ORIENTED_EDGE('',*,*,#1823,.T.);
#1419=ORIENTED_EDGE('',*,*,#1825,.T.);
#1420=ORIENTED_EDGE('',*,*,#1657,.F.);
#1421=ORIENTED_EDGE('',*,*,#1824,.F.);
#1422=ORIENTED_EDGE('',*,*,#1826,.T.);
#1423=ORIENTED_EDGE('',*,*,#1828,.T.);
#1424=ORIENTED_EDGE('',*,*,#1711,.F.);
#1425=ORIENTED_EDGE('',*,*,#1827,.F.);
#1426=ORIENTED_EDGE('',*,*,#1829,.T.);
#1427=ORIENTED_EDGE('',*,*,#1707,.F.);
#1428=ORIENTED_EDGE('',*,*,#1710,.F.);
#1429=ORIENTED_EDGE('',*,*,#1709,.T.);
#1430=ORIENTED_EDGE('',*,*,#1832,.T.);
#1431=ORIENTED_EDGE('',*,*,#1834,.T.);
#1432=ORIENTED_EDGE('',*,*,#1717,.F.);
#1433=ORIENTED_EDGE('',*,*,#1833,.F.);
#1434=ORIENTED_EDGE('',*,*,#1835,.T.);
#1435=ORIENTED_EDGE('',*,*,#1713,.F.);
#1436=ORIENTED_EDGE('',*,*,#1716,.F.);
#1437=ORIENTED_EDGE('',*,*,#1715,.T.);
#1438=EDGE_CURVE('',#2446,#2447,#2370,.T.);
#1439=EDGE_CURVE('',#2447,#2448,#2371,.T.);
#1440=EDGE_CURVE('',#2449,#2448,#2372,.T.);
#1441=EDGE_CURVE('',#2446,#2449,#2373,.T.);
#1442=EDGE_CURVE('',#2447,#2450,#1954,.T.);
#1443=EDGE_CURVE('',#2450,#2451,#1838,.T.);
#1444=EDGE_CURVE('',#2448,#2451,#1955,.T.);
#1445=EDGE_CURVE('',#2450,#2452,#2374,.T.);
#1446=EDGE_CURVE('',#2452,#2453,#2375,.T.);
#1447=EDGE_CURVE('',#2451,#2453,#2376,.T.);
#1448=EDGE_CURVE('',#2452,#2454,#1956,.T.);
#1449=EDGE_CURVE('',#2454,#2455,#1839,.T.);
#1450=EDGE_CURVE('',#2453,#2455,#1957,.T.);
#1451=EDGE_CURVE('',#2454,#2456,#2377,.T.);
#1452=EDGE_CURVE('',#2456,#2457,#2378,.T.);
#1453=EDGE_CURVE('',#2455,#2457,#2379,.T.);
#1454=EDGE_CURVE('',#2456,#2458,#1958,.T.);
#1455=EDGE_CURVE('',#2458,#2459,#1840,.T.);
#1456=EDGE_CURVE('',#2457,#2459,#1959,.T.);
#1457=EDGE_CURVE('',#2458,#2460,#2380,.T.);
#1458=EDGE_CURVE('',#2460,#2461,#2381,.T.);
#1459=EDGE_CURVE('',#2459,#2461,#2382,.T.);
#1460=EDGE_CURVE('',#2460,#2446,#1960,.T.);
#1461=EDGE_CURVE('',#2461,#2449,#1961,.T.);
#1462=EDGE_CURVE('',#2462,#2463,#2383,.T.);
#1463=EDGE_CURVE('',#2463,#2464,#2384,.T.);
#1464=EDGE_CURVE('',#2464,#2465,#2385,.T.);
#1465=EDGE_CURVE('',#2465,#2462,#2386,.T.);
#1466=EDGE_CURVE('',#2463,#2466,#1962,.T.);
#1467=EDGE_CURVE('',#2466,#2467,#1841,.T.);
#1468=EDGE_CURVE('',#2467,#2464,#1963,.T.);
#1469=EDGE_CURVE('',#2466,#2468,#2387,.T.);
#1470=EDGE_CURVE('',#2468,#2469,#2388,.T.);
#1471=EDGE_CURVE('',#2469,#2467,#2389,.T.);
#1472=EDGE_CURVE('',#2468,#2470,#1964,.T.);
#1473=EDGE_CURVE('',#2470,#2471,#1842,.T.);
#1474=EDGE_CURVE('',#2471,#2469,#1965,.T.);
#1475=EDGE_CURVE('',#2470,#2472,#2390,.T.);
#1476=EDGE_CURVE('',#2472,#2473,#2391,.T.);
#1477=EDGE_CURVE('',#2473,#2471,#2392,.T.);
#1478=EDGE_CURVE('',#2472,#2474,#1966,.T.);
#1479=EDGE_CURVE('',#2474,#2475,#1843,.T.);
#1480=EDGE_CURVE('',#2475,#2473,#1967,.T.);
#1481=EDGE_CURVE('',#2474,#2476,#2393,.T.);
#1482=EDGE_CURVE('',#2476,#2477,#2394,.T.);
#1483=EDGE_CURVE('',#2477,#2475,#2395,.T.);
#1484=EDGE_CURVE('',#2476,#2462,#1968,.T.);
#1485=EDGE_CURVE('',#2465,#2477,#1969,.T.);
#1486=EDGE_CURVE('',#2447,#2463,#2396,.T.);
#1487=EDGE_CURVE('',#2462,#2446,#2397,.T.);
#1488=EDGE_CURVE('',#2450,#2466,#1844,.T.);
#1489=EDGE_CURVE('',#2452,#2468,#2398,.T.);
#1490=EDGE_CURVE('',#2454,#2470,#1845,.T.);
#1491=EDGE_CURVE('',#2456,#2472,#2399,.T.);
#1492=EDGE_CURVE('',#2458,#2474,#1846,.T.);
#1493=EDGE_CURVE('',#2460,#2476,#2400,.T.);
#1494=EDGE_CURVE('',#2449,#2465,#2401,.T.);
#1495=EDGE_CURVE('',#2464,#2448,#2402,.T.);
#1496=EDGE_CURVE('',#2467,#2451,#1847,.T.);
#1497=EDGE_CURVE('',#2453,#2469,#1848,.T.);
#1498=EDGE_CURVE('',#2455,#2471,#2403,.T.);
#1499=EDGE_CURVE('',#2473,#2457,#2404,.T.);
#1500=EDGE_CURVE('',#2475,#2459,#1849,.T.);
#1501=EDGE_CURVE('',#2477,#2461,#2405,.T.);
#1502=EDGE_CURVE('',#2478,#2623,#1970,.T.);
#1503=EDGE_CURVE('',#2479,#2624,#1971,.T.);
#1504=EDGE_CURVE('',#2480,#2622,#1972,.T.);
#1505=EDGE_CURVE('',#2481,#2625,#1973,.T.);
#1506=EDGE_CURVE('',#2480,#2478,#1850,.T.);
#1507=EDGE_CURVE('',#2479,#2481,#1851,.T.);
#1508=EDGE_CURVE('',#2482,#2627,#1974,.T.);
#1509=EDGE_CURVE('',#2483,#2628,#1975,.T.);
#1510=EDGE_CURVE('',#2484,#2626,#1976,.T.);
#1511=EDGE_CURVE('',#2485,#2629,#1977,.T.);
#1512=EDGE_CURVE('',#2484,#2482,#1852,.T.);
#1513=EDGE_CURVE('',#2483,#2485,#1853,.T.);
#1514=EDGE_CURVE('',#2486,#2631,#1978,.T.);
#1515=EDGE_CURVE('',#2487,#2632,#1979,.T.);
#1516=EDGE_CURVE('',#2488,#2630,#1980,.T.);
#1517=EDGE_CURVE('',#2489,#2633,#1981,.T.);
#1518=EDGE_CURVE('',#2488,#2486,#1854,.T.);
#1519=EDGE_CURVE('',#2487,#2489,#1855,.T.);
#1520=EDGE_CURVE('',#2490,#2635,#1982,.T.);
#1521=EDGE_CURVE('',#2491,#2636,#1983,.T.);
#1522=EDGE_CURVE('',#2492,#2634,#1984,.T.);
#1523=EDGE_CURVE('',#2493,#2637,#1985,.T.);
#1524=EDGE_CURVE('',#2492,#2490,#1856,.T.);
#1525=EDGE_CURVE('',#2491,#2493,#1857,.T.);
#1526=EDGE_CURVE('',#2494,#2639,#1986,.T.);
#1527=EDGE_CURVE('',#2495,#2640,#1987,.T.);
#1528=EDGE_CURVE('',#2496,#2638,#1988,.T.);
#1529=EDGE_CURVE('',#2497,#2641,#1989,.T.);
#1530=EDGE_CURVE('',#2496,#2494,#1858,.T.);
#1531=EDGE_CURVE('',#2495,#2497,#1859,.T.);
#1532=EDGE_CURVE('',#2498,#2643,#1990,.T.);
#1533=EDGE_CURVE('',#2499,#2644,#1991,.T.);
#1534=EDGE_CURVE('',#2500,#2642,#1992,.T.);
#1535=EDGE_CURVE('',#2501,#2645,#1993,.T.);
#1536=EDGE_CURVE('',#2500,#2498,#1860,.T.);
#1537=EDGE_CURVE('',#2499,#2501,#1861,.T.);
#1538=EDGE_CURVE('',#2502,#2503,#1994,.T.);
#1539=EDGE_CURVE('',#2503,#2504,#2406,.T.);
#1540=EDGE_CURVE('',#2504,#2505,#1995,.T.);
#1541=EDGE_CURVE('',#2505,#2502,#2407,.T.);
#1542=EDGE_CURVE('',#2506,#2507,#1996,.T.);
#1543=EDGE_CURVE('',#2508,#2506,#2408,.T.);
#1544=EDGE_CURVE('',#2509,#2508,#1997,.T.);
#1545=EDGE_CURVE('',#2507,#2509,#2409,.T.);
#1546=EDGE_CURVE('',#2510,#2511,#1998,.T.);
#1547=EDGE_CURVE('',#2511,#2512,#2410,.T.);
#1548=EDGE_CURVE('',#2512,#2513,#1999,.T.);
#1549=EDGE_CURVE('',#2513,#2510,#2411,.T.);
#1550=EDGE_CURVE('',#2514,#2515,#2000,.T.);
#1551=EDGE_CURVE('',#2516,#2514,#2412,.T.);
#1552=EDGE_CURVE('',#2517,#2516,#2001,.T.);
#1553=EDGE_CURVE('',#2515,#2517,#2413,.T.);
#1554=EDGE_CURVE('',#2514,#2506,#1862,.T.);
#1555=EDGE_CURVE('',#2503,#2511,#1863,.T.);
#1556=EDGE_CURVE('',#2515,#2507,#1864,.T.);
#1557=EDGE_CURVE('',#2502,#2510,#1865,.T.);
#1558=EDGE_CURVE('',#2516,#2508,#2414,.T.);
#1559=EDGE_CURVE('',#2504,#2512,#2415,.T.);
#1560=EDGE_CURVE('',#2517,#2509,#1866,.T.);
#1561=EDGE_CURVE('',#2505,#2513,#1867,.T.);
#1562=EDGE_CURVE('',#2518,#2519,#2002,.T.);
#1563=EDGE_CURVE('',#2519,#2520,#2416,.T.);
#1564=EDGE_CURVE('',#2520,#2521,#2003,.T.);
#1565=EDGE_CURVE('',#2521,#2518,#2417,.T.);
#1566=EDGE_CURVE('',#2522,#2523,#2004,.T.);
#1567=EDGE_CURVE('',#2524,#2522,#2418,.T.);
#1568=EDGE_CURVE('',#2525,#2524,#2005,.T.);
#1569=EDGE_CURVE('',#2523,#2525,#2419,.T.);
#1570=EDGE_CURVE('',#2526,#2527,#2006,.T.);
#1571=EDGE_CURVE('',#2527,#2528,#2420,.T.);
#1572=EDGE_CURVE('',#2528,#2529,#2007,.T.);
#1573=EDGE_CURVE('',#2529,#2526,#2421,.T.);
#1574=EDGE_CURVE('',#2530,#2531,#2008,.T.);
#1575=EDGE_CURVE('',#2532,#2530,#2422,.T.);
#1576=EDGE_CURVE('',#2533,#2532,#2009,.T.);
#1577=EDGE_CURVE('',#2531,#2533,#2423,.T.);
#1578=EDGE_CURVE('',#2530,#2522,#1868,.T.);
#1579=EDGE_CURVE('',#2519,#2527,#1869,.T.);
#1580=EDGE_CURVE('',#2531,#2523,#1870,.T.);
#1581=EDGE_CURVE('',#2518,#2526,#1871,.T.);
#1582=EDGE_CURVE('',#2532,#2524,#2424,.T.);
#1583=EDGE_CURVE('',#2520,#2528,#2425,.T.);
#1584=EDGE_CURVE('',#2533,#2525,#1872,.T.);
#1585=EDGE_CURVE('',#2521,#2529,#1873,.T.);
#1586=EDGE_CURVE('',#2534,#2647,#2010,.T.);
#1587=EDGE_CURVE('',#2535,#2648,#2011,.T.);
#1588=EDGE_CURVE('',#2536,#2646,#2012,.T.);
#1589=EDGE_CURVE('',#2537,#2649,#2013,.T.);
#1590=EDGE_CURVE('',#2536,#2534,#1874,.T.);
#1591=EDGE_CURVE('',#2535,#2537,#1875,.T.);
#1592=EDGE_CURVE('',#2538,#2651,#2014,.T.);
#1593=EDGE_CURVE('',#2539,#2652,#2015,.T.);
#1594=EDGE_CURVE('',#2540,#2650,#2016,.T.);
#1595=EDGE_CURVE('',#2541,#2653,#2017,.T.);
#1596=EDGE_CURVE('',#2540,#2538,#1876,.T.);
#1597=EDGE_CURVE('',#2539,#2541,#1877,.T.);
#1598=EDGE_CURVE('',#2542,#2655,#2018,.T.);
#1599=EDGE_CURVE('',#2543,#2656,#2019,.T.);
#1600=EDGE_CURVE('',#2544,#2654,#2020,.T.);
#1601=EDGE_CURVE('',#2545,#2657,#2021,.T.);
#1602=EDGE_CURVE('',#2544,#2542,#1878,.T.);
#1603=EDGE_CURVE('',#2543,#2545,#1879,.T.);
#1604=EDGE_CURVE('',#2546,#2659,#2022,.T.);
#1605=EDGE_CURVE('',#2547,#2660,#2023,.T.);
#1606=EDGE_CURVE('',#2548,#2658,#2024,.T.);
#1607=EDGE_CURVE('',#2549,#2661,#2025,.T.);
#1608=EDGE_CURVE('',#2548,#2546,#1880,.T.);
#1609=EDGE_CURVE('',#2547,#2549,#1881,.T.);
#1610=EDGE_CURVE('',#2550,#2663,#2026,.T.);
#1611=EDGE_CURVE('',#2551,#2664,#2027,.T.);
#1612=EDGE_CURVE('',#2552,#2662,#2028,.T.);
#1613=EDGE_CURVE('',#2553,#2665,#2029,.T.);
#1614=EDGE_CURVE('',#2552,#2550,#1882,.T.);
#1615=EDGE_CURVE('',#2551,#2553,#1883,.T.);
#1616=EDGE_CURVE('',#2554,#2667,#2030,.T.);
#1617=EDGE_CURVE('',#2555,#2668,#2031,.T.);
#1618=EDGE_CURVE('',#2556,#2666,#2032,.T.);
#1619=EDGE_CURVE('',#2557,#2669,#2033,.T.);
#1620=EDGE_CURVE('',#2556,#2554,#1884,.T.);
#1621=EDGE_CURVE('',#2555,#2557,#1885,.T.);
#1622=EDGE_CURVE('',#2558,#2671,#2034,.T.);
#1623=EDGE_CURVE('',#2559,#2672,#2035,.T.);
#1624=EDGE_CURVE('',#2560,#2670,#2036,.T.);
#1625=EDGE_CURVE('',#2561,#2673,#2037,.T.);
#1626=EDGE_CURVE('',#2560,#2558,#1886,.T.);
#1627=EDGE_CURVE('',#2559,#2561,#1887,.T.);
#1628=EDGE_CURVE('',#2562,#2675,#2038,.T.);
#1629=EDGE_CURVE('',#2563,#2676,#2039,.T.);
#1630=EDGE_CURVE('',#2564,#2674,#2040,.T.);
#1631=EDGE_CURVE('',#2565,#2677,#2041,.T.);
#1632=EDGE_CURVE('',#2564,#2562,#1888,.T.);
#1633=EDGE_CURVE('',#2563,#2565,#1889,.T.);
#1634=EDGE_CURVE('',#2566,#2679,#2042,.T.);
#1635=EDGE_CURVE('',#2567,#2680,#2043,.T.);
#1636=EDGE_CURVE('',#2568,#2678,#2044,.T.);
#1637=EDGE_CURVE('',#2569,#2681,#2045,.T.);
#1638=EDGE_CURVE('',#2568,#2566,#1890,.T.);
#1639=EDGE_CURVE('',#2567,#2569,#1891,.T.);
#1640=EDGE_CURVE('',#2570,#2683,#2046,.T.);
#1641=EDGE_CURVE('',#2571,#2684,#2047,.T.);
#1642=EDGE_CURVE('',#2572,#2682,#2048,.T.);
#1643=EDGE_CURVE('',#2573,#2685,#2049,.T.);
#1644=EDGE_CURVE('',#2572,#2570,#1892,.T.);
#1645=EDGE_CURVE('',#2571,#2573,#1893,.T.);
#1646=EDGE_CURVE('',#2574,#2687,#2050,.T.);
#1647=EDGE_CURVE('',#2575,#2688,#2051,.T.);
#1648=EDGE_CURVE('',#2576,#2686,#2052,.T.);
#1649=EDGE_CURVE('',#2577,#2689,#2053,.T.);
#1650=EDGE_CURVE('',#2576,#2574,#1894,.T.);
#1651=EDGE_CURVE('',#2575,#2577,#1895,.T.);
#1652=EDGE_CURVE('',#2578,#2691,#2054,.T.);
#1653=EDGE_CURVE('',#2579,#2692,#2055,.T.);
#1654=EDGE_CURVE('',#2580,#2690,#2056,.T.);
#1655=EDGE_CURVE('',#2581,#2693,#2057,.T.);
#1656=EDGE_CURVE('',#2580,#2578,#1896,.T.);
#1657=EDGE_CURVE('',#2579,#2581,#1897,.T.);
#1658=EDGE_CURVE('',#2582,#2583,#2058,.T.);
#1659=EDGE_CURVE('',#2583,#2584,#2426,.T.);
#1660=EDGE_CURVE('',#2584,#2585,#2059,.T.);
#1661=EDGE_CURVE('',#2585,#2582,#2427,.T.);
#1662=EDGE_CURVE('',#2586,#2587,#2060,.T.);
#1663=EDGE_CURVE('',#2588,#2586,#2428,.T.);
#1664=EDGE_CURVE('',#2589,#2588,#2061,.T.);
#1665=EDGE_CURVE('',#2587,#2589,#2429,.T.);
#1666=EDGE_CURVE('',#2590,#2591,#2062,.T.);
#1667=EDGE_CURVE('',#2591,#2592,#2430,.T.);
#1668=EDGE_CURVE('',#2592,#2593,#2063,.T.);
#1669=EDGE_CURVE('',#2593,#2590,#2431,.T.);
#1670=EDGE_CURVE('',#2594,#2595,#2064,.T.);
#1671=EDGE_CURVE('',#2596,#2594,#2432,.T.);
#1672=EDGE_CURVE('',#2597,#2596,#2065,.T.);
#1673=EDGE_CURVE('',#2595,#2597,#2433,.T.);
#1674=EDGE_CURVE('',#2594,#2586,#1898,.T.);
#1675=EDGE_CURVE('',#2583,#2591,#1899,.T.);
#1676=EDGE_CURVE('',#2595,#2587,#1900,.T.);
#1677=EDGE_CURVE('',#2582,#2590,#1901,.T.);
#1678=EDGE_CURVE('',#2596,#2588,#2434,.T.);
#1679=EDGE_CURVE('',#2584,#2592,#2435,.T.);
#1680=EDGE_CURVE('',#2597,#2589,#1902,.T.);
#1681=EDGE_CURVE('',#2585,#2593,#1903,.T.);
#1682=EDGE_CURVE('',#2598,#2599,#2066,.T.);
#1683=EDGE_CURVE('',#2599,#2600,#2436,.T.);
#1684=EDGE_CURVE('',#2600,#2601,#2067,.T.);
#1685=EDGE_CURVE('',#2601,#2598,#2437,.T.);
#1686=EDGE_CURVE('',#2602,#2603,#2068,.T.);
#1687=EDGE_CURVE('',#2604,#2602,#2438,.T.);
#1688=EDGE_CURVE('',#2605,#2604,#2069,.T.);
#1689=EDGE_CURVE('',#2603,#2605,#2439,.T.);
#1690=EDGE_CURVE('',#2606,#2607,#2070,.T.);
#1691=EDGE_CURVE('',#2607,#2608,#2440,.T.);
#1692=EDGE_CURVE('',#2608,#2609,#2071,.T.);
#1693=EDGE_CURVE('',#2609,#2606,#2441,.T.);
#1694=EDGE_CURVE('',#2610,#2611,#2072,.T.);
#1695=EDGE_CURVE('',#2612,#2610,#2442,.T.);
#1696=EDGE_CURVE('',#2613,#2612,#2073,.T.);
#1697=EDGE_CURVE('',#2611,#2613,#2443,.T.);
#1698=EDGE_CURVE('',#2610,#2602,#1904,.T.);
#1699=EDGE_CURVE('',#2599,#2607,#1905,.T.);
#1700=EDGE_CURVE('',#2611,#2603,#1906,.T.);
#1701=EDGE_CURVE('',#2598,#2606,#1907,.T.);
#1702=EDGE_CURVE('',#2612,#2604,#2444,.T.);
#1703=EDGE_CURVE('',#2600,#2608,#2445,.T.);
#1704=EDGE_CURVE('',#2613,#2605,#1908,.T.);
#1705=EDGE_CURVE('',#2601,#2609,#1909,.T.);
#1706=EDGE_CURVE('',#2614,#2694,#2074,.T.);
#1707=EDGE_CURVE('',#2615,#2697,#2075,.T.);
#1708=EDGE_CURVE('',#2616,#2695,#2076,.T.);
#1709=EDGE_CURVE('',#2617,#2696,#2077,.T.);
#1710=EDGE_CURVE('',#2617,#2615,#1910,.T.);
#1711=EDGE_CURVE('',#2614,#2616,#1911,.T.);
#1712=EDGE_CURVE('',#2618,#2698,#2078,.T.);
#1713=EDGE_CURVE('',#2619,#2701,#2079,.T.);
#1714=EDGE_CURVE('',#2620,#2699,#2080,.T.);
#1715=EDGE_CURVE('',#2621,#2700,#2081,.T.);
#1716=EDGE_CURVE('',#2621,#2619,#1912,.T.);
#1717=EDGE_CURVE('',#2618,#2620,#1913,.T.);
#1718=EDGE_CURVE('',#2622,#2623,#1914,.T.);
#1719=EDGE_CURVE('',#2623,#2478,#2082,.T.);
#1720=EDGE_CURVE('',#2622,#2480,#2083,.T.);
#1721=EDGE_CURVE('',#2624,#2625,#1915,.T.);
#1722=EDGE_CURVE('',#2624,#2479,#2084,.T.);
#1723=EDGE_CURVE('',#2625,#2481,#2085,.T.);
#1724=EDGE_CURVE('',#2626,#2627,#1916,.T.);
#1725=EDGE_CURVE('',#2627,#2482,#2086,.T.);
#1726=EDGE_CURVE('',#2626,#2484,#2087,.T.);
#1727=EDGE_CURVE('',#2628,#2629,#1917,.T.);
#1728=EDGE_CURVE('',#2628,#2483,#2088,.T.);
#1729=EDGE_CURVE('',#2629,#2485,#2089,.T.);
#1730=EDGE_CURVE('',#2630,#2631,#1918,.T.);
#1731=EDGE_CURVE('',#2631,#2486,#2090,.T.);
#1732=EDGE_CURVE('',#2630,#2488,#2091,.T.);
#1733=EDGE_CURVE('',#2632,#2633,#1919,.T.);
#1734=EDGE_CURVE('',#2632,#2487,#2092,.T.);
#1735=EDGE_CURVE('',#2633,#2489,#2093,.T.);
#1736=EDGE_CURVE('',#2634,#2635,#1920,.T.);
#1737=EDGE_CURVE('',#2635,#2490,#2094,.T.);
#1738=EDGE_CURVE('',#2634,#2492,#2095,.T.);
#1739=EDGE_CURVE('',#2636,#2637,#1921,.T.);
#1740=EDGE_CURVE('',#2636,#2491,#2096,.T.);
#1741=EDGE_CURVE('',#2637,#2493,#2097,.T.);
#1742=EDGE_CURVE('',#2638,#2639,#1922,.T.);
#1743=EDGE_CURVE('',#2639,#2494,#2098,.T.);
#1744=EDGE_CURVE('',#2638,#2496,#2099,.T.);
#1745=EDGE_CURVE('',#2640,#2641,#1923,.T.);
#1746=EDGE_CURVE('',#2640,#2495,#2100,.T.);
#1747=EDGE_CURVE('',#2641,#2497,#2101,.T.);
#1748=EDGE_CURVE('',#2642,#2643,#1924,.T.);
#1749=EDGE_CURVE('',#2643,#2498,#2102,.T.);
#1750=EDGE_CURVE('',#2642,#2500,#2103,.T.);
#1751=EDGE_CURVE('',#2644,#2645,#1925,.T.);
#1752=EDGE_CURVE('',#2644,#2499,#2104,.T.);
#1753=EDGE_CURVE('',#2645,#2501,#2105,.T.);
#1754=EDGE_CURVE('',#2646,#2647,#1926,.T.);
#1755=EDGE_CURVE('',#2647,#2534,#2106,.T.);
#1756=EDGE_CURVE('',#2646,#2536,#2107,.T.);
#1757=EDGE_CURVE('',#2648,#2649,#1927,.T.);
#1758=EDGE_CURVE('',#2648,#2535,#2108,.T.);
#1759=EDGE_CURVE('',#2649,#2537,#2109,.T.);
#1760=EDGE_CURVE('',#2650,#2651,#1928,.T.);
#1761=EDGE_CURVE('',#2651,#2538,#2110,.T.);
#1762=EDGE_CURVE('',#2650,#2540,#2111,.T.);
#1763=EDGE_CURVE('',#2652,#2653,#1929,.T.);
#1764=EDGE_CURVE('',#2652,#2539,#2112,.T.);
#1765=EDGE_CURVE('',#2653,#2541,#2113,.T.);
#1766=EDGE_CURVE('',#2654,#2655,#1930,.T.);
#1767=EDGE_CURVE('',#2655,#2542,#2114,.T.);
#1768=EDGE_CURVE('',#2654,#2544,#2115,.T.);
#1769=EDGE_CURVE('',#2656,#2657,#1931,.T.);
#1770=EDGE_CURVE('',#2656,#2543,#2116,.T.);
#1771=EDGE_CURVE('',#2657,#2545,#2117,.T.);
#1772=EDGE_CURVE('',#2658,#2659,#1932,.T.);
#1773=EDGE_CURVE('',#2659,#2546,#2118,.T.);
#1774=EDGE_CURVE('',#2658,#2548,#2119,.T.);
#1775=EDGE_CURVE('',#2660,#2661,#1933,.T.);
#1776=EDGE_CURVE('',#2660,#2547,#2120,.T.);
#1777=EDGE_CURVE('',#2661,#2549,#2121,.T.);
#1778=EDGE_CURVE('',#2662,#2663,#1934,.T.);
#1779=EDGE_CURVE('',#2663,#2550,#2122,.T.);
#1780=EDGE_CURVE('',#2662,#2552,#2123,.T.);
#1781=EDGE_CURVE('',#2664,#2665,#1935,.T.);
#1782=EDGE_CURVE('',#2664,#2551,#2124,.T.);
#1783=EDGE_CURVE('',#2665,#2553,#2125,.T.);
#1784=EDGE_CURVE('',#2666,#2667,#1936,.T.);
#1785=EDGE_CURVE('',#2667,#2554,#2126,.T.);
#1786=EDGE_CURVE('',#2666,#2556,#2127,.T.);
#1787=EDGE_CURVE('',#2668,#2669,#1937,.T.);
#1788=EDGE_CURVE('',#2668,#2555,#2128,.T.);
#1789=EDGE_CURVE('',#2669,#2557,#2129,.T.);
#1790=EDGE_CURVE('',#2670,#2671,#1938,.T.);
#1791=EDGE_CURVE('',#2671,#2558,#2130,.T.);
#1792=EDGE_CURVE('',#2670,#2560,#2131,.T.);
#1793=EDGE_CURVE('',#2672,#2673,#1939,.T.);
#1794=EDGE_CURVE('',#2672,#2559,#2132,.T.);
#1795=EDGE_CURVE('',#2673,#2561,#2133,.T.);
#1796=EDGE_CURVE('',#2674,#2675,#1940,.T.);
#1797=EDGE_CURVE('',#2675,#2562,#2134,.T.);
#1798=EDGE_CURVE('',#2674,#2564,#2135,.T.);
#1799=EDGE_CURVE('',#2676,#2677,#1941,.T.);
#1800=EDGE_CURVE('',#2676,#2563,#2136,.T.);
#1801=EDGE_CURVE('',#2677,#2565,#2137,.T.);
#1802=EDGE_CURVE('',#2678,#2679,#1942,.T.);
#1803=EDGE_CURVE('',#2679,#2566,#2138,.T.);
#1804=EDGE_CURVE('',#2678,#2568,#2139,.T.);
#1805=EDGE_CURVE('',#2680,#2681,#1943,.T.);
#1806=EDGE_CURVE('',#2680,#2567,#2140,.T.);
#1807=EDGE_CURVE('',#2681,#2569,#2141,.T.);
#1808=EDGE_CURVE('',#2682,#2683,#1944,.T.);
#1809=EDGE_CURVE('',#2683,#2570,#2142,.T.);
#1810=EDGE_CURVE('',#2682,#2572,#2143,.T.);
#1811=EDGE_CURVE('',#2684,#2685,#1945,.T.);
#1812=EDGE_CURVE('',#2684,#2571,#2144,.T.);
#1813=EDGE_CURVE('',#2685,#2573,#2145,.T.);
#1814=EDGE_CURVE('',#2686,#2687,#1946,.T.);
#1815=EDGE_CURVE('',#2687,#2574,#2146,.T.);
#1816=EDGE_CURVE('',#2686,#2576,#2147,.T.);
#1817=EDGE_CURVE('',#2688,#2689,#1947,.T.);
#1818=EDGE_CURVE('',#2688,#2575,#2148,.T.);
#1819=EDGE_CURVE('',#2689,#2577,#2149,.T.);
#1820=EDGE_CURVE('',#2690,#2691,#1948,.T.);
#1821=EDGE_CURVE('',#2691,#2578,#2150,.T.);
#1822=EDGE_CURVE('',#2690,#2580,#2151,.T.);
#1823=EDGE_CURVE('',#2692,#2693,#1949,.T.);
#1824=EDGE_CURVE('',#2692,#2579,#2152,.T.);
#1825=EDGE_CURVE('',#2693,#2581,#2153,.T.);
#1826=EDGE_CURVE('',#2694,#2695,#1950,.T.);
#1827=EDGE_CURVE('',#2694,#2614,#2154,.T.);
#1828=EDGE_CURVE('',#2695,#2616,#2155,.T.);
#1829=EDGE_CURVE('',#2696,#2697,#1951,.T.);
#1830=EDGE_CURVE('',#2697,#2615,#2156,.T.);
#1831=EDGE_CURVE('',#2696,#2617,#2157,.T.);
#1832=EDGE_CURVE('',#2698,#2699,#1952,.T.);
#1833=EDGE_CURVE('',#2698,#2618,#2158,.T.);
#1834=EDGE_CURVE('',#2699,#2620,#2159,.T.);
#1835=EDGE_CURVE('',#2700,#2701,#1953,.T.);
#1836=EDGE_CURVE('',#2701,#2619,#2160,.T.);
#1837=EDGE_CURVE('',#2700,#2621,#2161,.T.);
#1838=(
BOUNDED_CURVE()
B_SPLINE_CURVE(1,(#4266,#4267),.UNSPECIFIED.,.F.,.F.)
B_SPLINE_CURVE_WITH_KNOTS((2,2),(0.,99.2499999999873),.UNSPECIFIED.)
CURVE()
GEOMETRIC_REPRESENTATION_ITEM()
RATIONAL_B_SPLINE_CURVE((1.,1.))
REPRESENTATION_ITEM('')
);
#1839=(
BOUNDED_CURVE()
B_SPLINE_CURVE(1,(#4280,#4281),.UNSPECIFIED.,.F.,.F.)
B_SPLINE_CURVE_WITH_KNOTS((2,2),(0.,99.2499999999873),.UNSPECIFIED.)
CURVE()
GEOMETRIC_REPRESENTATION_ITEM()
RATIONAL_B_SPLINE_CURVE((1.,1.))
REPRESENTATION_ITEM('')
);
#1840=(
BOUNDED_CURVE()
B_SPLINE_CURVE(1,(#4294,#4295),.UNSPECIFIED.,.F.,.F.)
B_SPLINE_CURVE_WITH_KNOTS((2,2),(0.,99.2499999999873),.UNSPECIFIED.)
CURVE()
GEOMETRIC_REPRESENTATION_ITEM()
RATIONAL_B_SPLINE_CURVE((1.,1.))
REPRESENTATION_ITEM('')
);
#1841=(
BOUNDED_CURVE()
B_SPLINE_CURVE(1,(#4322,#4323),.UNSPECIFIED.,.F.,.F.)
B_SPLINE_CURVE_WITH_KNOTS((2,2),(0.,99.2499999999873),.UNSPECIFIED.)
CURVE()
GEOMETRIC_REPRESENTATION_ITEM()
RATIONAL_B_SPLINE_CURVE((1.,1.))
REPRESENTATION_ITEM('')
);
#1842=(
BOUNDED_CURVE()
B_SPLINE_CURVE(1,(#4336,#4337),.UNSPECIFIED.,.F.,.F.)
B_SPLINE_CURVE_WITH_KNOTS((2,2),(0.,99.2499999999873),.UNSPECIFIED.)
CURVE()
GEOMETRIC_REPRESENTATION_ITEM()
RATIONAL_B_SPLINE_CURVE((1.,1.))
REPRESENTATION_ITEM('')
);
#1843=(
BOUNDED_CURVE()
B_SPLINE_CURVE(1,(#4350,#4351),.UNSPECIFIED.,.F.,.F.)
B_SPLINE_CURVE_WITH_KNOTS((2,2),(0.,99.2499999999873),.UNSPECIFIED.)
CURVE()
GEOMETRIC_REPRESENTATION_ITEM()
RATIONAL_B_SPLINE_CURVE((1.,1.))
REPRESENTATION_ITEM('')
);
#1844=(
BOUNDED_CURVE()
B_SPLINE_CURVE(1,(#4371,#4372),.UNSPECIFIED.,.F.,.F.)
B_SPLINE_CURVE_WITH_KNOTS((2,2),(0.,1.),.UNSPECIFIED.)
CURVE()
GEOMETRIC_REPRESENTATION_ITEM()
RATIONAL_B_SPLINE_CURVE((1.,1.))
REPRESENTATION_ITEM('')
);
#1845=(
BOUNDED_CURVE()
B_SPLINE_CURVE(1,(#4375,#4376),.UNSPECIFIED.,.F.,.F.)
B_SPLINE_CURVE_WITH_KNOTS((2,2),(0.,1.),.UNSPECIFIED.)
CURVE()
GEOMETRIC_REPRESENTATION_ITEM()
RATIONAL_B_SPLINE_CURVE((1.,1.))
REPRESENTATION_ITEM('')
);
#1846=(
BOUNDED_CURVE()
B_SPLINE_CURVE(1,(#4379,#4380),.UNSPECIFIED.,.F.,.F.)
B_SPLINE_CURVE_WITH_KNOTS((2,2),(0.,1.),.UNSPECIFIED.)
CURVE()
GEOMETRIC_REPRESENTATION_ITEM()
RATIONAL_B_SPLINE_CURVE((1.,1.))
REPRESENTATION_ITEM('')
);
#1847=(
BOUNDED_CURVE()
B_SPLINE_CURVE(1,(#4387,#4388),.UNSPECIFIED.,.F.,.F.)
B_SPLINE_CURVE_WITH_KNOTS((2,2),(-1.,0.),.UNSPECIFIED.)
CURVE()
GEOMETRIC_REPRESENTATION_ITEM()
RATIONAL_B_SPLINE_CURVE((1.,1.))
REPRESENTATION_ITEM('')
);
#1848=(
BOUNDED_CURVE()
B_SPLINE_CURVE(1,(#4389,#4390),.UNSPECIFIED.,.F.,.F.)
B_SPLINE_CURVE_WITH_KNOTS((2,2),(0.,1.),.UNSPECIFIED.)
CURVE()
GEOMETRIC_REPRESENTATION_ITEM()
RATIONAL_B_SPLINE_CURVE((1.,1.))
REPRESENTATION_ITEM('')
);
#1849=(
BOUNDED_CURVE()
B_SPLINE_CURVE(1,(#4395,#4396),.UNSPECIFIED.,.F.,.F.)
B_SPLINE_CURVE_WITH_KNOTS((2,2),(-1.,0.),.UNSPECIFIED.)
CURVE()
GEOMETRIC_REPRESENTATION_ITEM()
RATIONAL_B_SPLINE_CURVE((1.,1.))
REPRESENTATION_ITEM('')
);
#1850=(
BOUNDED_CURVE()
B_SPLINE_CURVE(1,(#4411,#4412),.UNSPECIFIED.,.F.,.F.)
B_SPLINE_CURVE_WITH_KNOTS((2,2),(0.134917804450733,0.138612875304767),
 .UNSPECIFIED.)
CURVE()
GEOMETRIC_REPRESENTATION_ITEM()
RATIONAL_B_SPLINE_CURVE((1.,1.))
REPRESENTATION_ITEM('')
);
#1851=(
BOUNDED_CURVE()
B_SPLINE_CURVE(1,(#4413,#4414),.UNSPECIFIED.,.F.,.F.)
B_SPLINE_CURVE_WITH_KNOTS((2,2),(0.0940939493527427,0.0977890202067613),
 .UNSPECIFIED.)
CURVE()
GEOMETRIC_REPRESENTATION_ITEM()
RATIONAL_B_SPLINE_CURVE((1.,1.))
REPRESENTATION_ITEM('')
);
#1852=(
BOUNDED_CURVE()
B_SPLINE_CURVE(1,(#4427,#4428),.UNSPECIFIED.,.F.,.F.)
B_SPLINE_CURVE_WITH_KNOTS((2,2),(0.134917804450721,0.13861287530475),
 .UNSPECIFIED.)
CURVE()
GEOMETRIC_REPRESENTATION_ITEM()
RATIONAL_B_SPLINE_CURVE((1.,1.))
REPRESENTATION_ITEM('')
);
#1853=(
BOUNDED_CURVE()
B_SPLINE_CURVE(1,(#4429,#4430),.UNSPECIFIED.,.F.,.F.)
B_SPLINE_CURVE_WITH_KNOTS((2,2),(0.0940939493527383,0.0977890202067641),
 .UNSPECIFIED.)
CURVE()
GEOMETRIC_REPRESENTATION_ITEM()
RATIONAL_B_SPLINE_CURVE((1.,1.))
REPRESENTATION_ITEM('')
);
#1854=(
BOUNDED_CURVE()
B_SPLINE_CURVE(1,(#4443,#4444),.UNSPECIFIED.,.F.,.F.)
B_SPLINE_CURVE_WITH_KNOTS((2,2),(0.134917804450728,0.138612875304754),
 .UNSPECIFIED.)
CURVE()
GEOMETRIC_REPRESENTATION_ITEM()
RATIONAL_B_SPLINE_CURVE((1.,1.))
REPRESENTATION_ITEM('')
);
#1855=(
BOUNDED_CURVE()
B_SPLINE_CURVE(1,(#4445,#4446),.UNSPECIFIED.,.F.,.F.)
B_SPLINE_CURVE_WITH_KNOTS((2,2),(0.0940939493527418,0.0977890202067681),
 .UNSPECIFIED.)
CURVE()
GEOMETRIC_REPRESENTATION_ITEM()
RATIONAL_B_SPLINE_CURVE((1.,1.))
REPRESENTATION_ITEM('')
);
#1856=(
BOUNDED_CURVE()
B_SPLINE_CURVE(1,(#4459,#4460),.UNSPECIFIED.,.F.,.F.)
B_SPLINE_CURVE_WITH_KNOTS((2,2),(0.134917804450728,0.138612875304754),
 .UNSPECIFIED.)
CURVE()
GEOMETRIC_REPRESENTATION_ITEM()
RATIONAL_B_SPLINE_CURVE((1.,1.))
REPRESENTATION_ITEM('')
);
#1857=(
BOUNDED_CURVE()
B_SPLINE_CURVE(1,(#4461,#4462),.UNSPECIFIED.,.F.,.F.)
B_SPLINE_CURVE_WITH_KNOTS((2,2),(0.0940939493527372,0.0977890202067629),
 .UNSPECIFIED.)
CURVE()
GEOMETRIC_REPRESENTATION_ITEM()
RATIONAL_B_SPLINE_CURVE((1.,1.))
REPRESENTATION_ITEM('')
);
#1858=(
BOUNDED_CURVE()
B_SPLINE_CURVE(1,(#4475,#4476),.UNSPECIFIED.,.F.,.F.)
B_SPLINE_CURVE_WITH_KNOTS((2,2),(0.134917804450739,0.138612875304762),
 .UNSPECIFIED.)
CURVE()
GEOMETRIC_REPRESENTATION_ITEM()
RATIONAL_B_SPLINE_CURVE((1.,1.))
REPRESENTATION_ITEM('')
);
#1859=(
BOUNDED_CURVE()
B_SPLINE_CURVE(1,(#4477,#4478),.UNSPECIFIED.,.F.,.F.)
B_SPLINE_CURVE_WITH_KNOTS((2,2),(0.094093949352749,0.0977890202067704),
 .UNSPECIFIED.)
CURVE()
GEOMETRIC_REPRESENTATION_ITEM()
RATIONAL_B_SPLINE_CURVE((1.,1.))
REPRESENTATION_ITEM('')
);
#1860=(
BOUNDED_CURVE()
B_SPLINE_CURVE(1,(#4491,#4492),.UNSPECIFIED.,.F.,.F.)
B_SPLINE_CURVE_WITH_KNOTS((2,2),(0.134917804450739,0.138612875304762),
 .UNSPECIFIED.)
CURVE()
GEOMETRIC_REPRESENTATION_ITEM()
RATIONAL_B_SPLINE_CURVE((1.,1.))
REPRESENTATION_ITEM('')
);
#1861=(
BOUNDED_CURVE()
B_SPLINE_CURVE(1,(#4493,#4494),.UNSPECIFIED.,.F.,.F.)
B_SPLINE_CURVE_WITH_KNOTS((2,2),(0.0940939493527441,0.0977890202067656),
 .UNSPECIFIED.)
CURVE()
GEOMETRIC_REPRESENTATION_ITEM()
RATIONAL_B_SPLINE_CURVE((1.,1.))
REPRESENTATION_ITEM('')
);
#1862=(
BOUNDED_CURVE()
B_SPLINE_CURVE(1,(#4535,#4536),.UNSPECIFIED.,.F.,.F.)
B_SPLINE_CURVE_WITH_KNOTS((2,2),(41.5175498572835,41.5679624554388),
 .UNSPECIFIED.)
CURVE()
GEOMETRIC_REPRESENTATION_ITEM()
RATIONAL_B_SPLINE_CURVE((1.,1.))
REPRESENTATION_ITEM('')
);
#1863=(
BOUNDED_CURVE()
B_SPLINE_CURVE(1,(#4537,#4538),.UNSPECIFIED.,.F.,.F.)
B_SPLINE_CURVE_WITH_KNOTS((2,2),(40.9605817547729,41.0109943529281),
 .UNSPECIFIED.)
CURVE()
GEOMETRIC_REPRESENTATION_ITEM()
RATIONAL_B_SPLINE_CURVE((1.,1.))
REPRESENTATION_ITEM('')
);
#1864=(
BOUNDED_CURVE()
B_SPLINE_CURVE(1,(#4539,#4540),.UNSPECIFIED.,.F.,.F.)
B_SPLINE_CURVE_WITH_KNOTS((2,2),(41.5175498572835,41.5679624554388),
 .UNSPECIFIED.)
CURVE()
GEOMETRIC_REPRESENTATION_ITEM()
RATIONAL_B_SPLINE_CURVE((1.,1.))
REPRESENTATION_ITEM('')
);
#1865=(
BOUNDED_CURVE()
B_SPLINE_CURVE(1,(#4541,#4542),.UNSPECIFIED.,.F.,.F.)
B_SPLINE_CURVE_WITH_KNOTS((2,2),(40.9605817547728,41.0109943529281),
 .UNSPECIFIED.)
CURVE()
GEOMETRIC_REPRESENTATION_ITEM()
RATIONAL_B_SPLINE_CURVE((1.,1.))
REPRESENTATION_ITEM('')
);
#1866=(
BOUNDED_CURVE()
B_SPLINE_CURVE(1,(#4547,#4548),.UNSPECIFIED.,.F.,.F.)
B_SPLINE_CURVE_WITH_KNOTS((2,2),(41.5175498572835,41.5679624554388),
 .UNSPECIFIED.)
CURVE()
GEOMETRIC_REPRESENTATION_ITEM()
RATIONAL_B_SPLINE_CURVE((1.,1.))
REPRESENTATION_ITEM('')
);
#1867=(
BOUNDED_CURVE()
B_SPLINE_CURVE(1,(#4549,#4550),.UNSPECIFIED.,.F.,.F.)
B_SPLINE_CURVE_WITH_KNOTS((2,2),(40.9605817547726,41.0109943529279),
 .UNSPECIFIED.)
CURVE()
GEOMETRIC_REPRESENTATION_ITEM()
RATIONAL_B_SPLINE_CURVE((1.,1.))
REPRESENTATION_ITEM('')
);
#1868=(
BOUNDED_CURVE()
B_SPLINE_CURVE(1,(#4591,#4592),.UNSPECIFIED.,.F.,.F.)
B_SPLINE_CURVE_WITH_KNOTS((2,2),(16.2090219298128,16.2280563943674),
 .UNSPECIFIED.)
CURVE()
GEOMETRIC_REPRESENTATION_ITEM()
RATIONAL_B_SPLINE_CURVE((1.,1.))
REPRESENTATION_ITEM('')
);
#1869=(
BOUNDED_CURVE()
B_SPLINE_CURVE(1,(#4593,#4594),.UNSPECIFIED.,.F.,.F.)
B_SPLINE_CURVE_WITH_KNOTS((2,2),(15.9987254961199,16.0177599606745),
 .UNSPECIFIED.)
CURVE()
GEOMETRIC_REPRESENTATION_ITEM()
RATIONAL_B_SPLINE_CURVE((1.,1.))
REPRESENTATION_ITEM('')
);
#1870=(
BOUNDED_CURVE()
B_SPLINE_CURVE(1,(#4595,#4596),.UNSPECIFIED.,.F.,.F.)
B_SPLINE_CURVE_WITH_KNOTS((2,2),(16.2090219298128,16.2280563943674),
 .UNSPECIFIED.)
CURVE()
GEOMETRIC_REPRESENTATION_ITEM()
RATIONAL_B_SPLINE_CURVE((1.,1.))
REPRESENTATION_ITEM('')
);
#1871=(
BOUNDED_CURVE()
B_SPLINE_CURVE(1,(#4597,#4598),.UNSPECIFIED.,.F.,.F.)
B_SPLINE_CURVE_WITH_KNOTS((2,2),(15.9987254961199,16.0177599606745),
 .UNSPECIFIED.)
CURVE()
GEOMETRIC_REPRESENTATION_ITEM()
RATIONAL_B_SPLINE_CURVE((1.,1.))
REPRESENTATION_ITEM('')
);
#1872=(
BOUNDED_CURVE()
B_SPLINE_CURVE(1,(#4603,#4604),.UNSPECIFIED.,.F.,.F.)
B_SPLINE_CURVE_WITH_KNOTS((2,2),(16.2090219298129,16.2280563943674),
 .UNSPECIFIED.)
CURVE()
GEOMETRIC_REPRESENTATION_ITEM()
RATIONAL_B_SPLINE_CURVE((1.,1.))
REPRESENTATION_ITEM('')
);
#1873=(
BOUNDED_CURVE()
B_SPLINE_CURVE(1,(#4605,#4606),.UNSPECIFIED.,.F.,.F.)
B_SPLINE_CURVE_WITH_KNOTS((2,2),(15.9987254961198,16.0177599606744),
 .UNSPECIFIED.)
CURVE()
GEOMETRIC_REPRESENTATION_ITEM()
RATIONAL_B_SPLINE_CURVE((1.,1.))
REPRESENTATION_ITEM('')
);
#1874=(
BOUNDED_CURVE()
B_SPLINE_CURVE(1,(#4619,#4620),.UNSPECIFIED.,.F.,.F.)
B_SPLINE_CURVE_WITH_KNOTS((2,2),(0.134917804450741,0.13861287530476),
 .UNSPECIFIED.)
CURVE()
GEOMETRIC_REPRESENTATION_ITEM()
RATIONAL_B_SPLINE_CURVE((1.,1.))
REPRESENTATION_ITEM('')
);
#1875=(
BOUNDED_CURVE()
B_SPLINE_CURVE(1,(#4621,#4622),.UNSPECIFIED.,.F.,.F.)
B_SPLINE_CURVE_WITH_KNOTS((2,2),(0.0940939493527455,0.0977890202067643),
 .UNSPECIFIED.)
CURVE()
GEOMETRIC_REPRESENTATION_ITEM()
RATIONAL_B_SPLINE_CURVE((1.,1.))
REPRESENTATION_ITEM('')
);
#1876=(
BOUNDED_CURVE()
B_SPLINE_CURVE(1,(#4635,#4636),.UNSPECIFIED.,.F.,.F.)
B_SPLINE_CURVE_WITH_KNOTS((2,2),(0.134917804450729,0.138612875304753),
 .UNSPECIFIED.)
CURVE()
GEOMETRIC_REPRESENTATION_ITEM()
RATIONAL_B_SPLINE_CURVE((1.,1.))
REPRESENTATION_ITEM('')
);
#1877=(
BOUNDED_CURVE()
B_SPLINE_CURVE(1,(#4637,#4638),.UNSPECIFIED.,.F.,.F.)
B_SPLINE_CURVE_WITH_KNOTS((2,2),(0.0940939493527455,0.0977890202067669),
 .UNSPECIFIED.)
CURVE()
GEOMETRIC_REPRESENTATION_ITEM()
RATIONAL_B_SPLINE_CURVE((1.,1.))
REPRESENTATION_ITEM('')
);
#1878=(
BOUNDED_CURVE()
B_SPLINE_CURVE(1,(#4651,#4652),.UNSPECIFIED.,.F.,.F.)
B_SPLINE_CURVE_WITH_KNOTS((2,2),(0.134917804450741,0.13861287530476),
 .UNSPECIFIED.)
CURVE()
GEOMETRIC_REPRESENTATION_ITEM()
RATIONAL_B_SPLINE_CURVE((1.,1.))
REPRESENTATION_ITEM('')
);
#1879=(
BOUNDED_CURVE()
B_SPLINE_CURVE(1,(#4653,#4654),.UNSPECIFIED.,.F.,.F.)
B_SPLINE_CURVE_WITH_KNOTS((2,2),(0.0940939493527429,0.0977890202067668),
 .UNSPECIFIED.)
CURVE()
GEOMETRIC_REPRESENTATION_ITEM()
RATIONAL_B_SPLINE_CURVE((1.,1.))
REPRESENTATION_ITEM('')
);
#1880=(
BOUNDED_CURVE()
B_SPLINE_CURVE(1,(#4667,#4668),.UNSPECIFIED.,.F.,.F.)
B_SPLINE_CURVE_WITH_KNOTS((2,2),(0.134917804450726,0.138612875304758),
 .UNSPECIFIED.)
CURVE()
GEOMETRIC_REPRESENTATION_ITEM()
RATIONAL_B_SPLINE_CURVE((1.,1.))
REPRESENTATION_ITEM('')
);
#1881=(
BOUNDED_CURVE()
B_SPLINE_CURVE(1,(#4669,#4670),.UNSPECIFIED.,.F.,.F.)
B_SPLINE_CURVE_WITH_KNOTS((2,2),(0.0940939493527455,0.0977890202067643),
 .UNSPECIFIED.)
CURVE()
GEOMETRIC_REPRESENTATION_ITEM()
RATIONAL_B_SPLINE_CURVE((1.,1.))
REPRESENTATION_ITEM('')
);
#1882=(
BOUNDED_CURVE()
B_SPLINE_CURVE(1,(#4683,#4684),.UNSPECIFIED.,.F.,.F.)
B_SPLINE_CURVE_WITH_KNOTS((2,2),(0.134917804450726,0.138612875304755),
 .UNSPECIFIED.)
CURVE()
GEOMETRIC_REPRESENTATION_ITEM()
RATIONAL_B_SPLINE_CURVE((1.,1.))
REPRESENTATION_ITEM('')
);
#1883=(
BOUNDED_CURVE()
B_SPLINE_CURVE(1,(#4685,#4686),.UNSPECIFIED.,.F.,.F.)
B_SPLINE_CURVE_WITH_KNOTS((2,2),(0.0940939493527429,0.0977890202067643),
 .UNSPECIFIED.)
CURVE()
GEOMETRIC_REPRESENTATION_ITEM()
RATIONAL_B_SPLINE_CURVE((1.,1.))
REPRESENTATION_ITEM('')
);
#1884=(
BOUNDED_CURVE()
B_SPLINE_CURVE(1,(#4699,#4700),.UNSPECIFIED.,.F.,.F.)
B_SPLINE_CURVE_WITH_KNOTS((2,2),(0.134917804450738,0.138612875304762),
 .UNSPECIFIED.)
CURVE()
GEOMETRIC_REPRESENTATION_ITEM()
RATIONAL_B_SPLINE_CURVE((1.,1.))
REPRESENTATION_ITEM('')
);
#1885=(
BOUNDED_CURVE()
B_SPLINE_CURVE(1,(#4701,#4702),.UNSPECIFIED.,.F.,.F.)
B_SPLINE_CURVE_WITH_KNOTS((2,2),(0.0940939493527455,0.0977890202067643),
 .UNSPECIFIED.)
CURVE()
GEOMETRIC_REPRESENTATION_ITEM()
RATIONAL_B_SPLINE_CURVE((1.,1.))
REPRESENTATION_ITEM('')
);
#1886=(
BOUNDED_CURVE()
B_SPLINE_CURVE(1,(#4715,#4716),.UNSPECIFIED.,.F.,.F.)
B_SPLINE_CURVE_WITH_KNOTS((2,2),(0.134917804450726,0.138612875304758),
 .UNSPECIFIED.)
CURVE()
GEOMETRIC_REPRESENTATION_ITEM()
RATIONAL_B_SPLINE_CURVE((1.,1.))
REPRESENTATION_ITEM('')
);
#1887=(
BOUNDED_CURVE()
B_SPLINE_CURVE(1,(#4717,#4718),.UNSPECIFIED.,.F.,.F.)
B_SPLINE_CURVE_WITH_KNOTS((2,2),(0.0940939493527429,0.0977890202067643),
 .UNSPECIFIED.)
CURVE()
GEOMETRIC_REPRESENTATION_ITEM()
RATIONAL_B_SPLINE_CURVE((1.,1.))
REPRESENTATION_ITEM('')
);
#1888=(
BOUNDED_CURVE()
B_SPLINE_CURVE(1,(#4731,#4732),.UNSPECIFIED.,.F.,.F.)
B_SPLINE_CURVE_WITH_KNOTS((2,2),(0.134917804450741,0.138612875304762),
 .UNSPECIFIED.)
CURVE()
GEOMETRIC_REPRESENTATION_ITEM()
RATIONAL_B_SPLINE_CURVE((1.,1.))
REPRESENTATION_ITEM('')
);
#1889=(
BOUNDED_CURVE()
B_SPLINE_CURVE(1,(#4733,#4734),.UNSPECIFIED.,.F.,.F.)
B_SPLINE_CURVE_WITH_KNOTS((2,2),(0.0940939493527455,0.0977890202067643),
 .UNSPECIFIED.)
CURVE()
GEOMETRIC_REPRESENTATION_ITEM()
RATIONAL_B_SPLINE_CURVE((1.,1.))
REPRESENTATION_ITEM('')
);
#1890=(
BOUNDED_CURVE()
B_SPLINE_CURVE(1,(#4747,#4748),.UNSPECIFIED.,.F.,.F.)
B_SPLINE_CURVE_WITH_KNOTS((2,2),(0.134917804450726,0.138612875304758),
 .UNSPECIFIED.)
CURVE()
GEOMETRIC_REPRESENTATION_ITEM()
RATIONAL_B_SPLINE_CURVE((1.,1.))
REPRESENTATION_ITEM('')
);
#1891=(
BOUNDED_CURVE()
B_SPLINE_CURVE(1,(#4749,#4750),.UNSPECIFIED.,.F.,.F.)
B_SPLINE_CURVE_WITH_KNOTS((2,2),(0.0940939493527429,0.0977890202067643),
 .UNSPECIFIED.)
CURVE()
GEOMETRIC_REPRESENTATION_ITEM()
RATIONAL_B_SPLINE_CURVE((1.,1.))
REPRESENTATION_ITEM('')
);
#1892=(
BOUNDED_CURVE()
B_SPLINE_CURVE(1,(#4763,#4764),.UNSPECIFIED.,.F.,.F.)
B_SPLINE_CURVE_WITH_KNOTS((2,2),(0.134917804450726,0.138612875304758),
 .UNSPECIFIED.)
CURVE()
GEOMETRIC_REPRESENTATION_ITEM()
RATIONAL_B_SPLINE_CURVE((1.,1.))
REPRESENTATION_ITEM('')
);
#1893=(
BOUNDED_CURVE()
B_SPLINE_CURVE(1,(#4765,#4766),.UNSPECIFIED.,.F.,.F.)
B_SPLINE_CURVE_WITH_KNOTS((2,2),(0.0940939493527429,0.0977890202067669),
 .UNSPECIFIED.)
CURVE()
GEOMETRIC_REPRESENTATION_ITEM()
RATIONAL_B_SPLINE_CURVE((1.,1.))
REPRESENTATION_ITEM('')
);
#1894=(
BOUNDED_CURVE()
B_SPLINE_CURVE(1,(#4779,#4780),.UNSPECIFIED.,.F.,.F.)
B_SPLINE_CURVE_WITH_KNOTS((2,2),(0.134917804450741,0.138612875304762),
 .UNSPECIFIED.)
CURVE()
GEOMETRIC_REPRESENTATION_ITEM()
RATIONAL_B_SPLINE_CURVE((1.,1.))
REPRESENTATION_ITEM('')
);
#1895=(
BOUNDED_CURVE()
B_SPLINE_CURVE(1,(#4781,#4782),.UNSPECIFIED.,.F.,.F.)
B_SPLINE_CURVE_WITH_KNOTS((2,2),(0.0940939493527429,0.0977890202067643),
 .UNSPECIFIED.)
CURVE()
GEOMETRIC_REPRESENTATION_ITEM()
RATIONAL_B_SPLINE_CURVE((1.,1.))
REPRESENTATION_ITEM('')
);
#1896=(
BOUNDED_CURVE()
B_SPLINE_CURVE(1,(#4795,#4796),.UNSPECIFIED.,.F.,.F.)
B_SPLINE_CURVE_WITH_KNOTS((2,2),(0.134917804450741,0.138612875304762),
 .UNSPECIFIED.)
CURVE()
GEOMETRIC_REPRESENTATION_ITEM()
RATIONAL_B_SPLINE_CURVE((1.,1.))
REPRESENTATION_ITEM('')
);
#1897=(
BOUNDED_CURVE()
B_SPLINE_CURVE(1,(#4797,#4798),.UNSPECIFIED.,.F.,.F.)
B_SPLINE_CURVE_WITH_KNOTS((2,2),(0.0940939493527455,0.0977890202067643),
 .UNSPECIFIED.)
CURVE()
GEOMETRIC_REPRESENTATION_ITEM()
RATIONAL_B_SPLINE_CURVE((1.,1.))
REPRESENTATION_ITEM('')
);
#1898=(
BOUNDED_CURVE()
B_SPLINE_CURVE(1,(#4839,#4840),.UNSPECIFIED.,.F.,.F.)
B_SPLINE_CURVE_WITH_KNOTS((2,2),(16.2090219298129,16.2280563943674),
 .UNSPECIFIED.)
CURVE()
GEOMETRIC_REPRESENTATION_ITEM()
RATIONAL_B_SPLINE_CURVE((1.,1.))
REPRESENTATION_ITEM('')
);
#1899=(
BOUNDED_CURVE()
B_SPLINE_CURVE(1,(#4841,#4842),.UNSPECIFIED.,.F.,.F.)
B_SPLINE_CURVE_WITH_KNOTS((2,2),(15.9987254961199,16.0177599606745),
 .UNSPECIFIED.)
CURVE()
GEOMETRIC_REPRESENTATION_ITEM()
RATIONAL_B_SPLINE_CURVE((1.,1.))
REPRESENTATION_ITEM('')
);
#1900=(
BOUNDED_CURVE()
B_SPLINE_CURVE(1,(#4843,#4844),.UNSPECIFIED.,.F.,.F.)
B_SPLINE_CURVE_WITH_KNOTS((2,2),(16.2090219298128,16.2280563943674),
 .UNSPECIFIED.)
CURVE()
GEOMETRIC_REPRESENTATION_ITEM()
RATIONAL_B_SPLINE_CURVE((1.,1.))
REPRESENTATION_ITEM('')
);
#1901=(
BOUNDED_CURVE()
B_SPLINE_CURVE(1,(#4845,#4846),.UNSPECIFIED.,.F.,.F.)
B_SPLINE_CURVE_WITH_KNOTS((2,2),(15.9987254961199,16.0177599606745),
 .UNSPECIFIED.)
CURVE()
GEOMETRIC_REPRESENTATION_ITEM()
RATIONAL_B_SPLINE_CURVE((1.,1.))
REPRESENTATION_ITEM('')
);
#1902=(
BOUNDED_CURVE()
B_SPLINE_CURVE(1,(#4851,#4852),.UNSPECIFIED.,.F.,.F.)
B_SPLINE_CURVE_WITH_KNOTS((2,2),(16.2090219298128,16.2280563943674),
 .UNSPECIFIED.)
CURVE()
GEOMETRIC_REPRESENTATION_ITEM()
RATIONAL_B_SPLINE_CURVE((1.,1.))
REPRESENTATION_ITEM('')
);
#1903=(
BOUNDED_CURVE()
B_SPLINE_CURVE(1,(#4853,#4854),.UNSPECIFIED.,.F.,.F.)
B_SPLINE_CURVE_WITH_KNOTS((2,2),(15.9987254961198,16.0177599606744),
 .UNSPECIFIED.)
CURVE()
GEOMETRIC_REPRESENTATION_ITEM()
RATIONAL_B_SPLINE_CURVE((1.,1.))
REPRESENTATION_ITEM('')
);
#1904=(
BOUNDED_CURVE()
B_SPLINE_CURVE(1,(#4895,#4896),.UNSPECIFIED.,.F.,.F.)
B_SPLINE_CURVE_WITH_KNOTS((2,2),(16.2090219298129,16.2280563943674),
 .UNSPECIFIED.)
CURVE()
GEOMETRIC_REPRESENTATION_ITEM()
RATIONAL_B_SPLINE_CURVE((1.,1.))
REPRESENTATION_ITEM('')
);
#1905=(
BOUNDED_CURVE()
B_SPLINE_CURVE(1,(#4897,#4898),.UNSPECIFIED.,.F.,.F.)
B_SPLINE_CURVE_WITH_KNOTS((2,2),(15.9987254961199,16.0177599606745),
 .UNSPECIFIED.)
CURVE()
GEOMETRIC_REPRESENTATION_ITEM()
RATIONAL_B_SPLINE_CURVE((1.,1.))
REPRESENTATION_ITEM('')
);
#1906=(
BOUNDED_CURVE()
B_SPLINE_CURVE(1,(#4899,#4900),.UNSPECIFIED.,.F.,.F.)
B_SPLINE_CURVE_WITH_KNOTS((2,2),(16.2090219298128,16.2280563943674),
 .UNSPECIFIED.)
CURVE()
GEOMETRIC_REPRESENTATION_ITEM()
RATIONAL_B_SPLINE_CURVE((1.,1.))
REPRESENTATION_ITEM('')
);
#1907=(
BOUNDED_CURVE()
B_SPLINE_CURVE(1,(#4901,#4902),.UNSPECIFIED.,.F.,.F.)
B_SPLINE_CURVE_WITH_KNOTS((2,2),(15.9987254961199,16.0177599606745),
 .UNSPECIFIED.)
CURVE()
GEOMETRIC_REPRESENTATION_ITEM()
RATIONAL_B_SPLINE_CURVE((1.,1.))
REPRESENTATION_ITEM('')
);
#1908=(
BOUNDED_CURVE()
B_SPLINE_CURVE(1,(#4907,#4908),.UNSPECIFIED.,.F.,.F.)
B_SPLINE_CURVE_WITH_KNOTS((2,2),(16.2090219298128,16.2280563943674),
 .UNSPECIFIED.)
CURVE()
GEOMETRIC_REPRESENTATION_ITEM()
RATIONAL_B_SPLINE_CURVE((1.,1.))
REPRESENTATION_ITEM('')
);
#1909=(
BOUNDED_CURVE()
B_SPLINE_CURVE(1,(#4909,#4910),.UNSPECIFIED.,.F.,.F.)
B_SPLINE_CURVE_WITH_KNOTS((2,2),(15.9987254961198,16.0177599606744),
 .UNSPECIFIED.)
CURVE()
GEOMETRIC_REPRESENTATION_ITEM()
RATIONAL_B_SPLINE_CURVE((1.,1.))
REPRESENTATION_ITEM('')
);
#1910=(
BOUNDED_CURVE()
B_SPLINE_CURVE(1,(#4923,#4924),.UNSPECIFIED.,.F.,.F.)
B_SPLINE_CURVE_WITH_KNOTS((2,2),(4.91699999910375,4.99999999910384),
 .UNSPECIFIED.)
CURVE()
GEOMETRIC_REPRESENTATION_ITEM()
RATIONAL_B_SPLINE_CURVE((1.,1.))
REPRESENTATION_ITEM('')
);
#1911=(
BOUNDED_CURVE()
B_SPLINE_CURVE(1,(#4925,#4926),.UNSPECIFIED.,.F.,.F.)
B_SPLINE_CURVE_WITH_KNOTS((2,2),(3.99999999910406,4.08299999910415),
 .UNSPECIFIED.)
CURVE()
GEOMETRIC_REPRESENTATION_ITEM()
RATIONAL_B_SPLINE_CURVE((1.,1.))
REPRESENTATION_ITEM('')
);
#1912=(
BOUNDED_CURVE()
B_SPLINE_CURVE(1,(#4939,#4940),.UNSPECIFIED.,.F.,.F.)
B_SPLINE_CURVE_WITH_KNOTS((2,2),(4.91699999910375,4.99999999910384),
 .UNSPECIFIED.)
CURVE()
GEOMETRIC_REPRESENTATION_ITEM()
RATIONAL_B_SPLINE_CURVE((1.,1.))
REPRESENTATION_ITEM('')
);
#1913=(
BOUNDED_CURVE()
B_SPLINE_CURVE(1,(#4941,#4942),.UNSPECIFIED.,.F.,.F.)
B_SPLINE_CURVE_WITH_KNOTS((2,2),(3.99999999910406,4.08299999910415),
 .UNSPECIFIED.)
CURVE()
GEOMETRIC_REPRESENTATION_ITEM()
RATIONAL_B_SPLINE_CURVE((1.,1.))
REPRESENTATION_ITEM('')
);
#1914=(
BOUNDED_CURVE()
B_SPLINE_CURVE(1,(#4943,#4944),.UNSPECIFIED.,.F.,.F.)
B_SPLINE_CURVE_WITH_KNOTS((2,2),(0.13491780445074,0.138612875304767),
 .UNSPECIFIED.)
CURVE()
GEOMETRIC_REPRESENTATION_ITEM()
RATIONAL_B_SPLINE_CURVE((1.,1.))
REPRESENTATION_ITEM('')
);
#1915=(
BOUNDED_CURVE()
B_SPLINE_CURVE(1,(#4951,#4952),.UNSPECIFIED.,.F.,.F.)
B_SPLINE_CURVE_WITH_KNOTS((2,2),(0.0940939493527482,0.0977890202067598),
 .UNSPECIFIED.)
CURVE()
GEOMETRIC_REPRESENTATION_ITEM()
RATIONAL_B_SPLINE_CURVE((1.,1.))
REPRESENTATION_ITEM('')
);
#1916=(
BOUNDED_CURVE()
B_SPLINE_CURVE(1,(#4959,#4960),.UNSPECIFIED.,.F.,.F.)
B_SPLINE_CURVE_WITH_KNOTS((2,2),(0.13491780445073,0.138612875304757),
 .UNSPECIFIED.)
CURVE()
GEOMETRIC_REPRESENTATION_ITEM()
RATIONAL_B_SPLINE_CURVE((1.,1.))
REPRESENTATION_ITEM('')
);
#1917=(
BOUNDED_CURVE()
B_SPLINE_CURVE(1,(#4967,#4968),.UNSPECIFIED.,.F.,.F.)
B_SPLINE_CURVE_WITH_KNOTS((2,2),(0.0940939493527483,0.0977890202067649),
 .UNSPECIFIED.)
CURVE()
GEOMETRIC_REPRESENTATION_ITEM()
RATIONAL_B_SPLINE_CURVE((1.,1.))
REPRESENTATION_ITEM('')
);
#1918=(
BOUNDED_CURVE()
B_SPLINE_CURVE(1,(#4975,#4976),.UNSPECIFIED.,.F.,.F.)
B_SPLINE_CURVE_WITH_KNOTS((2,2),(0.134917804450735,0.138612875304757),
 .UNSPECIFIED.)
CURVE()
GEOMETRIC_REPRESENTATION_ITEM()
RATIONAL_B_SPLINE_CURVE((1.,1.))
REPRESENTATION_ITEM('')
);
#1919=(
BOUNDED_CURVE()
B_SPLINE_CURVE(1,(#4983,#4984),.UNSPECIFIED.,.F.,.F.)
B_SPLINE_CURVE_WITH_KNOTS((2,2),(0.0940939493527483,0.097789020206775),
 .UNSPECIFIED.)
CURVE()
GEOMETRIC_REPRESENTATION_ITEM()
RATIONAL_B_SPLINE_CURVE((1.,1.))
REPRESENTATION_ITEM('')
);
#1920=(
BOUNDED_CURVE()
B_SPLINE_CURVE(1,(#4991,#4992),.UNSPECIFIED.,.F.,.F.)
B_SPLINE_CURVE_WITH_KNOTS((2,2),(0.13491780445073,0.138612875304757),
 .UNSPECIFIED.)
CURVE()
GEOMETRIC_REPRESENTATION_ITEM()
RATIONAL_B_SPLINE_CURVE((1.,1.))
REPRESENTATION_ITEM('')
);
#1921=(
BOUNDED_CURVE()
B_SPLINE_CURVE(1,(#4999,#5000),.UNSPECIFIED.,.F.,.F.)
B_SPLINE_CURVE_WITH_KNOTS((2,2),(0.0940939493527483,0.0977890202067699),
 .UNSPECIFIED.)
CURVE()
GEOMETRIC_REPRESENTATION_ITEM()
RATIONAL_B_SPLINE_CURVE((1.,1.))
REPRESENTATION_ITEM('')
);
#1922=(
BOUNDED_CURVE()
B_SPLINE_CURVE(1,(#5007,#5008),.UNSPECIFIED.,.F.,.F.)
B_SPLINE_CURVE_WITH_KNOTS((2,2),(0.134917804450735,0.138612875304762),
 .UNSPECIFIED.)
CURVE()
GEOMETRIC_REPRESENTATION_ITEM()
RATIONAL_B_SPLINE_CURVE((1.,1.))
REPRESENTATION_ITEM('')
);
#1923=(
BOUNDED_CURVE()
B_SPLINE_CURVE(1,(#5015,#5016),.UNSPECIFIED.,.F.,.F.)
B_SPLINE_CURVE_WITH_KNOTS((2,2),(0.0940939493527483,0.0977890202067649),
 .UNSPECIFIED.)
CURVE()
GEOMETRIC_REPRESENTATION_ITEM()
RATIONAL_B_SPLINE_CURVE((1.,1.))
REPRESENTATION_ITEM('')
);
#1924=(
BOUNDED_CURVE()
B_SPLINE_CURVE(1,(#5023,#5024),.UNSPECIFIED.,.F.,.F.)
B_SPLINE_CURVE_WITH_KNOTS((2,2),(0.134917804450735,0.138612875304762),
 .UNSPECIFIED.)
CURVE()
GEOMETRIC_REPRESENTATION_ITEM()
RATIONAL_B_SPLINE_CURVE((1.,1.))
REPRESENTATION_ITEM('')
);
#1925=(
BOUNDED_CURVE()
B_SPLINE_CURVE(1,(#5031,#5032),.UNSPECIFIED.,.F.,.F.)
B_SPLINE_CURVE_WITH_KNOTS((2,2),(0.0940939493527483,0.0977890202067699),
 .UNSPECIFIED.)
CURVE()
GEOMETRIC_REPRESENTATION_ITEM()
RATIONAL_B_SPLINE_CURVE((1.,1.))
REPRESENTATION_ITEM('')
);
#1926=(
BOUNDED_CURVE()
B_SPLINE_CURVE(1,(#5039,#5040),.UNSPECIFIED.,.F.,.F.)
B_SPLINE_CURVE_WITH_KNOTS((2,2),(0.13491780445074,0.138612875304757),
 .UNSPECIFIED.)
CURVE()
GEOMETRIC_REPRESENTATION_ITEM()
RATIONAL_B_SPLINE_CURVE((1.,1.))
REPRESENTATION_ITEM('')
);
#1927=(
BOUNDED_CURVE()
B_SPLINE_CURVE(1,(#5047,#5048),.UNSPECIFIED.,.F.,.F.)
B_SPLINE_CURVE_WITH_KNOTS((2,2),(0.0940939493527381,0.0977890202067699),
 .UNSPECIFIED.)
CURVE()
GEOMETRIC_REPRESENTATION_ITEM()
RATIONAL_B_SPLINE_CURVE((1.,1.))
REPRESENTATION_ITEM('')
);
#1928=(
BOUNDED_CURVE()
B_SPLINE_CURVE(1,(#5055,#5056),.UNSPECIFIED.,.F.,.F.)
B_SPLINE_CURVE_WITH_KNOTS((2,2),(0.13491780445073,0.138612875304751),
 .UNSPECIFIED.)
CURVE()
GEOMETRIC_REPRESENTATION_ITEM()
RATIONAL_B_SPLINE_CURVE((1.,1.))
REPRESENTATION_ITEM('')
);
#1929=(
BOUNDED_CURVE()
B_SPLINE_CURVE(1,(#5063,#5064),.UNSPECIFIED.,.F.,.F.)
B_SPLINE_CURVE_WITH_KNOTS((2,2),(0.0940939493527381,0.0977890202067699),
 .UNSPECIFIED.)
CURVE()
GEOMETRIC_REPRESENTATION_ITEM()
RATIONAL_B_SPLINE_CURVE((1.,1.))
REPRESENTATION_ITEM('')
);
#1930=(
BOUNDED_CURVE()
B_SPLINE_CURVE(1,(#5071,#5072),.UNSPECIFIED.,.F.,.F.)
B_SPLINE_CURVE_WITH_KNOTS((2,2),(0.13491780445074,0.138612875304757),
 .UNSPECIFIED.)
CURVE()
GEOMETRIC_REPRESENTATION_ITEM()
RATIONAL_B_SPLINE_CURVE((1.,1.))
REPRESENTATION_ITEM('')
);
#1931=(
BOUNDED_CURVE()
B_SPLINE_CURVE(1,(#5079,#5080),.UNSPECIFIED.,.F.,.F.)
B_SPLINE_CURVE_WITH_KNOTS((2,2),(0.0940939493527432,0.0977890202067699),
 .UNSPECIFIED.)
CURVE()
GEOMETRIC_REPRESENTATION_ITEM()
RATIONAL_B_SPLINE_CURVE((1.,1.))
REPRESENTATION_ITEM('')
);
#1932=(
BOUNDED_CURVE()
B_SPLINE_CURVE(1,(#5087,#5088),.UNSPECIFIED.,.F.,.F.)
B_SPLINE_CURVE_WITH_KNOTS((2,2),(0.13491780445073,0.138612875304751),
 .UNSPECIFIED.)
CURVE()
GEOMETRIC_REPRESENTATION_ITEM()
RATIONAL_B_SPLINE_CURVE((1.,1.))
REPRESENTATION_ITEM('')
);
#1933=(
BOUNDED_CURVE()
B_SPLINE_CURVE(1,(#5095,#5096),.UNSPECIFIED.,.F.,.F.)
B_SPLINE_CURVE_WITH_KNOTS((2,2),(0.0940939493527381,0.0977890202067649),
 .UNSPECIFIED.)
CURVE()
GEOMETRIC_REPRESENTATION_ITEM()
RATIONAL_B_SPLINE_CURVE((1.,1.))
REPRESENTATION_ITEM('')
);
#1934=(
BOUNDED_CURVE()
B_SPLINE_CURVE(1,(#5103,#5104),.UNSPECIFIED.,.F.,.F.)
B_SPLINE_CURVE_WITH_KNOTS((2,2),(0.13491780445073,0.138612875304751),
 .UNSPECIFIED.)
CURVE()
GEOMETRIC_REPRESENTATION_ITEM()
RATIONAL_B_SPLINE_CURVE((1.,1.))
REPRESENTATION_ITEM('')
);
#1935=(
BOUNDED_CURVE()
B_SPLINE_CURVE(1,(#5111,#5112),.UNSPECIFIED.,.F.,.F.)
B_SPLINE_CURVE_WITH_KNOTS((2,2),(0.0940939493527432,0.0977890202067649),
 .UNSPECIFIED.)
CURVE()
GEOMETRIC_REPRESENTATION_ITEM()
RATIONAL_B_SPLINE_CURVE((1.,1.))
REPRESENTATION_ITEM('')
);
#1936=(
BOUNDED_CURVE()
B_SPLINE_CURVE(1,(#5119,#5120),.UNSPECIFIED.,.F.,.F.)
B_SPLINE_CURVE_WITH_KNOTS((2,2),(0.13491780445074,0.138612875304762),
 .UNSPECIFIED.)
CURVE()
GEOMETRIC_REPRESENTATION_ITEM()
RATIONAL_B_SPLINE_CURVE((1.,1.))
REPRESENTATION_ITEM('')
);
#1937=(
BOUNDED_CURVE()
B_SPLINE_CURVE(1,(#5127,#5128),.UNSPECIFIED.,.F.,.F.)
B_SPLINE_CURVE_WITH_KNOTS((2,2),(0.0940939493527381,0.0977890202067699),
 .UNSPECIFIED.)
CURVE()
GEOMETRIC_REPRESENTATION_ITEM()
RATIONAL_B_SPLINE_CURVE((1.,1.))
REPRESENTATION_ITEM('')
);
#1938=(
BOUNDED_CURVE()
B_SPLINE_CURVE(1,(#5135,#5136),.UNSPECIFIED.,.F.,.F.)
B_SPLINE_CURVE_WITH_KNOTS((2,2),(0.13491780445073,0.138612875304751),
 .UNSPECIFIED.)
CURVE()
GEOMETRIC_REPRESENTATION_ITEM()
RATIONAL_B_SPLINE_CURVE((1.,1.))
REPRESENTATION_ITEM('')
);
#1939=(
BOUNDED_CURVE()
B_SPLINE_CURVE(1,(#5143,#5144),.UNSPECIFIED.,.F.,.F.)
B_SPLINE_CURVE_WITH_KNOTS((2,2),(0.0940939493527432,0.0977890202067649),
 .UNSPECIFIED.)
CURVE()
GEOMETRIC_REPRESENTATION_ITEM()
RATIONAL_B_SPLINE_CURVE((1.,1.))
REPRESENTATION_ITEM('')
);
#1940=(
BOUNDED_CURVE()
B_SPLINE_CURVE(1,(#5151,#5152),.UNSPECIFIED.,.F.,.F.)
B_SPLINE_CURVE_WITH_KNOTS((2,2),(0.13491780445074,0.138612875304762),
 .UNSPECIFIED.)
CURVE()
GEOMETRIC_REPRESENTATION_ITEM()
RATIONAL_B_SPLINE_CURVE((1.,1.))
REPRESENTATION_ITEM('')
);
#1941=(
BOUNDED_CURVE()
B_SPLINE_CURVE(1,(#5159,#5160),.UNSPECIFIED.,.F.,.F.)
B_SPLINE_CURVE_WITH_KNOTS((2,2),(0.0940939493527381,0.0977890202067649),
 .UNSPECIFIED.)
CURVE()
GEOMETRIC_REPRESENTATION_ITEM()
RATIONAL_B_SPLINE_CURVE((1.,1.))
REPRESENTATION_ITEM('')
);
#1942=(
BOUNDED_CURVE()
B_SPLINE_CURVE(1,(#5167,#5168),.UNSPECIFIED.,.F.,.F.)
B_SPLINE_CURVE_WITH_KNOTS((2,2),(0.13491780445073,0.138612875304751),
 .UNSPECIFIED.)
CURVE()
GEOMETRIC_REPRESENTATION_ITEM()
RATIONAL_B_SPLINE_CURVE((1.,1.))
REPRESENTATION_ITEM('')
);
#1943=(
BOUNDED_CURVE()
B_SPLINE_CURVE(1,(#5175,#5176),.UNSPECIFIED.,.F.,.F.)
B_SPLINE_CURVE_WITH_KNOTS((2,2),(0.0940939493527432,0.0977890202067699),
 .UNSPECIFIED.)
CURVE()
GEOMETRIC_REPRESENTATION_ITEM()
RATIONAL_B_SPLINE_CURVE((1.,1.))
REPRESENTATION_ITEM('')
);
#1944=(
BOUNDED_CURVE()
B_SPLINE_CURVE(1,(#5183,#5184),.UNSPECIFIED.,.F.,.F.)
B_SPLINE_CURVE_WITH_KNOTS((2,2),(0.13491780445073,0.138612875304751),
 .UNSPECIFIED.)
CURVE()
GEOMETRIC_REPRESENTATION_ITEM()
RATIONAL_B_SPLINE_CURVE((1.,1.))
REPRESENTATION_ITEM('')
);
#1945=(
BOUNDED_CURVE()
B_SPLINE_CURVE(1,(#5191,#5192),.UNSPECIFIED.,.F.,.F.)
B_SPLINE_CURVE_WITH_KNOTS((2,2),(0.0940939493527432,0.0977890202067649),
 .UNSPECIFIED.)
CURVE()
GEOMETRIC_REPRESENTATION_ITEM()
RATIONAL_B_SPLINE_CURVE((1.,1.))
REPRESENTATION_ITEM('')
);
#1946=(
BOUNDED_CURVE()
B_SPLINE_CURVE(1,(#5199,#5200),.UNSPECIFIED.,.F.,.F.)
B_SPLINE_CURVE_WITH_KNOTS((2,2),(0.13491780445074,0.138612875304762),
 .UNSPECIFIED.)
CURVE()
GEOMETRIC_REPRESENTATION_ITEM()
RATIONAL_B_SPLINE_CURVE((1.,1.))
REPRESENTATION_ITEM('')
);
#1947=(
BOUNDED_CURVE()
B_SPLINE_CURVE(1,(#5207,#5208),.UNSPECIFIED.,.F.,.F.)
B_SPLINE_CURVE_WITH_KNOTS((2,2),(0.0940939493527432,0.0977890202067649),
 .UNSPECIFIED.)
CURVE()
GEOMETRIC_REPRESENTATION_ITEM()
RATIONAL_B_SPLINE_CURVE((1.,1.))
REPRESENTATION_ITEM('')
);
#1948=(
BOUNDED_CURVE()
B_SPLINE_CURVE(1,(#5215,#5216),.UNSPECIFIED.,.F.,.F.)
B_SPLINE_CURVE_WITH_KNOTS((2,2),(0.13491780445074,0.138612875304762),
 .UNSPECIFIED.)
CURVE()
GEOMETRIC_REPRESENTATION_ITEM()
RATIONAL_B_SPLINE_CURVE((1.,1.))
REPRESENTATION_ITEM('')
);
#1949=(
BOUNDED_CURVE()
B_SPLINE_CURVE(1,(#5223,#5224),.UNSPECIFIED.,.F.,.F.)
B_SPLINE_CURVE_WITH_KNOTS((2,2),(0.0940939493527381,0.0977890202067649),
 .UNSPECIFIED.)
CURVE()
GEOMETRIC_REPRESENTATION_ITEM()
RATIONAL_B_SPLINE_CURVE((1.,1.))
REPRESENTATION_ITEM('')
);
#1950=(
BOUNDED_CURVE()
B_SPLINE_CURVE(1,(#5231,#5232),.UNSPECIFIED.,.F.,.F.)
B_SPLINE_CURVE_WITH_KNOTS((2,2),(3.99999999910406,4.08299999910415),
 .UNSPECIFIED.)
CURVE()
GEOMETRIC_REPRESENTATION_ITEM()
RATIONAL_B_SPLINE_CURVE((1.,1.))
REPRESENTATION_ITEM('')
);
#1951=(
BOUNDED_CURVE()
B_SPLINE_CURVE(1,(#5239,#5240),.UNSPECIFIED.,.F.,.F.)
B_SPLINE_CURVE_WITH_KNOTS((2,2),(4.91699999910375,4.99999999910384),
 .UNSPECIFIED.)
CURVE()
GEOMETRIC_REPRESENTATION_ITEM()
RATIONAL_B_SPLINE_CURVE((1.,1.))
REPRESENTATION_ITEM('')
);
#1952=(
BOUNDED_CURVE()
B_SPLINE_CURVE(1,(#5247,#5248),.UNSPECIFIED.,.F.,.F.)
B_SPLINE_CURVE_WITH_KNOTS((2,2),(3.99999999910406,4.08299999910415),
 .UNSPECIFIED.)
CURVE()
GEOMETRIC_REPRESENTATION_ITEM()
RATIONAL_B_SPLINE_CURVE((1.,1.))
REPRESENTATION_ITEM('')
);
#1953=(
BOUNDED_CURVE()
B_SPLINE_CURVE(1,(#5255,#5256),.UNSPECIFIED.,.F.,.F.)
B_SPLINE_CURVE_WITH_KNOTS((2,2),(4.91699999910375,4.99999999910384),
 .UNSPECIFIED.)
CURVE()
GEOMETRIC_REPRESENTATION_ITEM()
RATIONAL_B_SPLINE_CURVE((1.,1.))
REPRESENTATION_ITEM('')
);
#1954=TRIMMED_CURVE($,#2162,(#4264),(#4265),.T.,.CARTESIAN.);
#1955=TRIMMED_CURVE($,#2163,(#4269),(#4270),.T.,.CARTESIAN.);
#1956=TRIMMED_CURVE($,#2164,(#4278),(#4279),.T.,.CARTESIAN.);
#1957=TRIMMED_CURVE($,#2165,(#4283),(#4284),.T.,.CARTESIAN.);
#1958=TRIMMED_CURVE($,#2166,(#4292),(#4293),.T.,.CARTESIAN.);
#1959=TRIMMED_CURVE($,#2167,(#4297),(#4298),.T.,.CARTESIAN.);
#1960=TRIMMED_CURVE($,#2168,(#4306),(#4307),.T.,.CARTESIAN.);
#1961=TRIMMED_CURVE($,#2169,(#4309),(#4310),.T.,.CARTESIAN.);
#1962=TRIMMED_CURVE($,#2170,(#4320),(#4321),.T.,.CARTESIAN.);
#1963=TRIMMED_CURVE($,#2171,(#4325),(#4326),.T.,.CARTESIAN.);
#1964=TRIMMED_CURVE($,#2172,(#4334),(#4335),.T.,.CARTESIAN.);
#1965=TRIMMED_CURVE($,#2173,(#4339),(#4340),.T.,.CARTESIAN.);
#1966=TRIMMED_CURVE($,#2174,(#4348),(#4349),.T.,.CARTESIAN.);
#1967=TRIMMED_CURVE($,#2175,(#4353),(#4354),.T.,.CARTESIAN.);
#1968=TRIMMED_CURVE($,#2176,(#4362),(#4363),.T.,.CARTESIAN.);
#1969=TRIMMED_CURVE($,#2177,(#4365),(#4366),.T.,.CARTESIAN.);
#1970=TRIMMED_CURVE($,#2178,(#4400),(#4401),.T.,.CARTESIAN.);
#1971=TRIMMED_CURVE($,#2179,(#4403),(#4404),.T.,.CARTESIAN.);
#1972=TRIMMED_CURVE($,#2180,(#4406),(#4407),.T.,.CARTESIAN.);
#1973=TRIMMED_CURVE($,#2181,(#4409),(#4410),.T.,.CARTESIAN.);
#1974=TRIMMED_CURVE($,#2182,(#4416),(#4417),.T.,.CARTESIAN.);
#1975=TRIMMED_CURVE($,#2183,(#4419),(#4420),.T.,.CARTESIAN.);
#1976=TRIMMED_CURVE($,#2184,(#4422),(#4423),.T.,.CARTESIAN.);
#1977=TRIMMED_CURVE($,#2185,(#4425),(#4426),.T.,.CARTESIAN.);
#1978=TRIMMED_CURVE($,#2186,(#4432),(#4433),.T.,.CARTESIAN.);
#1979=TRIMMED_CURVE($,#2187,(#4435),(#4436),.T.,.CARTESIAN.);
#1980=TRIMMED_CURVE($,#2188,(#4438),(#4439),.T.,.CARTESIAN.);
#1981=TRIMMED_CURVE($,#2189,(#4441),(#4442),.T.,.CARTESIAN.);
#1982=TRIMMED_CURVE($,#2190,(#4448),(#4449),.T.,.CARTESIAN.);
#1983=TRIMMED_CURVE($,#2191,(#4451),(#4452),.T.,.CARTESIAN.);
#1984=TRIMMED_CURVE($,#2192,(#4454),(#4455),.T.,.CARTESIAN.);
#1985=TRIMMED_CURVE($,#2193,(#4457),(#4458),.T.,.CARTESIAN.);
#1986=TRIMMED_CURVE($,#2194,(#4464),(#4465),.T.,.CARTESIAN.);
#1987=TRIMMED_CURVE($,#2195,(#4467),(#4468),.T.,.CARTESIAN.);
#1988=TRIMMED_CURVE($,#2196,(#4470),(#4471),.T.,.CARTESIAN.);
#1989=TRIMMED_CURVE($,#2197,(#4473),(#4474),.T.,.CARTESIAN.);
#1990=TRIMMED_CURVE($,#2198,(#4480),(#4481),.T.,.CARTESIAN.);
#1991=TRIMMED_CURVE($,#2199,(#4483),(#4484),.T.,.CARTESIAN.);
#1992=TRIMMED_CURVE($,#2200,(#4486),(#4487),.T.,.CARTESIAN.);
#1993=TRIMMED_CURVE($,#2201,(#4489),(#4490),.T.,.CARTESIAN.);
#1994=TRIMMED_CURVE($,#2202,(#4496),(#4497),.T.,.CARTESIAN.);
#1995=TRIMMED_CURVE($,#2203,(#4501),(#4502),.T.,.CARTESIAN.);
#1996=TRIMMED_CURVE($,#2204,(#4506),(#4507),.T.,.CARTESIAN.);
#1997=TRIMMED_CURVE($,#2205,(#4511),(#4512),.T.,.CARTESIAN.);
#1998=TRIMMED_CURVE($,#2206,(#4516),(#4517),.T.,.CARTESIAN.);
#1999=TRIMMED_CURVE($,#2207,(#4521),(#4522),.T.,.CARTESIAN.);
#2000=TRIMMED_CURVE($,#2208,(#4526),(#4527),.T.,.CARTESIAN.);
#2001=TRIMMED_CURVE($,#2209,(#4531),(#4532),.T.,.CARTESIAN.);
#2002=TRIMMED_CURVE($,#2210,(#4552),(#4553),.T.,.CARTESIAN.);
#2003=TRIMMED_CURVE($,#2211,(#4557),(#4558),.T.,.CARTESIAN.);
#2004=TRIMMED_CURVE($,#2212,(#4562),(#4563),.T.,.CARTESIAN.);
#2005=TRIMMED_CURVE($,#2213,(#4567),(#4568),.T.,.CARTESIAN.);
#2006=TRIMMED_CURVE($,#2214,(#4572),(#4573),.T.,.CARTESIAN.);
#2007=TRIMMED_CURVE($,#2215,(#4577),(#4578),.T.,.CARTESIAN.);
#2008=TRIMMED_CURVE($,#2216,(#4582),(#4583),.T.,.CARTESIAN.);
#2009=TRIMMED_CURVE($,#2217,(#4587),(#4588),.T.,.CARTESIAN.);
#2010=TRIMMED_CURVE($,#2218,(#4608),(#4609),.T.,.CARTESIAN.);
#2011=TRIMMED_CURVE($,#2219,(#4611),(#4612),.T.,.CARTESIAN.);
#2012=TRIMMED_CURVE($,#2220,(#4614),(#4615),.T.,.CARTESIAN.);
#2013=TRIMMED_CURVE($,#2221,(#4617),(#4618),.T.,.CARTESIAN.);
#2014=TRIMMED_CURVE($,#2222,(#4624),(#4625),.T.,.CARTESIAN.);
#2015=TRIMMED_CURVE($,#2223,(#4627),(#4628),.T.,.CARTESIAN.);
#2016=TRIMMED_CURVE($,#2224,(#4630),(#4631),.T.,.CARTESIAN.);
#2017=TRIMMED_CURVE($,#2225,(#4633),(#4634),.T.,.CARTESIAN.);
#2018=TRIMMED_CURVE($,#2226,(#4640),(#4641),.T.,.CARTESIAN.);
#2019=TRIMMED_CURVE($,#2227,(#4643),(#4644),.T.,.CARTESIAN.);
#2020=TRIMMED_CURVE($,#2228,(#4646),(#4647),.T.,.CARTESIAN.);
#2021=TRIMMED_CURVE($,#2229,(#4649),(#4650),.T.,.CARTESIAN.);
#2022=TRIMMED_CURVE($,#2230,(#4656),(#4657),.T.,.CARTESIAN.);
#2023=TRIMMED_CURVE($,#2231,(#4659),(#4660),.T.,.CARTESIAN.);
#2024=TRIMMED_CURVE($,#2232,(#4662),(#4663),.T.,.CARTESIAN.);
#2025=TRIMMED_CURVE($,#2233,(#4665),(#4666),.T.,.CARTESIAN.);
#2026=TRIMMED_CURVE($,#2234,(#4672),(#4673),.T.,.CARTESIAN.);
#2027=TRIMMED_CURVE($,#2235,(#4675),(#4676),.T.,.CARTESIAN.);
#2028=TRIMMED_CURVE($,#2236,(#4678),(#4679),.T.,.CARTESIAN.);
#2029=TRIMMED_CURVE($,#2237,(#4681),(#4682),.T.,.CARTESIAN.);
#2030=TRIMMED_CURVE($,#2238,(#4688),(#4689),.T.,.CARTESIAN.);
#2031=TRIMMED_CURVE($,#2239,(#4691),(#4692),.T.,.CARTESIAN.);
#2032=TRIMMED_CURVE($,#2240,(#4694),(#4695),.T.,.CARTESIAN.);
#2033=TRIMMED_CURVE($,#2241,(#4697),(#4698),.T.,.CARTESIAN.);
#2034=TRIMMED_CURVE($,#2242,(#4704),(#4705),.T.,.CARTESIAN.);
#2035=TRIMMED_CURVE($,#2243,(#4707),(#4708),.T.,.CARTESIAN.);
#2036=TRIMMED_CURVE($,#2244,(#4710),(#4711),.T.,.CARTESIAN.);
#2037=TRIMMED_CURVE($,#2245,(#4713),(#4714),.T.,.CARTESIAN.);
#2038=TRIMMED_CURVE($,#2246,(#4720),(#4721),.T.,.CARTESIAN.);
#2039=TRIMMED_CURVE($,#2247,(#4723),(#4724),.T.,.CARTESIAN.);
#2040=TRIMMED_CURVE($,#2248,(#4726),(#4727),.T.,.CARTESIAN.);
#2041=TRIMMED_CURVE($,#2249,(#4729),(#4730),.T.,.CARTESIAN.);
#2042=TRIMMED_CURVE($,#2250,(#4736),(#4737),.T.,.CARTESIAN.);
#2043=TRIMMED_CURVE($,#2251,(#4739),(#4740),.T.,.CARTESIAN.);
#2044=TRIMMED_CURVE($,#2252,(#4742),(#4743),.T.,.CARTESIAN.);
#2045=TRIMMED_CURVE($,#2253,(#4745),(#4746),.T.,.CARTESIAN.);
#2046=TRIMMED_CURVE($,#2254,(#4752),(#4753),.T.,.CARTESIAN.);
#2047=TRIMMED_CURVE($,#2255,(#4755),(#4756),.T.,.CARTESIAN.);
#2048=TRIMMED_CURVE($,#2256,(#4758),(#4759),.T.,.CARTESIAN.);
#2049=TRIMMED_CURVE($,#2257,(#4761),(#4762),.T.,.CARTESIAN.);
#2050=TRIMMED_CURVE($,#2258,(#4768),(#4769),.T.,.CARTESIAN.);
#2051=TRIMMED_CURVE($,#2259,(#4771),(#4772),.T.,.CARTESIAN.);
#2052=TRIMMED_CURVE($,#2260,(#4774),(#4775),.T.,.CARTESIAN.);
#2053=TRIMMED_CURVE($,#2261,(#4777),(#4778),.T.,.CARTESIAN.);
#2054=TRIMMED_CURVE($,#2262,(#4784),(#4785),.T.,.CARTESIAN.);
#2055=TRIMMED_CURVE($,#2263,(#4787),(#4788),.T.,.CARTESIAN.);
#2056=TRIMMED_CURVE($,#2264,(#4790),(#4791),.T.,.CARTESIAN.);
#2057=TRIMMED_CURVE($,#2265,(#4793),(#4794),.T.,.CARTESIAN.);
#2058=TRIMMED_CURVE($,#2266,(#4800),(#4801),.T.,.CARTESIAN.);
#2059=TRIMMED_CURVE($,#2267,(#4805),(#4806),.T.,.CARTESIAN.);
#2060=TRIMMED_CURVE($,#2268,(#4810),(#4811),.T.,.CARTESIAN.);
#2061=TRIMMED_CURVE($,#2269,(#4815),(#4816),.T.,.CARTESIAN.);
#2062=TRIMMED_CURVE($,#2270,(#4820),(#4821),.T.,.CARTESIAN.);
#2063=TRIMMED_CURVE($,#2271,(#4825),(#4826),.T.,.CARTESIAN.);
#2064=TRIMMED_CURVE($,#2272,(#4830),(#4831),.T.,.CARTESIAN.);
#2065=TRIMMED_CURVE($,#2273,(#4835),(#4836),.T.,.CARTESIAN.);
#2066=TRIMMED_CURVE($,#2274,(#4856),(#4857),.T.,.CARTESIAN.);
#2067=TRIMMED_CURVE($,#2275,(#4861),(#4862),.T.,.CARTESIAN.);
#2068=TRIMMED_CURVE($,#2276,(#4866),(#4867),.T.,.CARTESIAN.);
#2069=TRIMMED_CURVE($,#2277,(#4871),(#4872),.T.,.CARTESIAN.);
#2070=TRIMMED_CURVE($,#2278,(#4876),(#4877),.T.,.CARTESIAN.);
#2071=TRIMMED_CURVE($,#2279,(#4881),(#4882),.T.,.CARTESIAN.);
#2072=TRIMMED_CURVE($,#2280,(#4886),(#4887),.T.,.CARTESIAN.);
#2073=TRIMMED_CURVE($,#2281,(#4891),(#4892),.T.,.CARTESIAN.);
#2074=TRIMMED_CURVE($,#2282,(#4912),(#4913),.T.,.CARTESIAN.);
#2075=TRIMMED_CURVE($,#2283,(#4915),(#4916),.T.,.CARTESIAN.);
#2076=TRIMMED_CURVE($,#2284,(#4918),(#4919),.T.,.CARTESIAN.);
#2077=TRIMMED_CURVE($,#2285,(#4921),(#4922),.T.,.CARTESIAN.);
#2078=TRIMMED_CURVE($,#2286,(#4928),(#4929),.T.,.CARTESIAN.);
#2079=TRIMMED_CURVE($,#2287,(#4931),(#4932),.T.,.CARTESIAN.);
#2080=TRIMMED_CURVE($,#2288,(#4934),(#4935),.T.,.CARTESIAN.);
#2081=TRIMMED_CURVE($,#2289,(#4937),(#4938),.T.,.CARTESIAN.);
#2082=TRIMMED_CURVE($,#2290,(#4946),(#4947),.T.,.CARTESIAN.);
#2083=TRIMMED_CURVE($,#2291,(#4949),(#4950),.T.,.CARTESIAN.);
#2084=TRIMMED_CURVE($,#2292,(#4954),(#4955),.T.,.CARTESIAN.);
#2085=TRIMMED_CURVE($,#2293,(#4957),(#4958),.T.,.CARTESIAN.);
#2086=TRIMMED_CURVE($,#2294,(#4962),(#4963),.T.,.CARTESIAN.);
#2087=TRIMMED_CURVE($,#2295,(#4965),(#4966),.T.,.CARTESIAN.);
#2088=TRIMMED_CURVE($,#2296,(#4970),(#4971),.T.,.CARTESIAN.);
#2089=TRIMMED_CURVE($,#2297,(#4973),(#4974),.T.,.CARTESIAN.);
#2090=TRIMMED_CURVE($,#2298,(#4978),(#4979),.T.,.CARTESIAN.);
#2091=TRIMMED_CURVE($,#2299,(#4981),(#4982),.T.,.CARTESIAN.);
#2092=TRIMMED_CURVE($,#2300,(#4986),(#4987),.T.,.CARTESIAN.);
#2093=TRIMMED_CURVE($,#2301,(#4989),(#4990),.T.,.CARTESIAN.);
#2094=TRIMMED_CURVE($,#2302,(#4994),(#4995),.T.,.CARTESIAN.);
#2095=TRIMMED_CURVE($,#2303,(#4997),(#4998),.T.,.CARTESIAN.);
#2096=TRIMMED_CURVE($,#2304,(#5002),(#5003),.T.,.CARTESIAN.);
#2097=TRIMMED_CURVE($,#2305,(#5005),(#5006),.T.,.CARTESIAN.);
#2098=TRIMMED_CURVE($,#2306,(#5010),(#5011),.T.,.CARTESIAN.);
#2099=TRIMMED_CURVE($,#2307,(#5013),(#5014),.T.,.CARTESIAN.);
#2100=TRIMMED_CURVE($,#2308,(#5018),(#5019),.T.,.CARTESIAN.);
#2101=TRIMMED_CURVE($,#2309,(#5021),(#5022),.T.,.CARTESIAN.);
#2102=TRIMMED_CURVE($,#2310,(#5026),(#5027),.T.,.CARTESIAN.);
#2103=TRIMMED_CURVE($,#2311,(#5029),(#5030),.T.,.CARTESIAN.);
#2104=TRIMMED_CURVE($,#2312,(#5034),(#5035),.T.,.CARTESIAN.);
#2105=TRIMMED_CURVE($,#2313,(#5037),(#5038),.T.,.CARTESIAN.);
#2106=TRIMMED_CURVE($,#2314,(#5042),(#5043),.T.,.CARTESIAN.);
#2107=TRIMMED_CURVE($,#2315,(#5045),(#5046),.T.,.CARTESIAN.);
#2108=TRIMMED_CURVE($,#2316,(#5050),(#5051),.T.,.CARTESIAN.);
#2109=TRIMMED_CURVE($,#2317,(#5053),(#5054),.T.,.CARTESIAN.);
#2110=TRIMMED_CURVE($,#2318,(#5058),(#5059),.T.,.CARTESIAN.);
#2111=TRIMMED_CURVE($,#2319,(#5061),(#5062),.T.,.CARTESIAN.);
#2112=TRIMMED_CURVE($,#2320,(#5066),(#5067),.T.,.CARTESIAN.);
#2113=TRIMMED_CURVE($,#2321,(#5069),(#5070),.T.,.CARTESIAN.);
#2114=TRIMMED_CURVE($,#2322,(#5074),(#5075),.T.,.CARTESIAN.);
#2115=TRIMMED_CURVE($,#2323,(#5077),(#5078),.T.,.CARTESIAN.);
#2116=TRIMMED_CURVE($,#2324,(#5082),(#5083),.T.,.CARTESIAN.);
#2117=TRIMMED_CURVE($,#2325,(#5085),(#5086),.T.,.CARTESIAN.);
#2118=TRIMMED_CURVE($,#2326,(#5090),(#5091),.T.,.CARTESIAN.);
#2119=TRIMMED_CURVE($,#2327,(#5093),(#5094),.T.,.CARTESIAN.);
#2120=TRIMMED_CURVE($,#2328,(#5098),(#5099),.T.,.CARTESIAN.);
#2121=TRIMMED_CURVE($,#2329,(#5101),(#5102),.T.,.CARTESIAN.);
#2122=TRIMMED_CURVE($,#2330,(#5106),(#5107),.T.,.CARTESIAN.);
#2123=TRIMMED_CURVE($,#2331,(#5109),(#5110),.T.,.CARTESIAN.);
#2124=TRIMMED_CURVE($,#2332,(#5114),(#5115),.T.,.CARTESIAN.);
#2125=TRIMMED_CURVE($,#2333,(#5117),(#5118),.T.,.CARTESIAN.);
#2126=TRIMMED_CURVE($,#2334,(#5122),(#5123),.T.,.CARTESIAN.);
#2127=TRIMMED_CURVE($,#2335,(#5125),(#5126),.T.,.CARTESIAN.);
#2128=TRIMMED_CURVE($,#2336,(#5130),(#5131),.T.,.CARTESIAN.);
#2129=TRIMMED_CURVE($,#2337,(#5133),(#5134),.T.,.CARTESIAN.);
#2130=TRIMMED_CURVE($,#2338,(#5138),(#5139),.T.,.CARTESIAN.);
#2131=TRIMMED_CURVE($,#2339,(#5141),(#5142),.T.,.CARTESIAN.);
#2132=TRIMMED_CURVE($,#2340,(#5146),(#5147),.T.,.CARTESIAN.);
#2133=TRIMMED_CURVE($,#2341,(#5149),(#5150),.T.,.CARTESIAN.);
#2134=TRIMMED_CURVE($,#2342,(#5154),(#5155),.T.,.CARTESIAN.);
#2135=TRIMMED_CURVE($,#2343,(#5157),(#5158),.T.,.CARTESIAN.);
#2136=TRIMMED_CURVE($,#2344,(#5162),(#5163),.T.,.CARTESIAN.);
#2137=TRIMMED_CURVE($,#2345,(#5165),(#5166),.T.,.CARTESIAN.);
#2138=TRIMMED_CURVE($,#2346,(#5170),(#5171),.T.,.CARTESIAN.);
#2139=TRIMMED_CURVE($,#2347,(#5173),(#5174),.T.,.CARTESIAN.);
#2140=TRIMMED_CURVE($,#2348,(#5178),(#5179),.T.,.CARTESIAN.);
#2141=TRIMMED_CURVE($,#2349,(#5181),(#5182),.T.,.CARTESIAN.);
#2142=TRIMMED_CURVE($,#2350,(#5186),(#5187),.T.,.CARTESIAN.);
#2143=TRIMMED_CURVE($,#2351,(#5189),(#5190),.T.,.CARTESIAN.);
#2144=TRIMMED_CURVE($,#2352,(#5194),(#5195),.T.,.CARTESIAN.);
#2145=TRIMMED_CURVE($,#2353,(#5197),(#5198),.T.,.CARTESIAN.);
#2146=TRIMMED_CURVE($,#2354,(#5202),(#5203),.T.,.CARTESIAN.);
#2147=TRIMMED_CURVE($,#2355,(#5205),(#5206),.T.,.CARTESIAN.);
#2148=TRIMMED_CURVE($,#2356,(#5210),(#5211),.T.,.CARTESIAN.);
#2149=TRIMMED_CURVE($,#2357,(#5213),(#5214),.T.,.CARTESIAN.);
#2150=TRIMMED_CURVE($,#2358,(#5218),(#5219),.T.,.CARTESIAN.);
#2151=TRIMMED_CURVE($,#2359,(#5221),(#5222),.T.,.CARTESIAN.);
#2152=TRIMMED_CURVE($,#2360,(#5226),(#5227),.T.,.CARTESIAN.);
#2153=TRIMMED_CURVE($,#2361,(#5229),(#5230),.T.,.CARTESIAN.);
#2154=TRIMMED_CURVE($,#2362,(#5234),(#5235),.T.,.CARTESIAN.);
#2155=TRIMMED_CURVE($,#2363,(#5237),(#5238),.T.,.CARTESIAN.);
#2156=TRIMMED_CURVE($,#2364,(#5242),(#5243),.T.,.CARTESIAN.);
#2157=TRIMMED_CURVE($,#2365,(#5245),(#5246),.T.,.CARTESIAN.);
#2158=TRIMMED_CURVE($,#2366,(#5250),(#5251),.T.,.CARTESIAN.);
#2159=TRIMMED_CURVE($,#2367,(#5253),(#5254),.T.,.CARTESIAN.);
#2160=TRIMMED_CURVE($,#2368,(#5258),(#5259),.T.,.CARTESIAN.);
#2161=TRIMMED_CURVE($,#2369,(#5261),(#5262),.T.,.CARTESIAN.);
#2162=CIRCLE('',#3081,0.124999999999091);
#2163=CIRCLE('',#3082,0.124999999999318);
#2164=CIRCLE('',#3083,0.125000000000661);
#2165=CIRCLE('',#3084,0.125000000000259);
#2166=CIRCLE('',#3085,0.125000000000227);
#2167=CIRCLE('',#3086,0.125000000000227);
#2168=CIRCLE('',#3087,0.124999999998645);
#2169=CIRCLE('',#3088,0.124999999998715);
#2170=CIRCLE('',#3089,0.0419999999994616);
#2171=CIRCLE('',#3090,0.0419999999992607);
#2172=CIRCLE('',#3091,0.042000000000202);
#2173=CIRCLE('',#3092,0.0419999999994616);
#2174=CIRCLE('',#3093,0.0420000000008258);
#2175=CIRCLE('',#3094,0.0420000000005313);
#2176=CIRCLE('',#3095,0.0419999999990165);
#2177=CIRCLE('',#3096,0.0419999999990068);
#2178=CIRCLE('',#3097,0.0312500000001137);
#2179=CIRCLE('',#3098,0.0312499999998863);
#2180=CIRCLE('',#3099,0.0312500000001137);
#2181=CIRCLE('',#3100,0.0312499999998863);
#2182=CIRCLE('',#3101,0.0312499999998863);
#2183=CIRCLE('',#3102,0.0312499999998863);
#2184=CIRCLE('',#3103,0.0312500000002274);
#2185=CIRCLE('',#3104,0.0312499999998863);
#2186=CIRCLE('',#3105,0.0312500000002274);
#2187=CIRCLE('',#3106,0.03125);
#2188=CIRCLE('',#3107,0.03125);
#2189=CIRCLE('',#3108,0.03125);
#2190=CIRCLE('',#3109,0.0312499999997726);
#2191=CIRCLE('',#3110,0.03125);
#2192=CIRCLE('',#3111,0.0312499999997726);
#2193=CIRCLE('',#3112,0.0312499999998863);
#2194=CIRCLE('',#3113,0.0312499999998863);
#2195=CIRCLE('',#3114,0.03125);
#2196=CIRCLE('',#3115,0.0312499999998863);
#2197=CIRCLE('',#3116,0.03125);
#2198=CIRCLE('',#3117,0.03125);
#2199=CIRCLE('',#3118,0.03125);
#2200=CIRCLE('',#3119,0.03125);
#2201=CIRCLE('',#3120,0.03125);
#2202=CIRCLE('',#3121,0.125);
#2203=CIRCLE('',#3122,0.125000000000114);
#2204=CIRCLE('',#3123,0.124999999999886);
#2205=CIRCLE('',#3124,0.125000000000114);
#2206=CIRCLE('',#3125,0.125);
#2207=CIRCLE('',#3126,0.125000000000114);
#2208=CIRCLE('',#3127,0.124999999999886);
#2209=CIRCLE('',#3128,0.125000000000114);
#2210=CIRCLE('',#3129,0.124999999999886);
#2211=CIRCLE('',#3130,0.125);
#2212=CIRCLE('',#3131,0.125);
#2213=CIRCLE('',#3132,0.125);
#2214=CIRCLE('',#3133,0.124999999999886);
#2215=CIRCLE('',#3134,0.125);
#2216=CIRCLE('',#3135,0.125);
#2217=CIRCLE('',#3136,0.125);
#2218=CIRCLE('',#3137,0.03125);
#2219=CIRCLE('',#3138,0.03125);
#2220=CIRCLE('',#3139,0.0312499999998863);
#2221=CIRCLE('',#3140,0.03125);
#2222=CIRCLE('',#3141,0.03125);
#2223=CIRCLE('',#3142,0.0312500000002274);
#2224=CIRCLE('',#3143,0.0312500000001137);
#2225=CIRCLE('',#3144,0.0312500000001137);
#2226=CIRCLE('',#3145,0.0312500000001137);
#2227=CIRCLE('',#3146,0.0312499999997726);
#2228=CIRCLE('',#3147,0.0312499999998863);
#2229=CIRCLE('',#3148,0.0312500000001137);
#2230=CIRCLE('',#3149,0.0312499999998863);
#2231=CIRCLE('',#3150,0.0312500000004547);
#2232=CIRCLE('',#3151,0.0312500000001137);
#2233=CIRCLE('',#3152,0.03125);
#2234=CIRCLE('',#3153,0.0312499999998863);
#2235=CIRCLE('',#3154,0.03125);
#2236=CIRCLE('',#3155,0.0312500000001137);
#2237=CIRCLE('',#3156,0.03125);
#2238=CIRCLE('',#3157,0.03125);
#2239=CIRCLE('',#3158,0.0312499999997726);
#2240=CIRCLE('',#3159,0.0312499999998863);
#2241=CIRCLE('',#3160,0.0312499999997726);
#2242=CIRCLE('',#3161,0.0312499999998863);
#2243=CIRCLE('',#3162,0.0312500000004547);
#2244=CIRCLE('',#3163,0.0312499999998863);
#2245=CIRCLE('',#3164,0.0312499999998863);
#2246=CIRCLE('',#3165,0.0312499999998863);
#2247=CIRCLE('',#3166,0.0312499999997726);
#2248=CIRCLE('',#3167,0.0312499999998863);
#2249=CIRCLE('',#3168,0.0312500000003411);
#2250=CIRCLE('',#3169,0.0312499999998863);
#2251=CIRCLE('',#3170,0.03125);
#2252=CIRCLE('',#3171,0.0312500000001137);
#2253=CIRCLE('',#3172,0.0312500000001137);
#2254=CIRCLE('',#3173,0.03125);
#2255=CIRCLE('',#3174,0.0312500000002274);
#2256=CIRCLE('',#3175,0.0312500000003411);
#2257=CIRCLE('',#3176,0.0312499999997726);
#2258=CIRCLE('',#3177,0.03125);
#2259=CIRCLE('',#3178,0.03125);
#2260=CIRCLE('',#3179,0.0312499999998863);
#2261=CIRCLE('',#3180,0.03125);
#2262=CIRCLE('',#3181,0.0312500000001137);
#2263=CIRCLE('',#3182,0.0312499999997726);
#2264=CIRCLE('',#3183,0.0312499999997726);
#2265=CIRCLE('',#3184,0.0312500000001137);
#2266=CIRCLE('',#3185,0.125);
#2267=CIRCLE('',#3186,0.125000000000114);
#2268=CIRCLE('',#3187,0.125);
#2269=CIRCLE('',#3188,0.124999999999886);
#2270=CIRCLE('',#3189,0.125);
#2271=CIRCLE('',#3190,0.125000000000114);
#2272=CIRCLE('',#3191,0.125);
#2273=CIRCLE('',#3192,0.124999999999886);
#2274=CIRCLE('',#3193,0.125);
#2275=CIRCLE('',#3194,0.125);
#2276=CIRCLE('',#3195,0.125);
#2277=CIRCLE('',#3196,0.125);
#2278=CIRCLE('',#3197,0.125);
#2279=CIRCLE('',#3198,0.125);
#2280=CIRCLE('',#3199,0.125);
#2281=CIRCLE('',#3200,0.125);
#2282=CIRCLE('',#3201,0.0750000000000455);
#2283=CIRCLE('',#3202,0.0750000000000455);
#2284=CIRCLE('',#3203,0.0750000000000455);
#2285=CIRCLE('',#3204,0.0750000000000455);
#2286=CIRCLE('',#3205,0.0750000000000455);
#2287=CIRCLE('',#3206,0.0750000000000455);
#2288=CIRCLE('',#3207,0.0750000000000455);
#2289=CIRCLE('',#3208,0.0750000000000455);
#2290=CIRCLE('',#3209,0.0312499999998863);
#2291=CIRCLE('',#3210,0.0312499999998863);
#2292=CIRCLE('',#3211,0.0312500000001137);
#2293=CIRCLE('',#3212,0.0312500000001137);
#2294=CIRCLE('',#3213,0.03125);
#2295=CIRCLE('',#3214,0.0312500000001137);
#2296=CIRCLE('',#3215,0.0312499999998863);
#2297=CIRCLE('',#3216,0.0312499999998863);
#2298=CIRCLE('',#3217,0.0312500000002274);
#2299=CIRCLE('',#3218,0.0312499999997726);
#2300=CIRCLE('',#3219,0.03125);
#2301=CIRCLE('',#3220,0.03125);
#2302=CIRCLE('',#3221,0.0312500000001137);
#2303=CIRCLE('',#3222,0.0312500000001137);
#2304=CIRCLE('',#3223,0.0312500000001137);
#2305=CIRCLE('',#3224,0.0312500000002274);
#2306=CIRCLE('',#3225,0.03125);
#2307=CIRCLE('',#3226,0.03125);
#2308=CIRCLE('',#3227,0.0312500000001137);
#2309=CIRCLE('',#3228,0.0312500000001137);
#2310=CIRCLE('',#3229,0.0312500000001137);
#2311=CIRCLE('',#3230,0.0312500000002274);
#2312=CIRCLE('',#3231,0.03125);
#2313=CIRCLE('',#3232,0.03125);
#2314=CIRCLE('',#3233,0.0312500000001137);
#2315=CIRCLE('',#3234,0.03125);
#2316=CIRCLE('',#3235,0.03125);
#2317=CIRCLE('',#3236,0.03125);
#2318=CIRCLE('',#3237,0.0312500000001137);
#2319=CIRCLE('',#3238,0.0312500000002274);
#2320=CIRCLE('',#3239,0.03125);
#2321=CIRCLE('',#3240,0.0312500000001137);
#2322=CIRCLE('',#3241,0.0312499999998863);
#2323=CIRCLE('',#3242,0.0312500000002274);
#2324=CIRCLE('',#3243,0.0312499999998863);
#2325=CIRCLE('',#3244,0.0312500000001137);
#2326=CIRCLE('',#3245,0.0312499999998863);
#2327=CIRCLE('',#3246,0.0312500000001137);
#2328=CIRCLE('',#3247,0.0312499999998863);
#2329=CIRCLE('',#3248,0.0312500000001137);
#2330=CIRCLE('',#3249,0.03125);
#2331=CIRCLE('',#3250,0.0312500000002274);
#2332=CIRCLE('',#3251,0.03125);
#2333=CIRCLE('',#3252,0.0312500000001137);
#2334=CIRCLE('',#3253,0.03125);
#2335=CIRCLE('',#3254,0.0312500000002274);
#2336=CIRCLE('',#3255,0.03125);
#2337=CIRCLE('',#3256,0.03125);
#2338=CIRCLE('',#3257,0.03125);
#2339=CIRCLE('',#3258,0.0312500000002274);
#2340=CIRCLE('',#3259,0.03125);
#2341=CIRCLE('',#3260,0.0312500000002274);
#2342=CIRCLE('',#3261,0.03125);
#2343=CIRCLE('',#3262,0.0312500000002274);
#2344=CIRCLE('',#3263,0.03125);
#2345=CIRCLE('',#3264,0.0312500000003411);
#2346=CIRCLE('',#3265,0.03125);
#2347=CIRCLE('',#3266,0.0312500000001137);
#2348=CIRCLE('',#3267,0.03125);
#2349=CIRCLE('',#3268,0.0312500000001137);
#2350=CIRCLE('',#3269,0.0312500000001137);
#2351=CIRCLE('',#3270,0.0312500000003411);
#2352=CIRCLE('',#3271,0.0312500000001137);
#2353=CIRCLE('',#3272,0.0312499999997726);
#2354=CIRCLE('',#3273,0.0312500000001137);
#2355=CIRCLE('',#3274,0.03125);
#2356=CIRCLE('',#3275,0.03125);
#2357=CIRCLE('',#3276,0.0312500000002274);
#2358=CIRCLE('',#3277,0.0312499999998863);
#2359=CIRCLE('',#3278,0.0312500000002274);
#2360=CIRCLE('',#3279,0.03125);
#2361=CIRCLE('',#3280,0.0312500000002274);
#2362=CIRCLE('',#3281,0.0750000000001592);
#2363=CIRCLE('',#3282,0.0750000000001592);
#2364=CIRCLE('',#3283,0.0750000000000455);
#2365=CIRCLE('',#3284,0.0750000000000455);
#2366=CIRCLE('',#3285,0.0750000000000455);
#2367=CIRCLE('',#3286,0.0750000000000455);
#2368=CIRCLE('',#3287,0.0750000000000455);
#2369=CIRCLE('',#3288,0.0750000000000455);
#2370=B_SPLINE_CURVE_WITH_KNOTS('',1,(#4255,#4256),.UNSPECIFIED.,.F.,.F.,
(2,2),(4.00000000000083,4.75000000000074),.UNSPECIFIED.);
#2371=B_SPLINE_CURVE_WITH_KNOTS('',1,(#4257,#4258),.UNSPECIFIED.,.F.,.F.,
(2,2),(0.,99.2499999999873),.UNSPECIFIED.);
#2372=B_SPLINE_CURVE_WITH_KNOTS('',1,(#4259,#4260),.UNSPECIFIED.,.F.,.F.,
(2,2),(4.00000000000083,4.75000000000074),.UNSPECIFIED.);
#2373=B_SPLINE_CURVE_WITH_KNOTS('',1,(#4261,#4262),.UNSPECIFIED.,.F.,.F.,
(2,2),(0.,99.2499999999873),.UNSPECIFIED.);
#2374=B_SPLINE_CURVE_WITH_KNOTS('',1,(#4271,#4272),.UNSPECIFIED.,.F.,.F.,
(2,2),(5.00000000000378,7.75000000000378),.UNSPECIFIED.);
#2375=B_SPLINE_CURVE_WITH_KNOTS('',1,(#4273,#4274),.UNSPECIFIED.,.F.,.F.,
(2,2),(0.,99.2499999999873),.UNSPECIFIED.);
#2376=B_SPLINE_CURVE_WITH_KNOTS('',1,(#4275,#4276),.UNSPECIFIED.,.F.,.F.,
(2,2),(5.00000000000378,7.75000000000378),.UNSPECIFIED.);
#2377=B_SPLINE_CURVE_WITH_KNOTS('',1,(#4285,#4286),.UNSPECIFIED.,.F.,.F.,
(2,2),(8.00000000000412,8.75000000000402),.UNSPECIFIED.);
#2378=B_SPLINE_CURVE_WITH_KNOTS('',1,(#4287,#4288),.UNSPECIFIED.,.F.,.F.,
(2,2),(0.,99.2499999999873),.UNSPECIFIED.);
#2379=B_SPLINE_CURVE_WITH_KNOTS('',1,(#4289,#4290),.UNSPECIFIED.,.F.,.F.,
(2,2),(8.00000000000412,8.75000000000402),.UNSPECIFIED.);
#2380=B_SPLINE_CURVE_WITH_KNOTS('',1,(#4299,#4300),.UNSPECIFIED.,.F.,.F.,
(2,2),(9.00000000000407,11.7500000000041),.UNSPECIFIED.);
#2381=B_SPLINE_CURVE_WITH_KNOTS('',1,(#4301,#4302),.UNSPECIFIED.,.F.,.F.,
(2,2),(0.,99.2499999999873),.UNSPECIFIED.);
#2382=B_SPLINE_CURVE_WITH_KNOTS('',1,(#4303,#4304),.UNSPECIFIED.,.F.,.F.,
(2,2),(9.00000000000407,11.7500000000041),.UNSPECIFIED.);
#2383=B_SPLINE_CURVE_WITH_KNOTS('',1,(#4311,#4312),.UNSPECIFIED.,.F.,.F.,
(2,2),(4.00000000000083,4.75000000000074),.UNSPECIFIED.);
#2384=B_SPLINE_CURVE_WITH_KNOTS('',1,(#4313,#4314),.UNSPECIFIED.,.F.,.F.,
(2,2),(0.,99.2499999999873),.UNSPECIFIED.);
#2385=B_SPLINE_CURVE_WITH_KNOTS('',1,(#4315,#4316),.UNSPECIFIED.,.F.,.F.,
(2,2),(-4.75000000000074,-4.00000000000083),.UNSPECIFIED.);
#2386=B_SPLINE_CURVE_WITH_KNOTS('',1,(#4317,#4318),.UNSPECIFIED.,.F.,.F.,
(2,2),(-99.2499999999873,0.),.UNSPECIFIED.);
#2387=B_SPLINE_CURVE_WITH_KNOTS('',1,(#4327,#4328),.UNSPECIFIED.,.F.,.F.,
(2,2),(5.00000000000378,7.75000000000378),.UNSPECIFIED.);
#2388=B_SPLINE_CURVE_WITH_KNOTS('',1,(#4329,#4330),.UNSPECIFIED.,.F.,.F.,
(2,2),(0.,99.2499999999873),.UNSPECIFIED.);
#2389=B_SPLINE_CURVE_WITH_KNOTS('',1,(#4331,#4332),.UNSPECIFIED.,.F.,.F.,
(2,2),(-7.75000000000378,-5.00000000000378),.UNSPECIFIED.);
#2390=B_SPLINE_CURVE_WITH_KNOTS('',1,(#4341,#4342),.UNSPECIFIED.,.F.,.F.,
(2,2),(8.00000000000412,8.75000000000402),.UNSPECIFIED.);
#2391=B_SPLINE_CURVE_WITH_KNOTS('',1,(#4343,#4344),.UNSPECIFIED.,.F.,.F.,
(2,2),(0.,99.2499999999873),.UNSPECIFIED.);
#2392=B_SPLINE_CURVE_WITH_KNOTS('',1,(#4345,#4346),.UNSPECIFIED.,.F.,.F.,
(2,2),(-8.75000000000402,-8.00000000000412),.UNSPECIFIED.);
#2393=B_SPLINE_CURVE_WITH_KNOTS('',1,(#4355,#4356),.UNSPECIFIED.,.F.,.F.,
(2,2),(9.00000000000407,11.7500000000041),.UNSPECIFIED.);
#2394=B_SPLINE_CURVE_WITH_KNOTS('',1,(#4357,#4358),.UNSPECIFIED.,.F.,.F.,
(2,2),(0.,99.2499999999873),.UNSPECIFIED.);
#2395=B_SPLINE_CURVE_WITH_KNOTS('',1,(#4359,#4360),.UNSPECIFIED.,.F.,.F.,
(2,2),(-11.7500000000041,-9.00000000000407),.UNSPECIFIED.);
#2396=B_SPLINE_CURVE_WITH_KNOTS('',1,(#4367,#4368),.UNSPECIFIED.,.F.,.F.,
(2,2),(0.,1.),.UNSPECIFIED.);
#2397=B_SPLINE_CURVE_WITH_KNOTS('',1,(#4369,#4370),.UNSPECIFIED.,.F.,.F.,
(2,2),(-1.,0.),.UNSPECIFIED.);
#2398=B_SPLINE_CURVE_WITH_KNOTS('',1,(#4373,#4374),.UNSPECIFIED.,.F.,.F.,
(2,2),(0.,1.),.UNSPECIFIED.);
#2399=B_SPLINE_CURVE_WITH_KNOTS('',1,(#4377,#4378),.UNSPECIFIED.,.F.,.F.,
(2,2),(0.,1.),.UNSPECIFIED.);
#2400=B_SPLINE_CURVE_WITH_KNOTS('',1,(#4381,#4382),.UNSPECIFIED.,.F.,.F.,
(2,2),(0.,1.),.UNSPECIFIED.);
#2401=B_SPLINE_CURVE_WITH_KNOTS('',1,(#4383,#4384),.UNSPECIFIED.,.F.,.F.,
(2,2),(0.,1.),.UNSPECIFIED.);
#2402=B_SPLINE_CURVE_WITH_KNOTS('',1,(#4385,#4386),.UNSPECIFIED.,.F.,.F.,
(2,2),(-1.,0.),.UNSPECIFIED.);
#2403=B_SPLINE_CURVE_WITH_KNOTS('',1,(#4391,#4392),.UNSPECIFIED.,.F.,.F.,
(2,2),(0.,1.),.UNSPECIFIED.);
#2404=B_SPLINE_CURVE_WITH_KNOTS('',1,(#4393,#4394),.UNSPECIFIED.,.F.,.F.,
(2,2),(-1.,0.),.UNSPECIFIED.);
#2405=B_SPLINE_CURVE_WITH_KNOTS('',1,(#4397,#4398),.UNSPECIFIED.,.F.,.F.,
(2,2),(-1.,0.),.UNSPECIFIED.);
#2406=B_SPLINE_CURVE_WITH_KNOTS('',1,(#4498,#4499),.UNSPECIFIED.,.F.,.F.,
(2,2),(5.37499999999923,7.37499999999924),.UNSPECIFIED.);
#2407=B_SPLINE_CURVE_WITH_KNOTS('',1,(#4503,#4504),.UNSPECIFIED.,.F.,.F.,
(2,2),(-7.37499999999923,-5.37499999999923),.UNSPECIFIED.);
#2408=B_SPLINE_CURVE_WITH_KNOTS('',1,(#4508,#4509),.UNSPECIFIED.,.F.,.F.,
(2,2),(9.37500000000862,11.3750000000086),.UNSPECIFIED.);
#2409=B_SPLINE_CURVE_WITH_KNOTS('',1,(#4513,#4514),.UNSPECIFIED.,.F.,.F.,
(2,2),(-11.3750000000086,-9.37500000000862),.UNSPECIFIED.);
#2410=B_SPLINE_CURVE_WITH_KNOTS('',1,(#4518,#4519),.UNSPECIFIED.,.F.,.F.,
(2,2),(5.37499999999935,7.37499999999935),.UNSPECIFIED.);
#2411=B_SPLINE_CURVE_WITH_KNOTS('',1,(#4523,#4524),.UNSPECIFIED.,.F.,.F.,
(2,2),(-7.37499999999935,-5.37499999999935),.UNSPECIFIED.);
#2412=B_SPLINE_CURVE_WITH_KNOTS('',1,(#4528,#4529),.UNSPECIFIED.,.F.,.F.,
(2,2),(9.37500000000851,11.3750000000086),.UNSPECIFIED.);
#2413=B_SPLINE_CURVE_WITH_KNOTS('',1,(#4533,#4534),.UNSPECIFIED.,.F.,.F.,
(2,2),(-11.3750000000086,-9.37500000000851),.UNSPECIFIED.);
#2414=B_SPLINE_CURVE_WITH_KNOTS('',1,(#4543,#4544),.UNSPECIFIED.,.F.,.F.,
(2,2),(41.5175498572835,41.5679624554388),.UNSPECIFIED.);
#2415=B_SPLINE_CURVE_WITH_KNOTS('',1,(#4545,#4546),.UNSPECIFIED.,.F.,.F.,
(2,2),(40.9605817547726,41.0109943529279),.UNSPECIFIED.);
#2416=B_SPLINE_CURVE_WITH_KNOTS('',1,(#4554,#4555),.UNSPECIFIED.,.F.,.F.,
(2,2),(-4.39269908169873,-2.39269908169873),.UNSPECIFIED.);
#2417=B_SPLINE_CURVE_WITH_KNOTS('',1,(#4559,#4560),.UNSPECIFIED.,.F.,.F.,
(2,2),(-2.,0.),.UNSPECIFIED.);
#2418=B_SPLINE_CURVE_WITH_KNOTS('',1,(#4564,#4565),.UNSPECIFIED.,.F.,.F.,
(2,2),(2.39269908169873,4.39269908169873),.UNSPECIFIED.);
#2419=B_SPLINE_CURVE_WITH_KNOTS('',1,(#4569,#4570),.UNSPECIFIED.,.F.,.F.,
(2,2),(0.,2.),.UNSPECIFIED.);
#2420=B_SPLINE_CURVE_WITH_KNOTS('',1,(#4574,#4575),.UNSPECIFIED.,.F.,.F.,
(2,2),(-4.39269908169873,-2.39269908169873),.UNSPECIFIED.);
#2421=B_SPLINE_CURVE_WITH_KNOTS('',1,(#4579,#4580),.UNSPECIFIED.,.F.,.F.,
(2,2),(-2.,0.),.UNSPECIFIED.);
#2422=B_SPLINE_CURVE_WITH_KNOTS('',1,(#4584,#4585),.UNSPECIFIED.,.F.,.F.,
(2,2),(2.39269908169873,4.39269908169873),.UNSPECIFIED.);
#2423=B_SPLINE_CURVE_WITH_KNOTS('',1,(#4589,#4590),.UNSPECIFIED.,.F.,.F.,
(2,2),(0.,2.),.UNSPECIFIED.);
#2424=B_SPLINE_CURVE_WITH_KNOTS('',1,(#4599,#4600),.UNSPECIFIED.,.F.,.F.,
(2,2),(16.2090219298128,16.2280563943674),.UNSPECIFIED.);
#2425=B_SPLINE_CURVE_WITH_KNOTS('',1,(#4601,#4602),.UNSPECIFIED.,.F.,.F.,
(2,2),(15.9987254961198,16.0177599606744),.UNSPECIFIED.);
#2426=B_SPLINE_CURVE_WITH_KNOTS('',1,(#4802,#4803),.UNSPECIFIED.,.F.,.F.,
(2,2),(-4.39269908169873,-2.39269908169873),.UNSPECIFIED.);
#2427=B_SPLINE_CURVE_WITH_KNOTS('',1,(#4807,#4808),.UNSPECIFIED.,.F.,.F.,
(2,2),(-2.,0.),.UNSPECIFIED.);
#2428=B_SPLINE_CURVE_WITH_KNOTS('',1,(#4812,#4813),.UNSPECIFIED.,.F.,.F.,
(2,2),(2.39269908169873,4.39269908169873),.UNSPECIFIED.);
#2429=B_SPLINE_CURVE_WITH_KNOTS('',1,(#4817,#4818),.UNSPECIFIED.,.F.,.F.,
(2,2),(0.,2.),.UNSPECIFIED.);
#2430=B_SPLINE_CURVE_WITH_KNOTS('',1,(#4822,#4823),.UNSPECIFIED.,.F.,.F.,
(2,2),(-4.39269908169873,-2.39269908169873),.UNSPECIFIED.);
#2431=B_SPLINE_CURVE_WITH_KNOTS('',1,(#4827,#4828),.UNSPECIFIED.,.F.,.F.,
(2,2),(-2.,0.),.UNSPECIFIED.);
#2432=B_SPLINE_CURVE_WITH_KNOTS('',1,(#4832,#4833),.UNSPECIFIED.,.F.,.F.,
(2,2),(2.39269908169873,4.39269908169873),.UNSPECIFIED.);
#2433=B_SPLINE_CURVE_WITH_KNOTS('',1,(#4837,#4838),.UNSPECIFIED.,.F.,.F.,
(2,2),(0.,2.),.UNSPECIFIED.);
#2434=B_SPLINE_CURVE_WITH_KNOTS('',1,(#4847,#4848),.UNSPECIFIED.,.F.,.F.,
(2,2),(16.2090219298128,16.2280563943674),.UNSPECIFIED.);
#2435=B_SPLINE_CURVE_WITH_KNOTS('',1,(#4849,#4850),.UNSPECIFIED.,.F.,.F.,
(2,2),(15.9987254961198,16.0177599606744),.UNSPECIFIED.);
#2436=B_SPLINE_CURVE_WITH_KNOTS('',1,(#4858,#4859),.UNSPECIFIED.,.F.,.F.,
(2,2),(-4.39269908169873,-2.39269908169873),.UNSPECIFIED.);
#2437=B_SPLINE_CURVE_WITH_KNOTS('',1,(#4863,#4864),.UNSPECIFIED.,.F.,.F.,
(2,2),(-2.,0.),.UNSPECIFIED.);
#2438=B_SPLINE_CURVE_WITH_KNOTS('',1,(#4868,#4869),.UNSPECIFIED.,.F.,.F.,
(2,2),(2.39269908169873,4.39269908169873),.UNSPECIFIED.);
#2439=B_SPLINE_CURVE_WITH_KNOTS('',1,(#4873,#4874),.UNSPECIFIED.,.F.,.F.,
(2,2),(0.,2.),.UNSPECIFIED.);
#2440=B_SPLINE_CURVE_WITH_KNOTS('',1,(#4878,#4879),.UNSPECIFIED.,.F.,.F.,
(2,2),(-4.39269908169873,-2.39269908169873),.UNSPECIFIED.);
#2441=B_SPLINE_CURVE_WITH_KNOTS('',1,(#4883,#4884),.UNSPECIFIED.,.F.,.F.,
(2,2),(-2.,0.),.UNSPECIFIED.);
#2442=B_SPLINE_CURVE_WITH_KNOTS('',1,(#4888,#4889),.UNSPECIFIED.,.F.,.F.,
(2,2),(2.39269908169873,4.39269908169873),.UNSPECIFIED.);
#2443=B_SPLINE_CURVE_WITH_KNOTS('',1,(#4893,#4894),.UNSPECIFIED.,.F.,.F.,
(2,2),(0.,2.),.UNSPECIFIED.);
#2444=B_SPLINE_CURVE_WITH_KNOTS('',1,(#4903,#4904),.UNSPECIFIED.,.F.,.F.,
(2,2),(16.2090219298128,16.2280563943674),.UNSPECIFIED.);
#2445=B_SPLINE_CURVE_WITH_KNOTS('',1,(#4905,#4906),.UNSPECIFIED.,.F.,.F.,
(2,2),(15.9987254961198,16.0177599606744),.UNSPECIFIED.);
#2446=VERTEX_POINT('',#3999);
#2447=VERTEX_POINT('',#4000);
#2448=VERTEX_POINT('',#4001);
#2449=VERTEX_POINT('',#4002);
#2450=VERTEX_POINT('',#4003);
#2451=VERTEX_POINT('',#4004);
#2452=VERTEX_POINT('',#4005);
#2453=VERTEX_POINT('',#4006);
#2454=VERTEX_POINT('',#4007);
#2455=VERTEX_POINT('',#4008);
#2456=VERTEX_POINT('',#4009);
#2457=VERTEX_POINT('',#4010);
#2458=VERTEX_POINT('',#4011);
#2459=VERTEX_POINT('',#4012);
#2460=VERTEX_POINT('',#4013);
#2461=VERTEX_POINT('',#4014);
#2462=VERTEX_POINT('',#4015);
#2463=VERTEX_POINT('',#4016);
#2464=VERTEX_POINT('',#4017);
#2465=VERTEX_POINT('',#4018);
#2466=VERTEX_POINT('',#4019);
#2467=VERTEX_POINT('',#4020);
#2468=VERTEX_POINT('',#4021);
#2469=VERTEX_POINT('',#4022);
#2470=VERTEX_POINT('',#4023);
#2471=VERTEX_POINT('',#4024);
#2472=VERTEX_POINT('',#4025);
#2473=VERTEX_POINT('',#4026);
#2474=VERTEX_POINT('',#4027);
#2475=VERTEX_POINT('',#4028);
#2476=VERTEX_POINT('',#4029);
#2477=VERTEX_POINT('',#4030);
#2478=VERTEX_POINT('',#4031);
#2479=VERTEX_POINT('',#4032);
#2480=VERTEX_POINT('',#4033);
#2481=VERTEX_POINT('',#4034);
#2482=VERTEX_POINT('',#4035);
#2483=VERTEX_POINT('',#4036);
#2484=VERTEX_POINT('',#4037);
#2485=VERTEX_POINT('',#4038);
#2486=VERTEX_POINT('',#4039);
#2487=VERTEX_POINT('',#4040);
#2488=VERTEX_POINT('',#4041);
#2489=VERTEX_POINT('',#4042);
#2490=VERTEX_POINT('',#4043);
#2491=VERTEX_POINT('',#4044);
#2492=VERTEX_POINT('',#4045);
#2493=VERTEX_POINT('',#4046);
#2494=VERTEX_POINT('',#4047);
#2495=VERTEX_POINT('',#4048);
#2496=VERTEX_POINT('',#4049);
#2497=VERTEX_POINT('',#4050);
#2498=VERTEX_POINT('',#4051);
#2499=VERTEX_POINT('',#4052);
#2500=VERTEX_POINT('',#4053);
#2501=VERTEX_POINT('',#4054);
#2502=VERTEX_POINT('',#4055);
#2503=VERTEX_POINT('',#4056);
#2504=VERTEX_POINT('',#4057);
#2505=VERTEX_POINT('',#4058);
#2506=VERTEX_POINT('',#4059);
#2507=VERTEX_POINT('',#4060);
#2508=VERTEX_POINT('',#4061);
#2509=VERTEX_POINT('',#4062);
#2510=VERTEX_POINT('',#4063);
#2511=VERTEX_POINT('',#4064);
#2512=VERTEX_POINT('',#4065);
#2513=VERTEX_POINT('',#4066);
#2514=VERTEX_POINT('',#4067);
#2515=VERTEX_POINT('',#4068);
#2516=VERTEX_POINT('',#4069);
#2517=VERTEX_POINT('',#4070);
#2518=VERTEX_POINT('',#4071);
#2519=VERTEX_POINT('',#4072);
#2520=VERTEX_POINT('',#4073);
#2521=VERTEX_POINT('',#4074);
#2522=VERTEX_POINT('',#4075);
#2523=VERTEX_POINT('',#4076);
#2524=VERTEX_POINT('',#4077);
#2525=VERTEX_POINT('',#4078);
#2526=VERTEX_POINT('',#4079);
#2527=VERTEX_POINT('',#4080);
#2528=VERTEX_POINT('',#4081);
#2529=VERTEX_POINT('',#4082);
#2530=VERTEX_POINT('',#4083);
#2531=VERTEX_POINT('',#4084);
#2532=VERTEX_POINT('',#4085);
#2533=VERTEX_POINT('',#4086);
#2534=VERTEX_POINT('',#4087);
#2535=VERTEX_POINT('',#4088);
#2536=VERTEX_POINT('',#4089);
#2537=VERTEX_POINT('',#4090);
#2538=VERTEX_POINT('',#4091);
#2539=VERTEX_POINT('',#4092);
#2540=VERTEX_POINT('',#4093);
#2541=VERTEX_POINT('',#4094);
#2542=VERTEX_POINT('',#4095);
#2543=VERTEX_POINT('',#4096);
#2544=VERTEX_POINT('',#4097);
#2545=VERTEX_POINT('',#4098);
#2546=VERTEX_POINT('',#4099);
#2547=VERTEX_POINT('',#4100);
#2548=VERTEX_POINT('',#4101);
#2549=VERTEX_POINT('',#4102);
#2550=VERTEX_POINT('',#4103);
#2551=VERTEX_POINT('',#4104);
#2552=VERTEX_POINT('',#4105);
#2553=VERTEX_POINT('',#4106);
#2554=VERTEX_POINT('',#4107);
#2555=VERTEX_POINT('',#4108);
#2556=VERTEX_POINT('',#4109);
#2557=VERTEX_POINT('',#4110);
#2558=VERTEX_POINT('',#4111);
#2559=VERTEX_POINT('',#4112);
#2560=VERTEX_POINT('',#4113);
#2561=VERTEX_POINT('',#4114);
#2562=VERTEX_POINT('',#4115);
#2563=VERTEX_POINT('',#4116);
#2564=VERTEX_POINT('',#4117);
#2565=VERTEX_POINT('',#4118);
#2566=VERTEX_POINT('',#4119);
#2567=VERTEX_POINT('',#4120);
#2568=VERTEX_POINT('',#4121);
#2569=VERTEX_POINT('',#4122);
#2570=VERTEX_POINT('',#4123);
#2571=VERTEX_POINT('',#4124);
#2572=VERTEX_POINT('',#4125);
#2573=VERTEX_POINT('',#4126);
#2574=VERTEX_POINT('',#4127);
#2575=VERTEX_POINT('',#4128);
#2576=VERTEX_POINT('',#4129);
#2577=VERTEX_POINT('',#4130);
#2578=VERTEX_POINT('',#4131);
#2579=VERTEX_POINT('',#4132);
#2580=VERTEX_POINT('',#4133);
#2581=VERTEX_POINT('',#4134);
#2582=VERTEX_POINT('',#4135);
#2583=VERTEX_POINT('',#4136);
#2584=VERTEX_POINT('',#4137);
#2585=VERTEX_POINT('',#4138);
#2586=VERTEX_POINT('',#4139);
#2587=VERTEX_POINT('',#4140);
#2588=VERTEX_POINT('',#4141);
#2589=VERTEX_POINT('',#4142);
#2590=VERTEX_POINT('',#4143);
#2591=VERTEX_POINT('',#4144);
#2592=VERTEX_POINT('',#4145);
#2593=VERTEX_POINT('',#4146);
#2594=VERTEX_POINT('',#4147);
#2595=VERTEX_POINT('',#4148);
#2596=VERTEX_POINT('',#4149);
#2597=VERTEX_POINT('',#4150);
#2598=VERTEX_POINT('',#4151);
#2599=VERTEX_POINT('',#4152);
#2600=VERTEX_POINT('',#4153);
#2601=VERTEX_POINT('',#4154);
#2602=VERTEX_POINT('',#4155);
#2603=VERTEX_POINT('',#4156);
#2604=VERTEX_POINT('',#4157);
#2605=VERTEX_POINT('',#4158);
#2606=VERTEX_POINT('',#4159);
#2607=VERTEX_POINT('',#4160);
#2608=VERTEX_POINT('',#4161);
#2609=VERTEX_POINT('',#4162);
#2610=VERTEX_POINT('',#4163);
#2611=VERTEX_POINT('',#4164);
#2612=VERTEX_POINT('',#4165);
#2613=VERTEX_POINT('',#4166);
#2614=VERTEX_POINT('',#4167);
#2615=VERTEX_POINT('',#4168);
#2616=VERTEX_POINT('',#4169);
#2617=VERTEX_POINT('',#4170);
#2618=VERTEX_POINT('',#4171);
#2619=VERTEX_POINT('',#4172);
#2620=VERTEX_POINT('',#4173);
#2621=VERTEX_POINT('',#4174);
#2622=VERTEX_POINT('',#4175);
#2623=VERTEX_POINT('',#4176);
#2624=VERTEX_POINT('',#4177);
#2625=VERTEX_POINT('',#4178);
#2626=VERTEX_POINT('',#4179);
#2627=VERTEX_POINT('',#4180);
#2628=VERTEX_POINT('',#4181);
#2629=VERTEX_POINT('',#4182);
#2630=VERTEX_POINT('',#4183);
#2631=VERTEX_POINT('',#4184);
#2632=VERTEX_POINT('',#4185);
#2633=VERTEX_POINT('',#4186);
#2634=VERTEX_POINT('',#4187);
#2635=VERTEX_POINT('',#4188);
#2636=VERTEX_POINT('',#4189);
#2637=VERTEX_POINT('',#4190);
#2638=VERTEX_POINT('',#4191);
#2639=VERTEX_POINT('',#4192);
#2640=VERTEX_POINT('',#4193);
#2641=VERTEX_POINT('',#4194);
#2642=VERTEX_POINT('',#4195);
#2643=VERTEX_POINT('',#4196);
#2644=VERTEX_POINT('',#4197);
#2645=VERTEX_POINT('',#4198);
#2646=VERTEX_POINT('',#4199);
#2647=VERTEX_POINT('',#4200);
#2648=VERTEX_POINT('',#4201);
#2649=VERTEX_POINT('',#4202);
#2650=VERTEX_POINT('',#4203);
#2651=VERTEX_POINT('',#4204);
#2652=VERTEX_POINT('',#4205);
#2653=VERTEX_POINT('',#4206);
#2654=VERTEX_POINT('',#4207);
#2655=VERTEX_POINT('',#4208);
#2656=VERTEX_POINT('',#4209);
#2657=VERTEX_POINT('',#4210);
#2658=VERTEX_POINT('',#4211);
#2659=VERTEX_POINT('',#4212);
#2660=VERTEX_POINT('',#4213);
#2661=VERTEX_POINT('',#4214);
#2662=VERTEX_POINT('',#4215);
#2663=VERTEX_POINT('',#4216);
#2664=VERTEX_POINT('',#4217);
#2665=VERTEX_POINT('',#4218);
#2666=VERTEX_POINT('',#4219);
#2667=VERTEX_POINT('',#4220);
#2668=VERTEX_POINT('',#4221);
#2669=VERTEX_POINT('',#4222);
#2670=VERTEX_POINT('',#4223);
#2671=VERTEX_POINT('',#4224);
#2672=VERTEX_POINT('',#4225);
#2673=VERTEX_POINT('',#4226);
#2674=VERTEX_POINT('',#4227);
#2675=VERTEX_POINT('',#4228);
#2676=VERTEX_POINT('',#4229);
#2677=VERTEX_POINT('',#4230);
#2678=VERTEX_POINT('',#4231);
#2679=VERTEX_POINT('',#4232);
#2680=VERTEX_POINT('',#4233);
#2681=VERTEX_POINT('',#4234);
#2682=VERTEX_POINT('',#4235);
#2683=VERTEX_POINT('',#4236);
#2684=VERTEX_POINT('',#4237);
#2685=VERTEX_POINT('',#4238);
#2686=VERTEX_POINT('',#4239);
#2687=VERTEX_POINT('',#4240);
#2688=VERTEX_POINT('',#4241);
#2689=VERTEX_POINT('',#4242);
#2690=VERTEX_POINT('',#4243);
#2691=VERTEX_POINT('',#4244);
#2692=VERTEX_POINT('',#4245);
#2693=VERTEX_POINT('',#4246);
#2694=VERTEX_POINT('',#4247);
#2695=VERTEX_POINT('',#4248);
#2696=VERTEX_POINT('',#4249);
#2697=VERTEX_POINT('',#4250);
#2698=VERTEX_POINT('',#4251);
#2699=VERTEX_POINT('',#4252);
#2700=VERTEX_POINT('',#4253);
#2701=VERTEX_POINT('',#4254);
#2702=CYLINDRICAL_SURFACE('',#2938,0.124999999999091);
#2703=CYLINDRICAL_SURFACE('',#2940,0.125000000000298);
#2704=CYLINDRICAL_SURFACE('',#2942,0.125);
#2705=CYLINDRICAL_SURFACE('',#2944,0.12499999999868);
#2706=CYLINDRICAL_SURFACE('',#2946,0.0419999999983247);
#2707=CYLINDRICAL_SURFACE('',#2948,0.0419999999991033);
#2708=CYLINDRICAL_SURFACE('',#2950,0.041999999999689);
#2709=CYLINDRICAL_SURFACE('',#2952,0.0419999999983063);
#2710=CYLINDRICAL_SURFACE('',#2969,0.125);
#2711=CYLINDRICAL_SURFACE('',#2971,0.125000000000114);
#2712=CYLINDRICAL_SURFACE('',#2973,0.124999999999886);
#2713=CYLINDRICAL_SURFACE('',#2975,0.125);
#2714=CYLINDRICAL_SURFACE('',#2977,0.125);
#2715=CYLINDRICAL_SURFACE('',#2979,0.125000000000114);
#2716=CYLINDRICAL_SURFACE('',#2981,0.125);
#2717=CYLINDRICAL_SURFACE('',#2983,0.125);
#2718=CYLINDRICAL_SURFACE('',#2985,0.03125);
#2719=CYLINDRICAL_SURFACE('',#2986,0.0312499999998863);
#2720=CYLINDRICAL_SURFACE('',#2987,0.03125);
#2721=CYLINDRICAL_SURFACE('',#2988,0.0312499999998863);
#2722=CYLINDRICAL_SURFACE('',#2989,0.0312500000001137);
#2723=CYLINDRICAL_SURFACE('',#2990,0.0312499999998863);
#2724=CYLINDRICAL_SURFACE('',#2991,0.0312500000001137);
#2725=CYLINDRICAL_SURFACE('',#2992,0.0312499999998863);
#2726=CYLINDRICAL_SURFACE('',#2993,0.03125);
#2727=CYLINDRICAL_SURFACE('',#2994,0.03125);
#2728=CYLINDRICAL_SURFACE('',#2995,0.03125);
#2729=CYLINDRICAL_SURFACE('',#2996,0.03125);
#2730=CYLINDRICAL_SURFACE('',#2997,0.03125);
#2731=CYLINDRICAL_SURFACE('',#2998,0.0312500000001137);
#2732=CYLINDRICAL_SURFACE('',#2999,0.03125);
#2733=CYLINDRICAL_SURFACE('',#3000,0.0312500000001137);
#2734=CYLINDRICAL_SURFACE('',#3001,0.03125);
#2735=CYLINDRICAL_SURFACE('',#3002,0.0312500000001137);
#2736=CYLINDRICAL_SURFACE('',#3003,0.03125);
#2737=CYLINDRICAL_SURFACE('',#3004,0.0312500000001137);
#2738=CYLINDRICAL_SURFACE('',#3005,0.03125);
#2739=CYLINDRICAL_SURFACE('',#3006,0.03125);
#2740=CYLINDRICAL_SURFACE('',#3007,0.03125);
#2741=CYLINDRICAL_SURFACE('',#3008,0.03125);
#2742=CYLINDRICAL_SURFACE('',#3009,0.03125);
#2743=CYLINDRICAL_SURFACE('',#3010,0.03125);
#2744=CYLINDRICAL_SURFACE('',#3011,0.03125);
#2745=CYLINDRICAL_SURFACE('',#3012,0.03125);
#2746=CYLINDRICAL_SURFACE('',#3013,0.03125);
#2747=CYLINDRICAL_SURFACE('',#3014,0.03125);
#2748=CYLINDRICAL_SURFACE('',#3015,0.03125);
#2749=CYLINDRICAL_SURFACE('',#3016,0.03125);
#2750=CYLINDRICAL_SURFACE('',#3017,0.03125);
#2751=CYLINDRICAL_SURFACE('',#3018,0.03125);
#2752=CYLINDRICAL_SURFACE('',#3019,0.03125);
#2753=CYLINDRICAL_SURFACE('',#3020,0.03125);
#2754=CYLINDRICAL_SURFACE('',#3021,0.03125);
#2755=CYLINDRICAL_SURFACE('',#3022,0.03125);
#2756=CYLINDRICAL_SURFACE('',#3023,0.03125);
#2757=CYLINDRICAL_SURFACE('',#3024,0.03125);
#2758=CYLINDRICAL_SURFACE('',#3025,0.03125);
#2759=CYLINDRICAL_SURFACE('',#3026,0.0312500000001137);
#2760=CYLINDRICAL_SURFACE('',#3027,0.03125);
#2761=CYLINDRICAL_SURFACE('',#3028,0.0312500000001137);
#2762=CYLINDRICAL_SURFACE('',#3029,0.0312500000001137);
#2763=CYLINDRICAL_SURFACE('',#3030,0.03125);
#2764=CYLINDRICAL_SURFACE('',#3031,0.0312500000001137);
#2765=CYLINDRICAL_SURFACE('',#3032,0.03125);
#2766=CYLINDRICAL_SURFACE('',#3033,0.0312500000001137);
#2767=CYLINDRICAL_SURFACE('',#3034,0.0312499999998863);
#2768=CYLINDRICAL_SURFACE('',#3035,0.0312500000001137);
#2769=CYLINDRICAL_SURFACE('',#3036,0.0312499999998863);
#2770=CYLINDRICAL_SURFACE('',#3037,0.0312500000001137);
#2771=CYLINDRICAL_SURFACE('',#3038,0.0312499999998863);
#2772=CYLINDRICAL_SURFACE('',#3039,0.0312500000001137);
#2773=CYLINDRICAL_SURFACE('',#3040,0.0312499999998863);
#2774=CYLINDRICAL_SURFACE('',#3041,0.0312500000001137);
#2775=CYLINDRICAL_SURFACE('',#3042,0.0312499999998863);
#2776=CYLINDRICAL_SURFACE('',#3043,0.0312500000001137);
#2777=CYLINDRICAL_SURFACE('',#3044,0.0312499999998863);
#2778=CYLINDRICAL_SURFACE('',#3045,0.0312500000001137);
#2779=CYLINDRICAL_SURFACE('',#3046,0.0312499999998863);
#2780=CYLINDRICAL_SURFACE('',#3047,0.0312500000001137);
#2781=CYLINDRICAL_SURFACE('',#3048,0.0312499999998863);
#2782=CYLINDRICAL_SURFACE('',#3049,0.0312500000001137);
#2783=CYLINDRICAL_SURFACE('',#3050,0.0312499999998863);
#2784=CYLINDRICAL_SURFACE('',#3051,0.0312500000001137);
#2785=CYLINDRICAL_SURFACE('',#3052,0.0312499999998863);
#2786=CYLINDRICAL_SURFACE('',#3053,0.03125);
#2787=CYLINDRICAL_SURFACE('',#3054,0.0312499999998863);
#2788=CYLINDRICAL_SURFACE('',#3055,0.03125);
#2789=CYLINDRICAL_SURFACE('',#3056,0.0312499999998863);
#2790=CYLINDRICAL_SURFACE('',#3057,0.0750000000000455);
#2791=CYLINDRICAL_SURFACE('',#3058,0.0750000000001592);
#2792=CYLINDRICAL_SURFACE('',#3059,0.0750000000000455);
#2793=CYLINDRICAL_SURFACE('',#3060,0.0750000000001592);
#2794=CYLINDRICAL_SURFACE('',#3061,0.0750000000000455);
#2795=CYLINDRICAL_SURFACE('',#3062,0.0750000000000455);
#2796=CYLINDRICAL_SURFACE('',#3063,0.0750000000000455);
#2797=CYLINDRICAL_SURFACE('',#3064,0.0750000000000455);
#2798=CYLINDRICAL_SURFACE('',#3065,0.125);
#2799=CYLINDRICAL_SURFACE('',#3067,0.125000000000114);
#2800=CYLINDRICAL_SURFACE('',#3069,0.124999999999886);
#2801=CYLINDRICAL_SURFACE('',#3071,0.125);
#2802=CYLINDRICAL_SURFACE('',#3073,0.125);
#2803=CYLINDRICAL_SURFACE('',#3075,0.125000000000114);
#2804=CYLINDRICAL_SURFACE('',#3077,0.125);
#2805=CYLINDRICAL_SURFACE('',#3079,0.125);
#2806=PLANE('',#2937);
#2807=PLANE('',#2939);
#2808=PLANE('',#2941);
#2809=PLANE('',#2943);
#2810=PLANE('',#2945);
#2811=PLANE('',#2947);
#2812=PLANE('',#2949);
#2813=PLANE('',#2951);
#2814=PLANE('',#2953);
#2815=PLANE('',#2954);
#2816=PLANE('',#2955);
#2817=PLANE('',#2956);
#2818=PLANE('',#2957);
#2819=PLANE('',#2958);
#2820=PLANE('',#2959);
#2821=PLANE('',#2960);
#2822=PLANE('',#2961);
#2823=PLANE('',#2962);
#2824=PLANE('',#2963);
#2825=PLANE('',#2964);
#2826=PLANE('',#2965);
#2827=PLANE('',#2966);
#2828=PLANE('',#2967);
#2829=PLANE('',#2968);
#2830=PLANE('',#2970);
#2831=PLANE('',#2972);
#2832=PLANE('',#2974);
#2833=PLANE('',#2976);
#2834=PLANE('',#2978);
#2835=PLANE('',#2980);
#2836=PLANE('',#2982);
#2837=PLANE('',#2984);
#2838=PLANE('',#3066);
#2839=PLANE('',#3068);
#2840=PLANE('',#3070);
#2841=PLANE('',#3072);
#2842=PLANE('',#3074);
#2843=PLANE('',#3076);
#2844=PLANE('',#3078);
#2845=PLANE('',#3080);
#2846=SHAPE_DEFINITION_REPRESENTATION(#2847,#2935);
#2847=PRODUCT_DEFINITION_SHAPE($,$,#2849);
#2848=PRODUCT_DEFINITION_CONTEXT('3D Mechanical Parts',#2921,'design');
#2849=PRODUCT_DEFINITION('A','First version',#2891,#2848);
#2850=DATE_TIME_ROLE('classification_date');
#2851=DATE_TIME_ROLE('creation_date');
#2852=APPLIED_DATE_AND_TIME_ASSIGNMENT(#2876,#2850,(#2855));
#2853=APPLIED_DATE_AND_TIME_ASSIGNMENT(#2878,#2851,(#2849));
#2854=SECURITY_CLASSIFICATION_LEVEL('unclassified');
#2855=SECURITY_CLASSIFICATION('A','Security for version',#2854);
#2856=APPLIED_SECURITY_CLASSIFICATION_ASSIGNMENT(#2855,(#2891));
#2857=APPROVAL_ROLE('Version approval');
#2858=APPROVAL_ROLE('Version Security approval');
#2859=APPROVAL_ROLE('Definition approval');
#2860=APPROVAL_PERSON_ORGANIZATION(#2909,#2885,#2857);
#2861=APPROVAL_PERSON_ORGANIZATION(#2910,#2886,#2858);
#2862=APPROVAL_PERSON_ORGANIZATION(#2913,#2887,#2859);
#2863=COORDINATED_UNIVERSAL_TIME_OFFSET(5,0,.BEHIND.);
#2864=LOCAL_TIME(0,0,0.,#2863);
#2865=LOCAL_TIME(0,0,0.,#2863);
#2866=LOCAL_TIME(0,0,0.,#2863);
#2867=LOCAL_TIME(0,0,0.,#2863);
#2868=LOCAL_TIME(0,0,0.,#2863);
#2869=CALENDAR_DATE(1999,1,1);
#2870=CALENDAR_DATE(1999,1,1);
#2871=CALENDAR_DATE(1999,1,1);
#2872=CALENDAR_DATE(1999,1,1);
#2873=CALENDAR_DATE(1999,1,1);
#2874=DATE_AND_TIME(#2869,#2864);
#2875=DATE_AND_TIME(#2870,#2865);
#2876=DATE_AND_TIME(#2871,#2866);
#2877=DATE_AND_TIME(#2872,#2867);
#2878=DATE_AND_TIME(#2873,#2868);
#2879=APPROVAL_DATE_TIME(#2874,#2885);
#2880=APPROVAL_DATE_TIME(#2875,#2886);
#2881=APPROVAL_DATE_TIME(#2877,#2887);
#2882=APPROVAL_STATUS('not_yet_approved');
#2883=APPROVAL_STATUS('not_yet_approved');
#2884=APPROVAL_STATUS('approved');
#2885=APPROVAL(#2882,'Version approval');
#2886=APPROVAL(#2883,'Version Security approval');
#2887=APPROVAL(#2884,'Definition approval');
#2888=APPLIED_APPROVAL_ASSIGNMENT(#2885,(#2891));
#2889=APPLIED_APPROVAL_ASSIGNMENT(#2886,(#2855));
#2890=APPLIED_APPROVAL_ASSIGNMENT(#2887,(#2849));
#2891=PRODUCT_DEFINITION_FORMATION_WITH_SPECIFIED_SOURCE('A',
'First version',#2923,.MADE.);
#2892=PERSON_AND_ORGANIZATION_ROLE('design_owner');
#2893=PERSON_AND_ORGANIZATION_ROLE('creator');
#2894=PERSON_AND_ORGANIZATION_ROLE('design_supplier');
#2895=PERSON_AND_ORGANIZATION_ROLE('classification_officer');
#2896=PERSON_AND_ORGANIZATION_ROLE('creator');
#2897=ORGANIZATION('STI','lab','lab');
#2898=ORGANIZATION('STI','unknown','unknown');
#2899=ORGANIZATION('STI','unknown','unknown');
#2900=ORGANIZATION('STI','unknown','unknown');
#2901=ORGANIZATION('STI','unknown','unknown');
#2902=ORGANIZATION('STI','unknown','unknown');
#2903=ORGANIZATION('STI','unknown','unknown');
#2904=PERSON('1','Box','vc60',$,$,$);
#2905=PERSON('2','last','first',$,$,$);
#2906=PERSON('3','President','Mr.',$,$,$);
#2907=PERSON_AND_ORGANIZATION(#2904,#2897);
#2908=PERSON_AND_ORGANIZATION(#2905,#2898);
#2909=PERSON_AND_ORGANIZATION(#2906,#2899);
#2910=PERSON_AND_ORGANIZATION(#2906,#2900);
#2911=PERSON_AND_ORGANIZATION(#2906,#2901);
#2912=PERSON_AND_ORGANIZATION(#2905,#2902);
#2913=PERSON_AND_ORGANIZATION(#2906,#2903);
#2914=APPLIED_PERSON_AND_ORGANIZATION_ASSIGNMENT(#2907,#2892,(#2923));
#2915=APPLIED_PERSON_AND_ORGANIZATION_ASSIGNMENT(#2908,#2893,(#2891));
#2916=APPLIED_PERSON_AND_ORGANIZATION_ASSIGNMENT(#2908,#2894,(#2891));
#2917=APPLIED_PERSON_AND_ORGANIZATION_ASSIGNMENT(#2911,#2895,(#2855));
#2918=APPLIED_PERSON_AND_ORGANIZATION_ASSIGNMENT(#2912,#2896,(#2849));
#2919=PRODUCT_RELATED_PRODUCT_CATEGORY('detail','detail',(#2923));
#2920=APPLICATION_PROTOCOL_DEFINITION('International Standard',
'config_control_design',1994,#2921);
#2921=APPLICATION_CONTEXT(
'configuration controlled 3d designs of mechanical parts and assemblie
s');
#2922=PRODUCT_CONTEXT('3D Mechanical Parts',#2921,'mechanical');
#2923=PRODUCT('Document','Document','',(#2922));
#2924=(
LENGTH_UNIT()
NAMED_UNIT(*)
SI_UNIT(.CENTI.,.METRE.)
);
#2925=LENGTH_MEASURE_WITH_UNIT(LENGTH_MEASURE(2.54),#2924);
#2926=(
CONVERSION_BASED_UNIT('INCH',#2925)
LENGTH_UNIT()
NAMED_UNIT(#2929)
);
#2927=(
NAMED_UNIT(*)
PLANE_ANGLE_UNIT()
SI_UNIT($,.RADIAN.)
);
#2928=DIMENSIONAL_EXPONENTS(0.,0.,0.,0.,0.,0.,0.);
#2929=DIMENSIONAL_EXPONENTS(1.,0.,0.,0.,0.,0.,0.);
#2930=PLANE_ANGLE_MEASURE_WITH_UNIT(PLANE_ANGLE_MEASURE(0.01745329252),
#2927);
#2931=(
CONVERSION_BASED_UNIT('DEGREES',#2930)
NAMED_UNIT(#2928)
PLANE_ANGLE_UNIT()
);
#2932=(
NAMED_UNIT(*)
SI_UNIT($,.STERADIAN.)
SOLID_ANGLE_UNIT()
);
#2933=UNCERTAINTY_MEASURE_WITH_UNIT(LENGTH_MEASURE(0.000393700787401575),
#2926,'DISTANCE_ACCURACY_VALUE',
'Maximum model space distance between geometric entities at asserted c
onnectivities');
#2934=(
GEOMETRIC_REPRESENTATION_CONTEXT(3)
GLOBAL_UNCERTAINTY_ASSIGNED_CONTEXT((#2933))
GLOBAL_UNIT_ASSIGNED_CONTEXT((#2932,#2931,#2926))
REPRESENTATION_CONTEXT('ID1','3D')
);
#2935=SHAPE_REPRESENTATION('Document',(#2936,#3289),#2934);
#2936=AXIS2_PLACEMENT_3D($,#3854,#3290,#3291);
#2937=AXIS2_PLACEMENT_3D('',#3855,#3292,$);
#2938=AXIS2_PLACEMENT_3D('',#3856,#3293,$);
#2939=AXIS2_PLACEMENT_3D('',#3857,#3294,$);
#2940=AXIS2_PLACEMENT_3D('',#3858,#3295,$);
#2941=AXIS2_PLACEMENT_3D('',#3859,#3296,$);
#2942=AXIS2_PLACEMENT_3D('',#3860,#3297,$);
#2943=AXIS2_PLACEMENT_3D('',#3861,#3298,$);
#2944=AXIS2_PLACEMENT_3D('',#3862,#3299,$);
#2945=AXIS2_PLACEMENT_3D('',#3863,#3300,$);
#2946=AXIS2_PLACEMENT_3D('',#3864,#3301,$);
#2947=AXIS2_PLACEMENT_3D('',#3865,#3302,$);
#2948=AXIS2_PLACEMENT_3D('',#3866,#3303,$);
#2949=AXIS2_PLACEMENT_3D('',#3867,#3304,$);
#2950=AXIS2_PLACEMENT_3D('',#3868,#3305,$);
#2951=AXIS2_PLACEMENT_3D('',#3869,#3306,$);
#2952=AXIS2_PLACEMENT_3D('',#3870,#3307,$);
#2953=AXIS2_PLACEMENT_3D('',#3871,#3308,$);
#2954=AXIS2_PLACEMENT_3D('',#3872,#3309,$);
#2955=AXIS2_PLACEMENT_3D('',#3873,#3310,$);
#2956=AXIS2_PLACEMENT_3D('',#3874,#3311,$);
#2957=AXIS2_PLACEMENT_3D('',#3875,#3312,$);
#2958=AXIS2_PLACEMENT_3D('',#3876,#3313,$);
#2959=AXIS2_PLACEMENT_3D('',#3877,#3314,$);
#2960=AXIS2_PLACEMENT_3D('',#3878,#3315,$);
#2961=AXIS2_PLACEMENT_3D('',#3879,#3316,$);
#2962=AXIS2_PLACEMENT_3D('',#3880,#3317,$);
#2963=AXIS2_PLACEMENT_3D('',#3881,#3318,$);
#2964=AXIS2_PLACEMENT_3D('',#3882,#3319,$);
#2965=AXIS2_PLACEMENT_3D('',#3883,#3320,$);
#2966=AXIS2_PLACEMENT_3D('',#3884,#3321,$);
#2967=AXIS2_PLACEMENT_3D('',#3885,#3322,$);
#2968=AXIS2_PLACEMENT_3D('',#3886,#3323,$);
#2969=AXIS2_PLACEMENT_3D('',#3887,#3324,$);
#2970=AXIS2_PLACEMENT_3D('',#3888,#3325,$);
#2971=AXIS2_PLACEMENT_3D('',#3889,#3326,$);
#2972=AXIS2_PLACEMENT_3D('',#3890,#3327,$);
#2973=AXIS2_PLACEMENT_3D('',#3891,#3328,$);
#2974=AXIS2_PLACEMENT_3D('',#3892,#3329,$);
#2975=AXIS2_PLACEMENT_3D('',#3893,#3330,$);
#2976=AXIS2_PLACEMENT_3D('',#3894,#3331,$);
#2977=AXIS2_PLACEMENT_3D('',#3895,#3332,$);
#2978=AXIS2_PLACEMENT_3D('',#3896,#3333,$);
#2979=AXIS2_PLACEMENT_3D('',#3897,#3334,$);
#2980=AXIS2_PLACEMENT_3D('',#3898,#3335,$);
#2981=AXIS2_PLACEMENT_3D('',#3899,#3336,$);
#2982=AXIS2_PLACEMENT_3D('',#3900,#3337,$);
#2983=AXIS2_PLACEMENT_3D('',#3901,#3338,$);
#2984=AXIS2_PLACEMENT_3D('',#3902,#3339,$);
#2985=AXIS2_PLACEMENT_3D('',#3903,#3340,$);
#2986=AXIS2_PLACEMENT_3D('',#3904,#3341,$);
#2987=AXIS2_PLACEMENT_3D('',#3905,#3342,$);
#2988=AXIS2_PLACEMENT_3D('',#3906,#3343,$);
#2989=AXIS2_PLACEMENT_3D('',#3907,#3344,$);
#2990=AXIS2_PLACEMENT_3D('',#3908,#3345,$);
#2991=AXIS2_PLACEMENT_3D('',#3909,#3346,$);
#2992=AXIS2_PLACEMENT_3D('',#3910,#3347,$);
#2993=AXIS2_PLACEMENT_3D('',#3911,#3348,$);
#2994=AXIS2_PLACEMENT_3D('',#3912,#3349,$);
#2995=AXIS2_PLACEMENT_3D('',#3913,#3350,$);
#2996=AXIS2_PLACEMENT_3D('',#3914,#3351,$);
#2997=AXIS2_PLACEMENT_3D('',#3915,#3352,$);
#2998=AXIS2_PLACEMENT_3D('',#3916,#3353,$);
#2999=AXIS2_PLACEMENT_3D('',#3917,#3354,$);
#3000=AXIS2_PLACEMENT_3D('',#3918,#3355,$);
#3001=AXIS2_PLACEMENT_3D('',#3919,#3356,$);
#3002=AXIS2_PLACEMENT_3D('',#3920,#3357,$);
#3003=AXIS2_PLACEMENT_3D('',#3921,#3358,$);
#3004=AXIS2_PLACEMENT_3D('',#3922,#3359,$);
#3005=AXIS2_PLACEMENT_3D('',#3923,#3360,$);
#3006=AXIS2_PLACEMENT_3D('',#3924,#3361,$);
#3007=AXIS2_PLACEMENT_3D('',#3925,#3362,$);
#3008=AXIS2_PLACEMENT_3D('',#3926,#3363,$);
#3009=AXIS2_PLACEMENT_3D('',#3927,#3364,$);
#3010=AXIS2_PLACEMENT_3D('',#3928,#3365,$);
#3011=AXIS2_PLACEMENT_3D('',#3929,#3366,$);
#3012=AXIS2_PLACEMENT_3D('',#3930,#3367,$);
#3013=AXIS2_PLACEMENT_3D('',#3931,#3368,$);
#3014=AXIS2_PLACEMENT_3D('',#3932,#3369,$);
#3015=AXIS2_PLACEMENT_3D('',#3933,#3370,$);
#3016=AXIS2_PLACEMENT_3D('',#3934,#3371,$);
#3017=AXIS2_PLACEMENT_3D('',#3935,#3372,$);
#3018=AXIS2_PLACEMENT_3D('',#3936,#3373,$);
#3019=AXIS2_PLACEMENT_3D('',#3937,#3374,$);
#3020=AXIS2_PLACEMENT_3D('',#3938,#3375,$);
#3021=AXIS2_PLACEMENT_3D('',#3939,#3376,$);
#3022=AXIS2_PLACEMENT_3D('',#3940,#3377,$);
#3023=AXIS2_PLACEMENT_3D('',#3941,#3378,$);
#3024=AXIS2_PLACEMENT_3D('',#3942,#3379,$);
#3025=AXIS2_PLACEMENT_3D('',#3943,#3380,$);
#3026=AXIS2_PLACEMENT_3D('',#3944,#3381,$);
#3027=AXIS2_PLACEMENT_3D('',#3945,#3382,$);
#3028=AXIS2_PLACEMENT_3D('',#3946,#3383,$);
#3029=AXIS2_PLACEMENT_3D('',#3947,#3384,$);
#3030=AXIS2_PLACEMENT_3D('',#3948,#3385,$);
#3031=AXIS2_PLACEMENT_3D('',#3949,#3386,$);
#3032=AXIS2_PLACEMENT_3D('',#3950,#3387,$);
#3033=AXIS2_PLACEMENT_3D('',#3951,#3388,$);
#3034=AXIS2_PLACEMENT_3D('',#3952,#3389,$);
#3035=AXIS2_PLACEMENT_3D('',#3953,#3390,$);
#3036=AXIS2_PLACEMENT_3D('',#3954,#3391,$);
#3037=AXIS2_PLACEMENT_3D('',#3955,#3392,$);
#3038=AXIS2_PLACEMENT_3D('',#3956,#3393,$);
#3039=AXIS2_PLACEMENT_3D('',#3957,#3394,$);
#3040=AXIS2_PLACEMENT_3D('',#3958,#3395,$);
#3041=AXIS2_PLACEMENT_3D('',#3959,#3396,$);
#3042=AXIS2_PLACEMENT_3D('',#3960,#3397,$);
#3043=AXIS2_PLACEMENT_3D('',#3961,#3398,$);
#3044=AXIS2_PLACEMENT_3D('',#3962,#3399,$);
#3045=AXIS2_PLACEMENT_3D('',#3963,#3400,$);
#3046=AXIS2_PLACEMENT_3D('',#3964,#3401,$);
#3047=AXIS2_PLACEMENT_3D('',#3965,#3402,$);
#3048=AXIS2_PLACEMENT_3D('',#3966,#3403,$);
#3049=AXIS2_PLACEMENT_3D('',#3967,#3404,$);
#3050=AXIS2_PLACEMENT_3D('',#3968,#3405,$);
#3051=AXIS2_PLACEMENT_3D('',#3969,#3406,$);
#3052=AXIS2_PLACEMENT_3D('',#3970,#3407,$);
#3053=AXIS2_PLACEMENT_3D('',#3971,#3408,$);
#3054=AXIS2_PLACEMENT_3D('',#3972,#3409,$);
#3055=AXIS2_PLACEMENT_3D('',#3973,#3410,$);
#3056=AXIS2_PLACEMENT_3D('',#3974,#3411,$);
#3057=AXIS2_PLACEMENT_3D('',#3975,#3412,$);
#3058=AXIS2_PLACEMENT_3D('',#3976,#3413,$);
#3059=AXIS2_PLACEMENT_3D('',#3977,#3414,$);
#3060=AXIS2_PLACEMENT_3D('',#3978,#3415,$);
#3061=AXIS2_PLACEMENT_3D('',#3979,#3416,$);
#3062=AXIS2_PLACEMENT_3D('',#3980,#3417,$);
#3063=AXIS2_PLACEMENT_3D('',#3981,#3418,$);
#3064=AXIS2_PLACEMENT_3D('',#3982,#3419,$);
#3065=AXIS2_PLACEMENT_3D('',#3983,#3420,$);
#3066=AXIS2_PLACEMENT_3D('',#3984,#3421,$);
#3067=AXIS2_PLACEMENT_3D('',#3985,#3422,$);
#3068=AXIS2_PLACEMENT_3D('',#3986,#3423,$);
#3069=AXIS2_PLACEMENT_3D('',#3987,#3424,$);
#3070=AXIS2_PLACEMENT_3D('',#3988,#3425,$);
#3071=AXIS2_PLACEMENT_3D('',#3989,#3426,$);
#3072=AXIS2_PLACEMENT_3D('',#3990,#3427,$);
#3073=AXIS2_PLACEMENT_3D('',#3991,#3428,$);
#3074=AXIS2_PLACEMENT_3D('',#3992,#3429,$);
#3075=AXIS2_PLACEMENT_3D('',#3993,#3430,$);
#3076=AXIS2_PLACEMENT_3D('',#3994,#3431,$);
#3077=AXIS2_PLACEMENT_3D('',#3995,#3432,$);
#3078=AXIS2_PLACEMENT_3D('',#3996,#3433,$);
#3079=AXIS2_PLACEMENT_3D('',#3997,#3434,$);
#3080=AXIS2_PLACEMENT_3D('',#3998,#3435,$);
#3081=AXIS2_PLACEMENT_3D($,#4263,#3436,#3437);
#3082=AXIS2_PLACEMENT_3D($,#4268,#3438,#3439);
#3083=AXIS2_PLACEMENT_3D($,#4277,#3440,#3441);
#3084=AXIS2_PLACEMENT_3D($,#4282,#3442,#3443);
#3085=AXIS2_PLACEMENT_3D($,#4291,#3444,#3445);
#3086=AXIS2_PLACEMENT_3D($,#4296,#3446,#3447);
#3087=AXIS2_PLACEMENT_3D($,#4305,#3448,#3449);
#3088=AXIS2_PLACEMENT_3D($,#4308,#3450,#3451);
#3089=AXIS2_PLACEMENT_3D($,#4319,#3452,#3453);
#3090=AXIS2_PLACEMENT_3D($,#4324,#3454,#3455);
#3091=AXIS2_PLACEMENT_3D($,#4333,#3456,#3457);
#3092=AXIS2_PLACEMENT_3D($,#4338,#3458,#3459);
#3093=AXIS2_PLACEMENT_3D($,#4347,#3460,#3461);
#3094=AXIS2_PLACEMENT_3D($,#4352,#3462,#3463);
#3095=AXIS2_PLACEMENT_3D($,#4361,#3464,#3465);
#3096=AXIS2_PLACEMENT_3D($,#4364,#3466,#3467);
#3097=AXIS2_PLACEMENT_3D($,#4399,#3468,#3469);
#3098=AXIS2_PLACEMENT_3D($,#4402,#3470,#3471);
#3099=AXIS2_PLACEMENT_3D($,#4405,#3472,#3473);
#3100=AXIS2_PLACEMENT_3D($,#4408,#3474,#3475);
#3101=AXIS2_PLACEMENT_3D($,#4415,#3476,#3477);
#3102=AXIS2_PLACEMENT_3D($,#4418,#3478,#3479);
#3103=AXIS2_PLACEMENT_3D($,#4421,#3480,#3481);
#3104=AXIS2_PLACEMENT_3D($,#4424,#3482,#3483);
#3105=AXIS2_PLACEMENT_3D($,#4431,#3484,#3485);
#3106=AXIS2_PLACEMENT_3D($,#4434,#3486,#3487);
#3107=AXIS2_PLACEMENT_3D($,#4437,#3488,#3489);
#3108=AXIS2_PLACEMENT_3D($,#4440,#3490,#3491);
#3109=AXIS2_PLACEMENT_3D($,#4447,#3492,#3493);
#3110=AXIS2_PLACEMENT_3D($,#4450,#3494,#3495);
#3111=AXIS2_PLACEMENT_3D($,#4453,#3496,#3497);
#3112=AXIS2_PLACEMENT_3D($,#4456,#3498,#3499);
#3113=AXIS2_PLACEMENT_3D($,#4463,#3500,#3501);
#3114=AXIS2_PLACEMENT_3D($,#4466,#3502,#3503);
#3115=AXIS2_PLACEMENT_3D($,#4469,#3504,#3505);
#3116=AXIS2_PLACEMENT_3D($,#4472,#3506,#3507);
#3117=AXIS2_PLACEMENT_3D($,#4479,#3508,#3509);
#3118=AXIS2_PLACEMENT_3D($,#4482,#3510,#3511);
#3119=AXIS2_PLACEMENT_3D($,#4485,#3512,#3513);
#3120=AXIS2_PLACEMENT_3D($,#4488,#3514,#3515);
#3121=AXIS2_PLACEMENT_3D($,#4495,#3516,#3517);
#3122=AXIS2_PLACEMENT_3D($,#4500,#3518,#3519);
#3123=AXIS2_PLACEMENT_3D($,#4505,#3520,#3521);
#3124=AXIS2_PLACEMENT_3D($,#4510,#3522,#3523);
#3125=AXIS2_PLACEMENT_3D($,#4515,#3524,#3525);
#3126=AXIS2_PLACEMENT_3D($,#4520,#3526,#3527);
#3127=AXIS2_PLACEMENT_3D($,#4525,#3528,#3529);
#3128=AXIS2_PLACEMENT_3D($,#4530,#3530,#3531);
#3129=AXIS2_PLACEMENT_3D($,#4551,#3532,#3533);
#3130=AXIS2_PLACEMENT_3D($,#4556,#3534,#3535);
#3131=AXIS2_PLACEMENT_3D($,#4561,#3536,#3537);
#3132=AXIS2_PLACEMENT_3D($,#4566,#3538,#3539);
#3133=AXIS2_PLACEMENT_3D($,#4571,#3540,#3541);
#3134=AXIS2_PLACEMENT_3D($,#4576,#3542,#3543);
#3135=AXIS2_PLACEMENT_3D($,#4581,#3544,#3545);
#3136=AXIS2_PLACEMENT_3D($,#4586,#3546,#3547);
#3137=AXIS2_PLACEMENT_3D($,#4607,#3548,#3549);
#3138=AXIS2_PLACEMENT_3D($,#4610,#3550,#3551);
#3139=AXIS2_PLACEMENT_3D($,#4613,#3552,#3553);
#3140=AXIS2_PLACEMENT_3D($,#4616,#3554,#3555);
#3141=AXIS2_PLACEMENT_3D($,#4623,#3556,#3557);
#3142=AXIS2_PLACEMENT_3D($,#4626,#3558,#3559);
#3143=AXIS2_PLACEMENT_3D($,#4629,#3560,#3561);
#3144=AXIS2_PLACEMENT_3D($,#4632,#3562,#3563);
#3145=AXIS2_PLACEMENT_3D($,#4639,#3564,#3565);
#3146=AXIS2_PLACEMENT_3D($,#4642,#3566,#3567);
#3147=AXIS2_PLACEMENT_3D($,#4645,#3568,#3569);
#3148=AXIS2_PLACEMENT_3D($,#4648,#3570,#3571);
#3149=AXIS2_PLACEMENT_3D($,#4655,#3572,#3573);
#3150=AXIS2_PLACEMENT_3D($,#4658,#3574,#3575);
#3151=AXIS2_PLACEMENT_3D($,#4661,#3576,#3577);
#3152=AXIS2_PLACEMENT_3D($,#4664,#3578,#3579);
#3153=AXIS2_PLACEMENT_3D($,#4671,#3580,#3581);
#3154=AXIS2_PLACEMENT_3D($,#4674,#3582,#3583);
#3155=AXIS2_PLACEMENT_3D($,#4677,#3584,#3585);
#3156=AXIS2_PLACEMENT_3D($,#4680,#3586,#3587);
#3157=AXIS2_PLACEMENT_3D($,#4687,#3588,#3589);
#3158=AXIS2_PLACEMENT_3D($,#4690,#3590,#3591);
#3159=AXIS2_PLACEMENT_3D($,#4693,#3592,#3593);
#3160=AXIS2_PLACEMENT_3D($,#4696,#3594,#3595);
#3161=AXIS2_PLACEMENT_3D($,#4703,#3596,#3597);
#3162=AXIS2_PLACEMENT_3D($,#4706,#3598,#3599);
#3163=AXIS2_PLACEMENT_3D($,#4709,#3600,#3601);
#3164=AXIS2_PLACEMENT_3D($,#4712,#3602,#3603);
#3165=AXIS2_PLACEMENT_3D($,#4719,#3604,#3605);
#3166=AXIS2_PLACEMENT_3D($,#4722,#3606,#3607);
#3167=AXIS2_PLACEMENT_3D($,#4725,#3608,#3609);
#3168=AXIS2_PLACEMENT_3D($,#4728,#3610,#3611);
#3169=AXIS2_PLACEMENT_3D($,#4735,#3612,#3613);
#3170=AXIS2_PLACEMENT_3D($,#4738,#3614,#3615);
#3171=AXIS2_PLACEMENT_3D($,#4741,#3616,#3617);
#3172=AXIS2_PLACEMENT_3D($,#4744,#3618,#3619);
#3173=AXIS2_PLACEMENT_3D($,#4751,#3620,#3621);
#3174=AXIS2_PLACEMENT_3D($,#4754,#3622,#3623);
#3175=AXIS2_PLACEMENT_3D($,#4757,#3624,#3625);
#3176=AXIS2_PLACEMENT_3D($,#4760,#3626,#3627);
#3177=AXIS2_PLACEMENT_3D($,#4767,#3628,#3629);
#3178=AXIS2_PLACEMENT_3D($,#4770,#3630,#3631);
#3179=AXIS2_PLACEMENT_3D($,#4773,#3632,#3633);
#3180=AXIS2_PLACEMENT_3D($,#4776,#3634,#3635);
#3181=AXIS2_PLACEMENT_3D($,#4783,#3636,#3637);
#3182=AXIS2_PLACEMENT_3D($,#4786,#3638,#3639);
#3183=AXIS2_PLACEMENT_3D($,#4789,#3640,#3641);
#3184=AXIS2_PLACEMENT_3D($,#4792,#3642,#3643);
#3185=AXIS2_PLACEMENT_3D($,#4799,#3644,#3645);
#3186=AXIS2_PLACEMENT_3D($,#4804,#3646,#3647);
#3187=AXIS2_PLACEMENT_3D($,#4809,#3648,#3649);
#3188=AXIS2_PLACEMENT_3D($,#4814,#3650,#3651);
#3189=AXIS2_PLACEMENT_3D($,#4819,#3652,#3653);
#3190=AXIS2_PLACEMENT_3D($,#4824,#3654,#3655);
#3191=AXIS2_PLACEMENT_3D($,#4829,#3656,#3657);
#3192=AXIS2_PLACEMENT_3D($,#4834,#3658,#3659);
#3193=AXIS2_PLACEMENT_3D($,#4855,#3660,#3661);
#3194=AXIS2_PLACEMENT_3D($,#4860,#3662,#3663);
#3195=AXIS2_PLACEMENT_3D($,#4865,#3664,#3665);
#3196=AXIS2_PLACEMENT_3D($,#4870,#3666,#3667);
#3197=AXIS2_PLACEMENT_3D($,#4875,#3668,#3669);
#3198=AXIS2_PLACEMENT_3D($,#4880,#3670,#3671);
#3199=AXIS2_PLACEMENT_3D($,#4885,#3672,#3673);
#3200=AXIS2_PLACEMENT_3D($,#4890,#3674,#3675);
#3201=AXIS2_PLACEMENT_3D($,#4911,#3676,#3677);
#3202=AXIS2_PLACEMENT_3D($,#4914,#3678,#3679);
#3203=AXIS2_PLACEMENT_3D($,#4917,#3680,#3681);
#3204=AXIS2_PLACEMENT_3D($,#4920,#3682,#3683);
#3205=AXIS2_PLACEMENT_3D($,#4927,#3684,#3685);
#3206=AXIS2_PLACEMENT_3D($,#4930,#3686,#3687);
#3207=AXIS2_PLACEMENT_3D($,#4933,#3688,#3689);
#3208=AXIS2_PLACEMENT_3D($,#4936,#3690,#3691);
#3209=AXIS2_PLACEMENT_3D($,#4945,#3692,#3693);
#3210=AXIS2_PLACEMENT_3D($,#4948,#3694,#3695);
#3211=AXIS2_PLACEMENT_3D($,#4953,#3696,#3697);
#3212=AXIS2_PLACEMENT_3D($,#4956,#3698,#3699);
#3213=AXIS2_PLACEMENT_3D($,#4961,#3700,#3701);
#3214=AXIS2_PLACEMENT_3D($,#4964,#3702,#3703);
#3215=AXIS2_PLACEMENT_3D($,#4969,#3704,#3705);
#3216=AXIS2_PLACEMENT_3D($,#4972,#3706,#3707);
#3217=AXIS2_PLACEMENT_3D($,#4977,#3708,#3709);
#3218=AXIS2_PLACEMENT_3D($,#4980,#3710,#3711);
#3219=AXIS2_PLACEMENT_3D($,#4985,#3712,#3713);
#3220=AXIS2_PLACEMENT_3D($,#4988,#3714,#3715);
#3221=AXIS2_PLACEMENT_3D($,#4993,#3716,#3717);
#3222=AXIS2_PLACEMENT_3D($,#4996,#3718,#3719);
#3223=AXIS2_PLACEMENT_3D($,#5001,#3720,#3721);
#3224=AXIS2_PLACEMENT_3D($,#5004,#3722,#3723);
#3225=AXIS2_PLACEMENT_3D($,#5009,#3724,#3725);
#3226=AXIS2_PLACEMENT_3D($,#5012,#3726,#3727);
#3227=AXIS2_PLACEMENT_3D($,#5017,#3728,#3729);
#3228=AXIS2_PLACEMENT_3D($,#5020,#3730,#3731);
#3229=AXIS2_PLACEMENT_3D($,#5025,#3732,#3733);
#3230=AXIS2_PLACEMENT_3D($,#5028,#3734,#3735);
#3231=AXIS2_PLACEMENT_3D($,#5033,#3736,#3737);
#3232=AXIS2_PLACEMENT_3D($,#5036,#3738,#3739);
#3233=AXIS2_PLACEMENT_3D($,#5041,#3740,#3741);
#3234=AXIS2_PLACEMENT_3D($,#5044,#3742,#3743);
#3235=AXIS2_PLACEMENT_3D($,#5049,#3744,#3745);
#3236=AXIS2_PLACEMENT_3D($,#5052,#3746,#3747);
#3237=AXIS2_PLACEMENT_3D($,#5057,#3748,#3749);
#3238=AXIS2_PLACEMENT_3D($,#5060,#3750,#3751);
#3239=AXIS2_PLACEMENT_3D($,#5065,#3752,#3753);
#3240=AXIS2_PLACEMENT_3D($,#5068,#3754,#3755);
#3241=AXIS2_PLACEMENT_3D($,#5073,#3756,#3757);
#3242=AXIS2_PLACEMENT_3D($,#5076,#3758,#3759);
#3243=AXIS2_PLACEMENT_3D($,#5081,#3760,#3761);
#3244=AXIS2_PLACEMENT_3D($,#5084,#3762,#3763);
#3245=AXIS2_PLACEMENT_3D($,#5089,#3764,#3765);
#3246=AXIS2_PLACEMENT_3D($,#5092,#3766,#3767);
#3247=AXIS2_PLACEMENT_3D($,#5097,#3768,#3769);
#3248=AXIS2_PLACEMENT_3D($,#5100,#3770,#3771);
#3249=AXIS2_PLACEMENT_3D($,#5105,#3772,#3773);
#3250=AXIS2_PLACEMENT_3D($,#5108,#3774,#3775);
#3251=AXIS2_PLACEMENT_3D($,#5113,#3776,#3777);
#3252=AXIS2_PLACEMENT_3D($,#5116,#3778,#3779);
#3253=AXIS2_PLACEMENT_3D($,#5121,#3780,#3781);
#3254=AXIS2_PLACEMENT_3D($,#5124,#3782,#3783);
#3255=AXIS2_PLACEMENT_3D($,#5129,#3784,#3785);
#3256=AXIS2_PLACEMENT_3D($,#5132,#3786,#3787);
#3257=AXIS2_PLACEMENT_3D($,#5137,#3788,#3789);
#3258=AXIS2_PLACEMENT_3D($,#5140,#3790,#3791);
#3259=AXIS2_PLACEMENT_3D($,#5145,#3792,#3793);
#3260=AXIS2_PLACEMENT_3D($,#5148,#3794,#3795);
#3261=AXIS2_PLACEMENT_3D($,#5153,#3796,#3797);
#3262=AXIS2_PLACEMENT_3D($,#5156,#3798,#3799);
#3263=AXIS2_PLACEMENT_3D($,#5161,#3800,#3801);
#3264=AXIS2_PLACEMENT_3D($,#5164,#3802,#3803);
#3265=AXIS2_PLACEMENT_3D($,#5169,#3804,#3805);
#3266=AXIS2_PLACEMENT_3D($,#5172,#3806,#3807);
#3267=AXIS2_PLACEMENT_3D($,#5177,#3808,#3809);
#3268=AXIS2_PLACEMENT_3D($,#5180,#3810,#3811);
#3269=AXIS2_PLACEMENT_3D($,#5185,#3812,#3813);
#3270=AXIS2_PLACEMENT_3D($,#5188,#3814,#3815);
#3271=AXIS2_PLACEMENT_3D($,#5193,#3816,#3817);
#3272=AXIS2_PLACEMENT_3D($,#5196,#3818,#3819);
#3273=AXIS2_PLACEMENT_3D($,#5201,#3820,#3821);
#3274=AXIS2_PLACEMENT_3D($,#5204,#3822,#3823);
#3275=AXIS2_PLACEMENT_3D($,#5209,#3824,#3825);
#3276=AXIS2_PLACEMENT_3D($,#5212,#3826,#3827);
#3277=AXIS2_PLACEMENT_3D($,#5217,#3828,#3829);
#3278=AXIS2_PLACEMENT_3D($,#5220,#3830,#3831);
#3279=AXIS2_PLACEMENT_3D($,#5225,#3832,#3833);
#3280=AXIS2_PLACEMENT_3D($,#5228,#3834,#3835);
#3281=AXIS2_PLACEMENT_3D($,#5233,#3836,#3837);
#3282=AXIS2_PLACEMENT_3D($,#5236,#3838,#3839);
#3283=AXIS2_PLACEMENT_3D($,#5241,#3840,#3841);
#3284=AXIS2_PLACEMENT_3D($,#5244,#3842,#3843);
#3285=AXIS2_PLACEMENT_3D($,#5249,#3844,#3845);
#3286=AXIS2_PLACEMENT_3D($,#5252,#3846,#3847);
#3287=AXIS2_PLACEMENT_3D($,#5257,#3848,#3849);
#3288=AXIS2_PLACEMENT_3D($,#5260,#3850,#3851);
#3289=AXIS2_PLACEMENT_3D($,#5263,#3852,#3853);
#3290=DIRECTION('',(0.,0.,1.));
#3291=DIRECTION('',(1.,0.,0.));
#3292=DIRECTION('',(0.,1.,0.));
#3293=DIRECTION('',(-1.,2.19571444389551E-12,-2.19571444389551E-12));
#3294=DIRECTION('',(0.,0.,-1.));
#3295=DIRECTION('',(-1.,0.,0.));
#3296=DIRECTION('',(0.,-1.,0.));
#3297=DIRECTION('',(-1.,0.,0.));
#3298=DIRECTION('',(0.,0.,1.));
#3299=DIRECTION('',(-1.,-4.39142888779797E-12,-4.39142888781394E-12));
#3300=DIRECTION('',(0.,-1.,0.));
#3301=DIRECTION('',(-1.,-6.53486441655188E-12,6.53486441648112E-12));
#3302=DIRECTION('',(0.,0.,1.));
#3303=DIRECTION('',(-1.,6.53486441629484E-12,6.53486441629484E-12));
#3304=DIRECTION('',(0.,1.,0.));
#3305=DIRECTION('',(-1.,1.1155711359532E-11,-8.4488818900558E-12));
#3306=DIRECTION('',(0.,0.,-1.));
#3307=DIRECTION('',(-1.,0.,0.));
#3308=DIRECTION('',(1.,0.,0.));
#3309=DIRECTION('',(1.,0.,0.));
#3310=DIRECTION('',(1.,0.,0.));
#3311=DIRECTION('',(1.,0.,0.));
#3312=DIRECTION('',(1.,0.,0.));
#3313=DIRECTION('',(1.,0.,0.));
#3314=DIRECTION('',(1.,0.,0.));
#3315=DIRECTION('',(1.,0.,0.));
#3316=DIRECTION('',(-1.,0.,0.));
#3317=DIRECTION('',(-1.,0.,0.));
#3318=DIRECTION('',(-1.,0.,0.));
#3319=DIRECTION('',(-1.,0.,0.));
#3320=DIRECTION('',(-1.,0.,0.));
#3321=DIRECTION('',(-1.,0.,0.));
#3322=DIRECTION('',(-1.,0.,0.));
#3323=DIRECTION('',(-1.,0.,0.));
#3324=DIRECTION('',(0.,0.,1.));
#3325=DIRECTION('',(1.,0.,0.));
#3326=DIRECTION('',(0.,0.,1.));
#3327=DIRECTION('',(-1.,0.,0.));
#3328=DIRECTION('',(0.,0.,1.));
#3329=DIRECTION('',(1.,0.,0.));
#3330=DIRECTION('',(0.,0.,1.));
#3331=DIRECTION('',(-1.,0.,0.));
#3332=DIRECTION('',(0.,0.,1.));
#3333=DIRECTION('',(1.,0.,0.));
#3334=DIRECTION('',(0.,0.,1.));
#3335=DIRECTION('',(-1.,0.,0.));
#3336=DIRECTION('',(0.,0.,1.));
#3337=DIRECTION('',(1.,0.,0.));
#3338=DIRECTION('',(0.,0.,1.));
#3339=DIRECTION('',(-1.,0.,0.));
#3340=DIRECTION('',(0.,0.,-1.));
#3341=DIRECTION('',(0.,0.,-1.));
#3342=DIRECTION('',(0.,0.,-1.));
#3343=DIRECTION('',(0.,0.,-1.));
#3344=DIRECTION('',(0.,0.,-1.));
#3345=DIRECTION('',(0.,0.,-1.));
#3346=DIRECTION('',(0.,0.,-1.));
#3347=DIRECTION('',(0.,0.,-1.));
#3348=DIRECTION('',(0.,0.,-1.));
#3349=DIRECTION('',(0.,0.,-1.));
#3350=DIRECTION('',(0.,0.,-1.));
#3351=DIRECTION('',(0.,0.,-1.));
#3352=DIRECTION('',(0.,0.,-1.));
#3353=DIRECTION('',(0.,0.,-1.));
#3354=DIRECTION('',(0.,0.,-1.));
#3355=DIRECTION('',(0.,0.,-1.));
#3356=DIRECTION('',(0.,0.,-1.));
#3357=DIRECTION('',(0.,0.,-1.));
#3358=DIRECTION('',(0.,0.,-1.));
#3359=DIRECTION('',(0.,0.,-1.));
#3360=DIRECTION('',(0.,0.,-1.));
#3361=DIRECTION('',(0.,0.,-1.));
#3362=DIRECTION('',(0.,0.,-1.));
#3363=DIRECTION('',(0.,0.,-1.));
#3364=DIRECTION('',(0.,0.,-1.));
#3365=DIRECTION('',(0.,0.,-1.));
#3366=DIRECTION('',(0.,0.,-1.));
#3367=DIRECTION('',(0.,0.,-1.));
#3368=DIRECTION('',(0.,0.,-1.));
#3369=DIRECTION('',(0.,0.,-1.));
#3370=DIRECTION('',(0.,0.,-1.));
#3371=DIRECTION('',(0.,0.,-1.));
#3372=DIRECTION('',(0.,0.,-1.));
#3373=DIRECTION('',(0.,0.,-1.));
#3374=DIRECTION('',(0.,0.,-1.));
#3375=DIRECTION('',(0.,0.,-1.));
#3376=DIRECTION('',(0.,0.,-1.));
#3377=DIRECTION('',(0.,0.,-1.));
#3378=DIRECTION('',(0.,0.,-1.));
#3379=DIRECTION('',(0.,0.,-1.));
#3380=DIRECTION('',(0.,0.,-1.));
#3381=DIRECTION('',(0.,0.,-1.));
#3382=DIRECTION('',(0.,0.,-1.));
#3383=DIRECTION('',(0.,0.,-1.));
#3384=DIRECTION('',(0.,0.,-1.));
#3385=DIRECTION('',(0.,0.,-1.));
#3386=DIRECTION('',(0.,0.,-1.));
#3387=DIRECTION('',(0.,0.,-1.));
#3388=DIRECTION('',(0.,0.,-1.));
#3389=DIRECTION('',(0.,0.,-1.));
#3390=DIRECTION('',(0.,0.,-1.));
#3391=DIRECTION('',(0.,0.,-1.));
#3392=DIRECTION('',(0.,0.,-1.));
#3393=DIRECTION('',(0.,0.,-1.));
#3394=DIRECTION('',(0.,0.,-1.));
#3395=DIRECTION('',(0.,0.,-1.));
#3396=DIRECTION('',(0.,0.,-1.));
#3397=DIRECTION('',(0.,0.,-1.));
#3398=DIRECTION('',(0.,0.,-1.));
#3399=DIRECTION('',(0.,0.,-1.));
#3400=DIRECTION('',(0.,0.,-1.));
#3401=DIRECTION('',(0.,0.,-1.));
#3402=DIRECTION('',(0.,0.,-1.));
#3403=DIRECTION('',(0.,0.,-1.));
#3404=DIRECTION('',(0.,0.,-1.));
#3405=DIRECTION('',(0.,0.,-1.));
#3406=DIRECTION('',(0.,0.,-1.));
#3407=DIRECTION('',(0.,0.,-1.));
#3408=DIRECTION('',(0.,0.,-1.));
#3409=DIRECTION('',(0.,0.,-1.));
#3410=DIRECTION('',(0.,0.,-1.));
#3411=DIRECTION('',(0.,0.,-1.));
#3412=DIRECTION('',(0.,0.,1.));
#3413=DIRECTION('',(0.,0.,1.));
#3414=DIRECTION('',(0.,0.,1.));
#3415=DIRECTION('',(0.,0.,1.));
#3416=DIRECTION('',(0.,0.,1.));
#3417=DIRECTION('',(0.,0.,1.));
#3418=DIRECTION('',(0.,0.,1.));
#3419=DIRECTION('',(0.,0.,1.));
#3420=DIRECTION('',(0.,0.,1.));
#3421=DIRECTION('',(1.,0.,0.));
#3422=DIRECTION('',(0.,0.,1.));
#3423=DIRECTION('',(-1.,0.,0.));
#3424=DIRECTION('',(0.,0.,1.));
#3425=DIRECTION('',(1.,0.,0.));
#3426=DIRECTION('',(0.,0.,1.));
#3427=DIRECTION('',(-1.,0.,0.));
#3428=DIRECTION('',(0.,0.,1.));
#3429=DIRECTION('',(1.,0.,0.));
#3430=DIRECTION('',(0.,0.,1.));
#3431=DIRECTION('',(-1.,0.,0.));
#3432=DIRECTION('',(0.,0.,1.));
#3433=DIRECTION('',(1.,0.,0.));
#3434=DIRECTION('',(0.,0.,1.));
#3435=DIRECTION('',(-1.,0.,0.));
#3436=DIRECTION('',(-1.,0.,0.));
#3437=DIRECTION('',(0.,1.,7.55540074953655E-12));
#3438=DIRECTION('',(-1.,0.,0.));
#3439=DIRECTION('',(0.,1.,6.99762470194809E-12));
#3440=DIRECTION('',(-1.,0.,0.));
#3441=DIRECTION('',(0.,-5.45696821060872E-12,-1.));
#3442=DIRECTION('',(-1.,0.,0.));
#3443=DIRECTION('',(0.,-3.63797880708418E-12,-1.));
#3444=DIRECTION('',(-1.,0.,0.));
#3445=DIRECTION('',(0.,-1.,-6.1373128801167E-13));
#3446=DIRECTION('',(-1.,2.19571444392495E-12,-2.19571444392495E-12));
#3447=DIRECTION('',(-2.72848410531382E-12,-1.,1.68753899742717E-14));
#3448=DIRECTION('',(-1.,-2.19571444389898E-12,-2.19571444390697E-12));
#3449=DIRECTION('',(-1.81898940356557E-12,-1.09139364213934E-11,1.));
#3450=DIRECTION('',(-1.,-4.39142888779797E-12,-4.39142888781394E-12));
#3451=DIRECTION('',(-4.54747350891139E-12,-1.09139364213873E-11,1.));
#3452=DIRECTION('',(-1.,0.,0.));
#3453=DIRECTION('',(0.,1.,3.70338680361853E-12));
#3454=DIRECTION('',(1.,-3.82803494676095E-12,9.24169388595492E-12));
#3455=DIRECTION('',(8.1204884088298E-12,-5.41365893921987E-12,-1.));
#3456=DIRECTION('',(-1.,0.,0.));
#3457=DIRECTION('',(0.,0.,-1.));
#3458=DIRECTION('',(1.,2.7068294696015E-12,-2.70682946950455E-12));
#3459=DIRECTION('',(2.70682946959699E-12,-1.,2.14623292685794E-11));
#3460=DIRECTION('',(-1.,8.4488818902095E-12,-1.11557113599437E-11));
#3461=DIRECTION('',(-8.12048840852719E-12,-1.,4.13373039493972E-11));
#3462=DIRECTION('',(1.,-1.76905757767043E-11,1.4983746307203E-11));
#3463=DIRECTION('',(-1.35341473476402E-11,-1.62409768171683E-11,1.));
#3464=DIRECTION('',(-1.,6.53486441639379E-12,6.5348644165353E-12));
#3465=DIRECTION('',(8.12048840887702E-12,-2.16546357570054E-11,1.));
#3466=DIRECTION('',(1.,6.5348644164041E-12,6.53486441651024E-12));
#3467=DIRECTION('',(-5.41365893925259E-12,1.,-2.97909844948128E-12));
#3468=DIRECTION('',(0.,0.,1.));
#3469=DIRECTION('',(-1.,7.27595761415696E-12,0.));
#3470=DIRECTION('',(0.,0.,-1.));
#3471=DIRECTION('',(-1.,0.,0.));
#3472=DIRECTION('',(0.,0.,1.));
#3473=DIRECTION('',(-1.,7.27595761415696E-12,0.));
#3474=DIRECTION('',(0.,0.,-1.));
#3475=DIRECTION('',(-1.,0.,0.));
#3476=DIRECTION('',(0.,0.,1.));
#3477=DIRECTION('',(-1.,0.,0.));
#3478=DIRECTION('',(0.,0.,-1.));
#3479=DIRECTION('',(-1.,-7.2759576142099E-12,0.));
#3480=DIRECTION('',(-2.22044604926647E-16,-6.66133814781556E-16,1.));
#3481=DIRECTION('',(-1.,-7.27595761413049E-12,0.));
#3482=DIRECTION('',(0.,0.,-1.));
#3483=DIRECTION('',(-1.,-7.2759576142099E-12,0.));
#3484=DIRECTION('',(-4.03896783471395E-27,8.07793566969826E-28,1.));
#3485=DIRECTION('',(-1.,-7.27595761413049E-12,-4.03896783470219E-27));
#3486=DIRECTION('',(0.,0.,-1.));
#3487=DIRECTION('',(-1.,0.,0.));
#3488=DIRECTION('',(0.,0.,1.));
#3489=DIRECTION('',(-1.,7.27595761418343E-12,0.));
#3490=DIRECTION('',(0.,0.,-1.));
#3491=DIRECTION('',(-1.,0.,0.));
#3492=DIRECTION('',(-1.89405503343335E-27,6.31877585088927E-28,1.));
#3493=DIRECTION('',(-1.,-1.45519152284727E-11,-1.89405503344943E-27));
#3494=DIRECTION('',(0.,0.,-1.));
#3495=DIRECTION('',(-1.,7.27595761418343E-12,0.));
#3496=DIRECTION('',(-2.22044604927455E-16,-6.66133814782364E-16,1.));
#3497=DIRECTION('',(-1.,-1.45519152284727E-11,0.));
#3498=DIRECTION('',(3.55271367878758E-15,-3.55271367876173E-15,-1.));
#3499=DIRECTION('',(-1.,-7.2759576142099E-12,-3.55271367881343E-15));
#3500=DIRECTION('',(0.,0.,1.));
#3501=DIRECTION('',(-1.,0.,0.));
#3502=DIRECTION('',(0.,0.,-1.));
#3503=DIRECTION('',(-1.,0.,0.));
#3504=DIRECTION('',(4.44089209848447E-16,4.44089209848447E-16,1.));
#3505=DIRECTION('',(-1.,0.,4.44089209851678E-16));
#3506=DIRECTION('',(0.,0.,-1.));
#3507=DIRECTION('',(-1.,0.,0.));
#3508=DIRECTION('',(0.,0.,1.));
#3509=DIRECTION('',(-1.,0.,0.));
#3510=DIRECTION('',(0.,0.,-1.));
#3511=DIRECTION('',(-1.,7.27595761418343E-12,0.));
#3512=DIRECTION('',(-2.22044604926647E-16,-6.66133814781556E-16,1.));
#3513=DIRECTION('',(-1.,-1.45519152283669E-11,0.));
#3514=DIRECTION('',(0.,0.,-1.));
#3515=DIRECTION('',(-1.,7.27595761418343E-12,0.));
#3516=DIRECTION('',(0.,1.61558713389263E-27,1.));
#3517=DIRECTION('',(1.,0.,0.));
#3518=DIRECTION('',(0.,0.,1.));
#3519=DIRECTION('',(-1.,0.,0.));
#3520=DIRECTION('',(9.09494701772928E-13,-9.09494701770447E-13,-1.));
#3521=DIRECTION('',(-1.,0.,-9.09494701773755E-13));
#3522=DIRECTION('',(0.,0.,-1.));
#3523=DIRECTION('',(1.,-1.8189894035442E-12,0.));
#3524=DIRECTION('',(0.,-1.11022302462516E-16,1.));
#3525=DIRECTION('',(1.,0.,0.));
#3526=DIRECTION('',(9.09494701772928E-13,-9.09494701772928E-13,1.));
#3527=DIRECTION('',(-1.,0.,9.09494701772101E-13));
#3528=DIRECTION('',(0.,0.,-1.));
#3529=DIRECTION('',(-1.,-1.81898940354751E-12,0.));
#3530=DIRECTION('',(0.,0.,-1.));
#3531=DIRECTION('',(1.,-1.8189894035442E-12,0.));
#3532=DIRECTION('',(0.,-9.69352280335579E-27,1.));
#3533=DIRECTION('',(1.,0.,0.));
#3534=DIRECTION('',(0.,0.,1.));
#3535=DIRECTION('',(-1.,0.,0.));
#3536=DIRECTION('',(0.,0.,-1.));
#3537=DIRECTION('',(-1.,0.,0.));
#3538=DIRECTION('',(9.09494701772928E-13,9.09494701772928E-13,-1.));
#3539=DIRECTION('',(1.,0.,9.08606523353228E-13));
#3540=DIRECTION('',(0.,0.,1.));
#3541=DIRECTION('',(1.,0.,0.));
#3542=DIRECTION('',(0.,0.,1.));
#3543=DIRECTION('',(-1.,0.,0.));
#3544=DIRECTION('',(0.,0.,-1.));
#3545=DIRECTION('',(-1.,0.,0.));
#3546=DIRECTION('',(0.,0.,-1.));
#3547=DIRECTION('',(1.,0.,0.));
#3548=DIRECTION('',(0.,0.,1.));
#3549=DIRECTION('',(-1.,0.,0.));
#3550=DIRECTION('',(-3.55271367883928E-15,3.55271367883928E-15,-1.));
#3551=DIRECTION('',(-1.,0.,0.));
#3552=DIRECTION('',(4.44089209848447E-16,4.44089209848447E-16,1.));
#3553=DIRECTION('',(-1.,0.,4.44089209851678E-16));
#3554=DIRECTION('',(0.,0.,-1.));
#3555=DIRECTION('',(-1.,7.27595761418343E-12,0.));
#3556=DIRECTION('',(-8.07793566946316E-28,-8.07793566946316E-28,1.));
#3557=DIRECTION('',(-1.,7.27595761418343E-12,-8.07793566946316E-28));
#3558=DIRECTION('',(-3.55271367883928E-15,3.55271367883928E-15,-1.));
#3559=DIRECTION('',(-1.,-1.4551915228261E-11,0.));
#3560=DIRECTION('',(-2.22044604926647E-16,-6.66133814781556E-16,1.));
#3561=DIRECTION('',(-1.,-7.27595761415696E-12,0.));
#3562=DIRECTION('',(3.55271367877465E-15,-3.5527136787488E-15,-1.));
#3563=DIRECTION('',(-1.,0.,-3.55271367878758E-15));
#3564=DIRECTION('',(0.,0.,1.));
#3565=DIRECTION('',(-1.,7.27595761415696E-12,0.));
#3566=DIRECTION('',(-3.55271367883928E-15,3.55271367883928E-15,-1.));
#3567=DIRECTION('',(-1.,0.,0.));
#3568=DIRECTION('',(4.44089209848447E-16,4.44089209848447E-16,1.));
#3569=DIRECTION('',(-1.,0.,4.44089209851678E-16));
#3570=DIRECTION('',(3.55271367877465E-15,-3.5527136787488E-15,-1.));
#3571=DIRECTION('',(-1.,-1.45519152283139E-11,-3.55271367878758E-15));
#3572=DIRECTION('',(-8.07793566946316E-28,-8.07793566946316E-28,1.));
#3573=DIRECTION('',(-1.,0.,-8.07793566949255E-28));
#3574=DIRECTION('',(-3.55271367883928E-15,3.55271367883928E-15,-1.));
#3575=DIRECTION('',(-1.,-1.45519152281551E-11,0.));
#3576=DIRECTION('',(-2.22044604926647E-16,-6.66133814781556E-16,1.));
#3577=DIRECTION('',(-1.,-7.27595761415696E-12,0.));
#3578=DIRECTION('',(3.55271367877465E-15,-3.5527136787488E-15,-1.));
#3579=DIRECTION('',(-1.,0.,-3.5527136788005E-15));
#3580=DIRECTION('',(-8.07793566946316E-28,-8.07793566946316E-28,1.));
#3581=DIRECTION('',(-1.,0.,-8.07793566949255E-28));
#3582=DIRECTION('',(-3.55271367883928E-15,3.55271367883928E-15,-1.));
#3583=DIRECTION('',(-1.,-1.45519152283669E-11,0.));
#3584=DIRECTION('',(-2.22044604926647E-16,-6.66133814781556E-16,1.));
#3585=DIRECTION('',(-1.,-7.27595761415696E-12,0.));
#3586=DIRECTION('',(3.55271367877465E-15,-3.5527136787488E-15,-1.));
#3587=DIRECTION('',(-1.,0.,-3.5527136788005E-15));
#3588=DIRECTION('',(-6.3187758508203E-28,-6.3187758508203E-28,1.));
#3589=DIRECTION('',(-1.,7.27595761418343E-12,-6.32666445987251E-28));
#3590=DIRECTION('',(-3.55271367883928E-15,3.55271367883928E-15,-1.));
#3591=DIRECTION('',(-1.,0.,0.));
#3592=DIRECTION('',(4.44089209848447E-16,4.44089209848447E-16,1.));
#3593=DIRECTION('',(-1.,7.2759576142099E-12,4.44089209851678E-16));
#3594=DIRECTION('',(0.,0.,-1.));
#3595=DIRECTION('',(-1.,0.,0.));
#3596=DIRECTION('',(-8.07793566946316E-28,-8.07793566946316E-28,1.));
#3597=DIRECTION('',(-1.,0.,-8.07793566949255E-28));
#3598=DIRECTION('',(-3.55271367883928E-15,3.55271367883928E-15,-1.));
#3599=DIRECTION('',(-1.,-1.45519152281551E-11,0.));
#3600=DIRECTION('',(-2.22044604927051E-16,-6.6613381478196E-16,1.));
#3601=DIRECTION('',(-1.,-7.2759576142099E-12,0.));
#3602=DIRECTION('',(3.55271367878111E-15,-3.55271367875526E-15,-1.));
#3603=DIRECTION('',(-1.,0.,-3.55271367881343E-15));
#3604=DIRECTION('',(0.,0.,1.));
#3605=DIRECTION('',(-1.,-7.2759576142099E-12,0.));
#3606=DIRECTION('',(-3.55271367883928E-15,3.55271367883928E-15,-1.));
#3607=DIRECTION('',(-1.,0.,0.));
#3608=DIRECTION('',(4.44089209848447E-16,4.44089209848447E-16,1.));
#3609=DIRECTION('',(-1.,0.,4.44089209851678E-16));
#3610=DIRECTION('',(3.55271367877465E-15,-3.5527136787488E-15,-1.));
#3611=DIRECTION('',(-1.,-7.27595761410402E-12,-3.55271367876173E-15));
#3612=DIRECTION('',(0.,0.,1.));
#3613=DIRECTION('',(-1.,0.,0.));
#3614=DIRECTION('',(-3.55271367883928E-15,3.55271367883928E-15,-1.));
#3615=DIRECTION('',(-1.,0.,0.));
#3616=DIRECTION('',(-2.22044604926647E-16,-6.66133814781556E-16,1.));
#3617=DIRECTION('',(-1.,-7.27595761415696E-12,0.));
#3618=DIRECTION('',(3.55271367877465E-15,-3.5527136787488E-15,-1.));
#3619=DIRECTION('',(-1.,0.,-3.55271367878758E-15));
#3620=DIRECTION('',(-8.07793566946316E-28,-8.07793566946316E-28,1.));
#3621=DIRECTION('',(-1.,7.27595761418343E-12,-8.07793566946316E-28));
#3622=DIRECTION('',(-3.55271367883928E-15,3.55271367883928E-15,-1.));
#3623=DIRECTION('',(-1.,-1.4551915228261E-11,0.));
#3624=DIRECTION('',(-2.22044604927051E-16,-6.6613381478196E-16,1.));
#3625=DIRECTION('',(-1.,7.27595761410402E-12,0.));
#3626=DIRECTION('',(3.55271367878111E-15,-3.55271367875526E-15,-1.));
#3627=DIRECTION('',(-1.,0.,-3.55271367882635E-15));
#3628=DIRECTION('',(0.,0.,1.));
#3629=DIRECTION('',(-1.,0.,0.));
#3630=DIRECTION('',(-3.55271367883928E-15,3.55271367883928E-15,-1.));
#3631=DIRECTION('',(-1.,-1.45519152283669E-11,0.));
#3632=DIRECTION('',(4.44089209848447E-16,4.44089209848447E-16,1.));
#3633=DIRECTION('',(-1.,0.,4.44089209851678E-16));
#3634=DIRECTION('',(3.55271367878111E-15,-3.55271367875526E-15,-1.));
#3635=DIRECTION('',(-1.,-1.45519152283669E-11,-3.5527136788005E-15));
#3636=DIRECTION('',(8.07793566946316E-28,8.07793566946316E-28,1.));
#3637=DIRECTION('',(-1.,7.27595761415696E-12,8.07793566943377E-28));
#3638=DIRECTION('',(-3.55271367883928E-15,3.55271367883928E-15,-1.));
#3639=DIRECTION('',(-1.,0.,0.));
#3640=DIRECTION('',(4.44089209848447E-16,4.44089209848447E-16,1.));
#3641=DIRECTION('',(-1.,0.,4.44089209853294E-16));
#3642=DIRECTION('',(3.55271367878111E-15,-3.55271367875526E-15,-1.));
#3643=DIRECTION('',(-1.,-1.45519152283139E-11,-3.55271367878758E-15));
#3644=DIRECTION('',(9.09494701772928E-13,9.09494701773762E-13,1.));
#3645=DIRECTION('',(1.,1.81898940354586E-12,-9.09494701775296E-13));
#3646=DIRECTION('',(0.,0.,1.));
#3647=DIRECTION('',(-1.,0.,0.));
#3648=DIRECTION('',(9.09494701772928E-13,9.09494701772928E-13,-1.));
#3649=DIRECTION('',(-1.,0.,-9.10382880192628E-13));
#3650=DIRECTION('',(0.,0.,-1.));
#3651=DIRECTION('',(1.,0.,0.));
#3652=DIRECTION('',(0.,-1.11022302462516E-16,1.));
#3653=DIRECTION('',(1.,1.81898940354586E-12,0.));
#3654=DIRECTION('',(0.,0.,1.));
#3655=DIRECTION('',(-1.,0.,0.));
#3656=DIRECTION('',(-9.09494701772928E-13,9.09494701772928E-13,-1.));
#3657=DIRECTION('',(-1.,0.,9.09494701772928E-13));
#3658=DIRECTION('',(9.09494701772928E-13,-9.09494701772928E-13,-1.));
#3659=DIRECTION('',(1.,0.,9.09494701773755E-13));
#3660=DIRECTION('',(-9.09494701772928E-13,-9.09494701772928E-13,1.));
#3661=DIRECTION('',(1.,0.,9.09494701772928E-13));
#3662=DIRECTION('',(0.,1.81898940354586E-12,1.));
#3663=DIRECTION('',(-1.,0.,0.));
#3664=DIRECTION('',(-9.09494701772928E-13,9.09494701772928E-13,-1.));
#3665=DIRECTION('',(-1.,0.,9.11271058612328E-13));
#3666=DIRECTION('',(-9.09494701772928E-13,-9.09494701772928E-13,-1.));
#3667=DIRECTION('',(1.,0.,-9.09494701772928E-13));
#3668=DIRECTION('',(0.,0.,1.));
#3669=DIRECTION('',(1.,0.,0.));
#3670=DIRECTION('',(0.,0.,1.));
#3671=DIRECTION('',(-1.,0.,0.));
#3672=DIRECTION('',(9.09494701772928E-13,9.09494701772928E-13,-1.));
#3673=DIRECTION('',(-1.,0.,-9.09494701772928E-13));
#3674=DIRECTION('',(-9.09494701772928E-13,-9.09494701772928E-13,-1.));
#3675=DIRECTION('',(1.,0.,-9.09494701772928E-13));
#3676=DIRECTION('',(0.,0.,1.));
#3677=DIRECTION('',(1.,0.,0.));
#3678=DIRECTION('',(0.,0.,-1.));
#3679=DIRECTION('',(1.,0.,0.));
#3680=DIRECTION('',(0.,0.,1.));
#3681=DIRECTION('',(1.,0.,0.));
#3682=DIRECTION('',(0.,0.,-1.));
#3683=DIRECTION('',(1.,0.,0.));
#3684=DIRECTION('',(0.,0.,1.));
#3685=DIRECTION('',(-1.,0.,0.));
#3686=DIRECTION('',(0.,0.,-1.));
#3687=DIRECTION('',(-1.,0.,0.));
#3688=DIRECTION('',(0.,0.,1.));
#3689=DIRECTION('',(-1.,0.,0.));
#3690=DIRECTION('',(0.,0.,-1.));
#3691=DIRECTION('',(-1.,0.,0.));
#3692=DIRECTION('',(0.,0.,1.));
#3693=DIRECTION('',(1.,7.2759576142099E-12,0.));
#3694=DIRECTION('',(0.,0.,1.));
#3695=DIRECTION('',(1.,7.2759576142099E-12,0.));
#3696=DIRECTION('',(0.,0.,-1.));
#3697=DIRECTION('',(1.,-7.27595761415696E-12,0.));
#3698=DIRECTION('',(0.,0.,-1.));
#3699=DIRECTION('',(1.,-7.27595761415696E-12,0.));
#3700=DIRECTION('',(0.,0.,1.));
#3701=DIRECTION('',(1.,0.,0.));
#3702=DIRECTION('',(-2.220446049218E-16,6.66133814767016E-16,1.));
#3703=DIRECTION('',(1.,-7.27595761415696E-12,0.));
#3704=DIRECTION('',(0.,0.,-1.));
#3705=DIRECTION('',(1.,7.2759576142099E-12,0.));
#3706=DIRECTION('',(0.,0.,-1.));
#3707=DIRECTION('',(1.,7.2759576142099E-12,0.));
#3708=DIRECTION('',(-4.03896783471395E-27,8.07793566922806E-28,1.));
#3709=DIRECTION('',(1.,-7.27595761413049E-12,4.84676140164263E-27));
#3710=DIRECTION('',(0.,0.,1.));
#3711=DIRECTION('',(1.,0.,0.));
#3712=DIRECTION('',(0.,0.,-1.));
#3713=DIRECTION('',(1.,0.,0.));
#3714=DIRECTION('',(0.,0.,-1.));
#3715=DIRECTION('',(1.,0.,0.));
#3716=DIRECTION('',(-1.89405503343565E-27,-7.88860905212402E-31,1.));
#3717=DIRECTION('',(1.,-1.45519152283139E-11,1.89326617252354E-27));
#3718=DIRECTION('',(-2.22044604922608E-16,6.66133814767824E-16,1.));
#3719=DIRECTION('',(1.,-1.45519152283139E-11,0.));
#3720=DIRECTION('',(0.,0.,-1.));
#3721=DIRECTION('',(1.,0.,0.));
#3722=DIRECTION('',(3.55271367881343E-15,3.55271367883928E-15,-1.));
#3723=DIRECTION('',(1.,-2.18278728423915E-11,3.55271367877465E-15));
#3724=DIRECTION('',(0.,0.,1.));
#3725=DIRECTION('',(1.,0.,0.));
#3726=DIRECTION('',(2.22044604925839E-16,-2.22044604925839E-16,1.));
#3727=DIRECTION('',(1.,7.27595761418343E-12,-4.44089209850063E-16));
#3728=DIRECTION('',(0.,0.,-1.));
#3729=DIRECTION('',(1.,0.,0.));
#3730=DIRECTION('',(0.,0.,-1.));
#3731=DIRECTION('',(1.,0.,0.));
#3732=DIRECTION('',(0.,0.,1.));
#3733=DIRECTION('',(1.,7.27595761415696E-12,0.));
#3734=DIRECTION('',(-2.220446049218E-16,6.66133814767016E-16,1.));
#3735=DIRECTION('',(1.,-1.4551915228261E-11,0.));
#3736=DIRECTION('',(0.,0.,-1.));
#3737=DIRECTION('',(1.,0.,0.));
#3738=DIRECTION('',(0.,0.,-1.));
#3739=DIRECTION('',(1.,0.,0.));
#3740=DIRECTION('',(0.,0.,1.));
#3741=DIRECTION('',(1.,7.27595761415696E-12,0.));
#3742=DIRECTION('',(2.22044604925839E-16,-2.22044604925839E-16,1.));
#3743=DIRECTION('',(1.,7.27595761418343E-12,-4.44089209850063E-16));
#3744=DIRECTION('',(0.,0.,-1.));
#3745=DIRECTION('',(1.,0.,0.));
#3746=DIRECTION('',(0.,0.,-1.));
#3747=DIRECTION('',(1.,0.,0.));
#3748=DIRECTION('',(-8.07793566946316E-28,-8.07793566946316E-28,1.));
#3749=DIRECTION('',(1.,0.,8.07793566943377E-28));
#3750=DIRECTION('',(-2.220446049218E-16,6.66133814767016E-16,1.));
#3751=DIRECTION('',(1.,-7.27595761413049E-12,0.));
#3752=DIRECTION('',(0.,0.,-1.));
#3753=DIRECTION('',(1.,7.27595761418343E-12,0.));
#3754=DIRECTION('',(3.5527136788005E-15,3.55271367882635E-15,-1.));
#3755=DIRECTION('',(1.,-1.45519152283139E-11,3.55271367878758E-15));
#3756=DIRECTION('',(0.,0.,1.));
#3757=DIRECTION('',(1.,7.2759576142099E-12,0.));
#3758=DIRECTION('',(2.22044604925839E-16,-2.22044604925839E-16,1.));
#3759=DIRECTION('',(1.,7.27595761413049E-12,-4.44089209846831E-16));
#3760=DIRECTION('',(0.,0.,-1.));
#3761=DIRECTION('',(1.,7.2759576142099E-12,0.));
#3762=DIRECTION('',(3.5527136788005E-15,3.55271367882635E-15,-1.));
#3763=DIRECTION('',(1.,-1.45519152283139E-11,3.55271367878758E-15));
#3764=DIRECTION('',(-8.07793566946316E-28,-8.07793566946316E-28,1.));
#3765=DIRECTION('',(1.,0.,8.07793566949255E-28));
#3766=DIRECTION('',(-2.220446049218E-16,6.66133814767016E-16,1.));
#3767=DIRECTION('',(1.,-7.27595761415696E-12,0.));
#3768=DIRECTION('',(0.,0.,-1.));
#3769=DIRECTION('',(1.,7.2759576142099E-12,0.));
#3770=DIRECTION('',(3.5527136788005E-15,3.55271367882635E-15,-1.));
#3771=DIRECTION('',(1.,-1.45519152283139E-11,3.55271367878758E-15));
#3772=DIRECTION('',(-8.07793566946316E-28,-8.07793566946316E-28,1.));
#3773=DIRECTION('',(1.,0.,8.07793566946316E-28));
#3774=DIRECTION('',(-2.220446049218E-16,6.66133814767016E-16,1.));
#3775=DIRECTION('',(1.,0.,0.));
#3776=DIRECTION('',(0.,0.,-1.));
#3777=DIRECTION('',(1.,7.27595761418343E-12,0.));
#3778=DIRECTION('',(3.5527136788005E-15,3.55271367882635E-15,-1.));
#3779=DIRECTION('',(1.,-1.45519152283139E-11,3.55271367878758E-15));
#3780=DIRECTION('',(-6.3187758508203E-28,7.88860905221012E-31,1.));
#3781=DIRECTION('',(1.,7.27595761418343E-12,6.32666445987251E-28));
#3782=DIRECTION('',(2.22044604925839E-16,-2.22044604925839E-16,1.));
#3783=DIRECTION('',(1.,7.27595761413049E-12,-4.44089209846831E-16));
#3784=DIRECTION('',(0.,0.,-1.));
#3785=DIRECTION('',(1.,0.,0.));
#3786=DIRECTION('',(0.,0.,-1.));
#3787=DIRECTION('',(1.,0.,0.));
#3788=DIRECTION('',(-8.07793566946316E-28,-8.07793566946316E-28,1.));
#3789=DIRECTION('',(1.,0.,8.07793566946316E-28));
#3790=DIRECTION('',(-2.22044604922204E-16,6.6613381476742E-16,1.));
#3791=DIRECTION('',(1.,-7.27595761413049E-12,0.));
#3792=DIRECTION('',(0.,0.,-1.));
#3793=DIRECTION('',(1.,7.27595761418343E-12,0.));
#3794=DIRECTION('',(3.55271367880696E-15,3.55271367883281E-15,-1.));
#3795=DIRECTION('',(1.,-1.4551915228261E-11,3.55271367877465E-15));
#3796=DIRECTION('',(0.,0.,1.));
#3797=DIRECTION('',(1.,7.27595761418343E-12,0.));
#3798=DIRECTION('',(2.22044604925839E-16,-2.22044604925839E-16,1.));
#3799=DIRECTION('',(1.,7.27595761413049E-12,-4.44089209846831E-16));
#3800=DIRECTION('',(0.,0.,-1.));
#3801=DIRECTION('',(1.,0.,0.));
#3802=DIRECTION('',(3.5527136788005E-15,3.55271367882635E-15,-1.));
#3803=DIRECTION('',(1.,-2.1827872842312E-11,3.55271367876173E-15));
#3804=DIRECTION('',(0.,0.,1.));
#3805=DIRECTION('',(1.,0.,0.));
#3806=DIRECTION('',(-2.220446049218E-16,6.66133814767016E-16,1.));
#3807=DIRECTION('',(1.,-7.27595761415696E-12,0.));
#3808=DIRECTION('',(0.,0.,-1.));
#3809=DIRECTION('',(1.,7.27595761418343E-12,0.));
#3810=DIRECTION('',(3.5527136788005E-15,3.55271367882635E-15,-1.));
#3811=DIRECTION('',(1.,-1.45519152283139E-11,3.55271367878758E-15));
#3812=DIRECTION('',(-8.07793566946316E-28,-8.07793566946316E-28,1.));
#3813=DIRECTION('',(1.,0.,8.07793566943377E-28));
#3814=DIRECTION('',(-2.22044604922204E-16,6.6613381476742E-16,1.));
#3815=DIRECTION('',(1.,-7.27595761410402E-12,0.));
#3816=DIRECTION('',(0.,0.,-1.));
#3817=DIRECTION('',(1.,7.27595761415696E-12,0.));
#3818=DIRECTION('',(3.55271367880696E-15,3.55271367883281E-15,-1.));
#3819=DIRECTION('',(1.,0.,3.55271367882635E-15));
#3820=DIRECTION('',(0.,0.,1.));
#3821=DIRECTION('',(1.,7.27595761415696E-12,0.));
#3822=DIRECTION('',(2.22044604925839E-16,-2.22044604925839E-16,1.));
#3823=DIRECTION('',(1.,7.27595761418343E-12,-4.44089209850063E-16));
#3824=DIRECTION('',(0.,0.,-1.));
#3825=DIRECTION('',(1.,0.,0.));
#3826=DIRECTION('',(3.55271367880696E-15,3.55271367883281E-15,-1.));
#3827=DIRECTION('',(1.,-1.4551915228261E-11,3.55271367877465E-15));
#3828=DIRECTION('',(8.07793566946316E-28,8.07793566946316E-28,1.));
#3829=DIRECTION('',(1.,7.2759576142099E-12,-8.07793566949255E-28));
#3830=DIRECTION('',(2.22044604925839E-16,-2.22044604925839E-16,1.));
#3831=DIRECTION('',(1.,7.27595761413049E-12,-4.44089209846831E-16));
#3832=DIRECTION('',(0.,0.,-1.));
#3833=DIRECTION('',(1.,0.,0.));
#3834=DIRECTION('',(3.55271367880696E-15,3.55271367883281E-15,-1.));
#3835=DIRECTION('',(1.,-1.4551915228261E-11,3.55271367877465E-15));
#3836=DIRECTION('',(0.,0.,1.));
#3837=DIRECTION('',(-1.,0.,0.));
#3838=DIRECTION('',(0.,0.,1.));
#3839=DIRECTION('',(-1.,0.,0.));
#3840=DIRECTION('',(0.,0.,-1.));
#3841=DIRECTION('',(-1.,0.,0.));
#3842=DIRECTION('',(0.,0.,-1.));
#3843=DIRECTION('',(-1.,0.,0.));
#3844=DIRECTION('',(0.,0.,1.));
#3845=DIRECTION('',(1.,0.,0.));
#3846=DIRECTION('',(0.,0.,1.));
#3847=DIRECTION('',(1.,0.,0.));
#3848=DIRECTION('',(0.,0.,-1.));
#3849=DIRECTION('',(1.,0.,0.));
#3850=DIRECTION('',(0.,0.,-1.));
#3851=DIRECTION('',(1.,0.,0.));
#3852=DIRECTION('',(0.,0.,1.));
#3853=DIRECTION('',(1.,0.,0.));
#3854=CARTESIAN_POINT('',(0.,0.,0.));
#3855=CARTESIAN_POINT('',(967.705789448653,-1453.30528503936,0.875000000000227));
#3856=CARTESIAN_POINT('',(918.080789448659,-1453.43028503936,0.12499999999908));
#3857=CARTESIAN_POINT('',(967.705789448653,-1453.43028503936,2.27151630838307E-13));
#3858=CARTESIAN_POINT('',(918.080789448659,-1456.18028503936,0.12500000000007));
#3859=CARTESIAN_POINT('',(967.705789448653,-1456.30528503936,0.125000000000227));
#3860=CARTESIAN_POINT('',(918.080789448659,-1456.18028503936,0.874999999999849));
#3861=CARTESIAN_POINT('',(967.705789448653,-1456.18028503936,0.999999999999772));
#3862=CARTESIAN_POINT('',(918.08078944866,-1453.43028503936,0.875000000001092));
#3863=CARTESIAN_POINT('',(967.705789448653,-1453.38828503936,0.875000000000227));
#3864=CARTESIAN_POINT('',(918.08078944866,-1453.43028503936,0.124999999998823));
#3865=CARTESIAN_POINT('',(967.705789448653,-1453.43028503936,0.0830000000003108));
#3866=CARTESIAN_POINT('',(918.08078944866,-1456.18028503936,0.124999999999414));
#3867=CARTESIAN_POINT('',(967.705789448653,-1456.22228503936,0.125000000000227));
#3868=CARTESIAN_POINT('',(918.08078944866,-1456.18028503936,0.874999999999904));
#3869=CARTESIAN_POINT('',(967.705789448653,-1456.18028503936,0.916999999999689));
#3870=CARTESIAN_POINT('',(918.080789448659,-1453.43028503936,0.875000000001382));
#3871=CARTESIAN_POINT('',(967.705789448653,-1453.43028503936,0.999999999999772));
#3872=CARTESIAN_POINT('',(967.705789448653,-1453.30528503936,0.875000000000227));
#3873=CARTESIAN_POINT('',(967.705789448653,-1453.30528503936,0.125000000000227));
#3874=CARTESIAN_POINT('',(967.705789448653,-1453.43028503936,2.27151630838307E-13));
#3875=CARTESIAN_POINT('',(967.705789448653,-1456.18028503936,-2.27595720048157E-13));
#3876=CARTESIAN_POINT('',(967.705789448653,-1456.30528503936,0.125000000000227));
#3877=CARTESIAN_POINT('',(967.705789448653,-1456.30528503936,0.874999999999772));
#3878=CARTESIAN_POINT('',(967.705789448653,-1456.18028503936,0.999999999999772));
#3879=CARTESIAN_POINT('',(868.455789448666,-1453.30528503936,0.125000000000227));
#3880=CARTESIAN_POINT('',(868.455789448666,-1453.43028503936,2.27151630838307E-13));
#3881=CARTESIAN_POINT('',(868.455789448666,-1456.18028503936,-2.27595720048157E-13));
#3882=CARTESIAN_POINT('',(868.455789448666,-1456.30528503936,0.125000000000227));
#3883=CARTESIAN_POINT('',(868.455789448666,-1456.30528503936,0.874999999999772));
#3884=CARTESIAN_POINT('',(868.455789448666,-1456.18028503936,0.999999999999772));
#3885=CARTESIAN_POINT('',(868.455789448666,-1453.43028503936,0.999999999999772));
#3886=CARTESIAN_POINT('',(868.455789448666,-1453.30528503936,0.875000000000227));
#3887=CARTESIAN_POINT('',(966.913789448656,-1453.80528503935,80.5398058712482));
#3888=CARTESIAN_POINT('',(966.788789448656,-1453.80528503935,-67.4380692534992));
#3889=CARTESIAN_POINT('',(966.913789448656,-1455.80528503935,80.5398058712482));
#3890=CARTESIAN_POINT('',(967.038789448656,-1455.80528503935,-67.4380692534992));
#3891=CARTESIAN_POINT('',(934.747789448582,-1453.80528503935,322.155368268337));
#3892=CARTESIAN_POINT('',(934.622789448582,-1453.80528503935,-69.7626251777365));
#3893=CARTESIAN_POINT('',(934.747789448582,-1455.80528503935,322.155368268337));
#3894=CARTESIAN_POINT('',(934.872789448582,-1455.80528503935,-69.7626251777365));
#3895=CARTESIAN_POINT('',(901.99778944859,-1453.80528503935,322.155368268337));
#3896=CARTESIAN_POINT('',(901.87278944859,-1453.80528503935,-69.7626251777365));
#3897=CARTESIAN_POINT('',(901.99778944859,-1455.80528503935,322.155368268337));
#3898=CARTESIAN_POINT('',(902.12278944859,-1455.80528503935,-69.7626251777365));
#3899=CARTESIAN_POINT('',(869.247789448599,-1453.80528503935,322.155368268337));
#3900=CARTESIAN_POINT('',(869.122789448599,-1453.80528503935,-69.7626251777365));
#3901=CARTESIAN_POINT('',(869.247789448599,-1455.80528503935,322.155368268337));
#3902=CARTESIAN_POINT('',(869.372789448599,-1455.80528503935,-69.7626251777365));
#3903=CARTESIAN_POINT('',(950.830789448629,-1455.43063560687,0.30577726244951));
#3904=CARTESIAN_POINT('',(950.830789448629,-1455.43063560687,0.30577726244951));
#3905=CARTESIAN_POINT('',(950.830789448629,-1455.43063560687,0.30577726244951));
#3906=CARTESIAN_POINT('',(950.830789448629,-1455.43063560687,0.30577726244951));
#3907=CARTESIAN_POINT('',(950.830789448629,-1454.17993447183,0.30577726244951));
#3908=CARTESIAN_POINT('',(950.830789448629,-1454.17993447183,0.30577726244951));
#3909=CARTESIAN_POINT('',(950.830789448629,-1454.17993447183,0.30577726244951));
#3910=CARTESIAN_POINT('',(950.830789448629,-1454.17993447183,0.30577726244951));
#3911=CARTESIAN_POINT('',(937.955789448646,-1454.17993447183,0.30577726244951));
#3912=CARTESIAN_POINT('',(937.955789448646,-1454.17993447183,0.30577726244951));
#3913=CARTESIAN_POINT('',(937.955789448646,-1454.17993447183,0.30577726244951));
#3914=CARTESIAN_POINT('',(937.955789448646,-1454.17993447183,0.30577726244951));
#3915=CARTESIAN_POINT('',(963.705789448655,-1455.43063560687,0.30577726244951));
#3916=CARTESIAN_POINT('',(963.705789448655,-1455.43063560687,0.30577726244951));
#3917=CARTESIAN_POINT('',(963.705789448655,-1455.43063560687,0.30577726244951));
#3918=CARTESIAN_POINT('',(963.705789448655,-1455.43063560687,0.30577726244951));
#3919=CARTESIAN_POINT('',(963.705789448655,-1454.17993447183,0.30577726244951));
#3920=CARTESIAN_POINT('',(963.705789448655,-1454.17993447183,0.30577726244951));
#3921=CARTESIAN_POINT('',(963.705789448655,-1454.17993447183,0.30577726244951));
#3922=CARTESIAN_POINT('',(963.705789448655,-1454.17993447183,0.30577726244951));
#3923=CARTESIAN_POINT('',(937.955789448646,-1455.43063560687,0.30577726244951));
#3924=CARTESIAN_POINT('',(937.955789448646,-1455.43063560687,0.30577726244951));
#3925=CARTESIAN_POINT('',(937.955789448646,-1455.43063560687,0.30577726244951));
#3926=CARTESIAN_POINT('',(937.955789448646,-1455.43063560687,0.30577726244951));
#3927=CARTESIAN_POINT('',(930.955789448628,-1455.43063560687,0.30577726244951));
#3928=CARTESIAN_POINT('',(930.955789448628,-1455.43063560687,0.30577726244951));
#3929=CARTESIAN_POINT('',(930.955789448628,-1455.43063560687,0.30577726244951));
#3930=CARTESIAN_POINT('',(930.955789448628,-1455.43063560687,0.30577726244951));
#3931=CARTESIAN_POINT('',(930.955789448628,-1454.17993447183,0.30577726244951));
#3932=CARTESIAN_POINT('',(930.955789448628,-1454.17993447183,0.30577726244951));
#3933=CARTESIAN_POINT('',(930.955789448628,-1454.17993447183,0.30577726244951));
#3934=CARTESIAN_POINT('',(930.955789448628,-1454.17993447183,0.30577726244951));
#3935=CARTESIAN_POINT('',(918.080789448603,-1455.43063560687,0.30577726244951));
#3936=CARTESIAN_POINT('',(918.080789448603,-1455.43063560687,0.30577726244951));
#3937=CARTESIAN_POINT('',(918.080789448603,-1455.43063560687,0.30577726244951));
#3938=CARTESIAN_POINT('',(918.080789448603,-1455.43063560687,0.30577726244951));
#3939=CARTESIAN_POINT('',(918.080789448603,-1454.17993447183,0.30577726244951));
#3940=CARTESIAN_POINT('',(918.080789448603,-1454.17993447183,0.30577726244951));
#3941=CARTESIAN_POINT('',(918.080789448603,-1454.17993447183,0.30577726244951));
#3942=CARTESIAN_POINT('',(918.080789448603,-1454.17993447183,0.30577726244951));
#3943=CARTESIAN_POINT('',(905.205789448619,-1454.17993447183,0.30577726244951));
#3944=CARTESIAN_POINT('',(905.205789448619,-1454.17993447183,0.30577726244951));
#3945=CARTESIAN_POINT('',(905.205789448619,-1454.17993447183,0.30577726244951));
#3946=CARTESIAN_POINT('',(905.205789448619,-1454.17993447183,0.30577726244951));
#3947=CARTESIAN_POINT('',(905.205789448619,-1455.43063560687,0.30577726244951));
#3948=CARTESIAN_POINT('',(905.205789448619,-1455.43063560687,0.30577726244951));
#3949=CARTESIAN_POINT('',(905.205789448619,-1455.43063560687,0.30577726244951));
#3950=CARTESIAN_POINT('',(905.205789448619,-1455.43063560687,0.30577726244951));
#3951=CARTESIAN_POINT('',(885.330789448629,-1454.17993447183,0.30577726244951));
#3952=CARTESIAN_POINT('',(885.330789448629,-1454.17993447183,0.30577726244951));
#3953=CARTESIAN_POINT('',(885.330789448629,-1454.17993447183,0.30577726244951));
#3954=CARTESIAN_POINT('',(885.330789448629,-1454.17993447183,0.30577726244951));
#3955=CARTESIAN_POINT('',(898.205789448655,-1455.43063560687,0.30577726244951));
#3956=CARTESIAN_POINT('',(898.205789448655,-1455.43063560687,0.30577726244951));
#3957=CARTESIAN_POINT('',(898.205789448655,-1455.43063560687,0.30577726244951));
#3958=CARTESIAN_POINT('',(898.205789448655,-1455.43063560687,0.30577726244951));
#3959=CARTESIAN_POINT('',(898.205789448655,-1454.17993447183,0.30577726244951));
#3960=CARTESIAN_POINT('',(898.205789448655,-1454.17993447183,0.30577726244951));
#3961=CARTESIAN_POINT('',(898.205789448655,-1454.17993447183,0.30577726244951));
#3962=CARTESIAN_POINT('',(898.205789448655,-1454.17993447183,0.30577726244951));
#3963=CARTESIAN_POINT('',(872.455789448646,-1454.17993447183,0.30577726244951));
#3964=CARTESIAN_POINT('',(872.455789448646,-1454.17993447183,0.30577726244951));
#3965=CARTESIAN_POINT('',(872.455789448646,-1454.17993447183,0.30577726244951));
#3966=CARTESIAN_POINT('',(872.455789448646,-1454.17993447183,0.30577726244951));
#3967=CARTESIAN_POINT('',(872.455789448646,-1455.43063560687,0.30577726244951));
#3968=CARTESIAN_POINT('',(872.455789448646,-1455.43063560687,0.30577726244951));
#3969=CARTESIAN_POINT('',(872.455789448646,-1455.43063560687,0.30577726244951));
#3970=CARTESIAN_POINT('',(872.455789448646,-1455.43063560687,0.30577726244951));
#3971=CARTESIAN_POINT('',(885.330789448629,-1455.43063560687,0.30577726244951));
#3972=CARTESIAN_POINT('',(885.330789448629,-1455.43063560687,0.30577726244951));
#3973=CARTESIAN_POINT('',(885.330789448629,-1455.43063560687,0.30577726244951));
#3974=CARTESIAN_POINT('',(885.330789448629,-1455.43063560687,0.30577726244951));
#3975=CARTESIAN_POINT('',(870.955777525331,-1454.80528503936,1.00000000089594));
#3976=CARTESIAN_POINT('',(870.955777525331,-1454.80528503936,1.00000000089594));
#3977=CARTESIAN_POINT('',(870.955777525331,-1454.80528503936,1.00000000089594));
#3978=CARTESIAN_POINT('',(870.955777525331,-1454.80528503936,1.00000000089594));
#3979=CARTESIAN_POINT('',(965.205801371988,-1454.80528503936,1.00000000089594));
#3980=CARTESIAN_POINT('',(965.205801371988,-1454.80528503936,1.00000000089594));
#3981=CARTESIAN_POINT('',(965.205801371988,-1454.80528503936,1.00000000089594));
#3982=CARTESIAN_POINT('',(965.205801371988,-1454.80528503936,1.00000000089594));
#3983=CARTESIAN_POINT('',(966.913789448656,-1453.80528503935,80.5398058712482));
#3984=CARTESIAN_POINT('',(966.788789448656,-1453.80528503935,-67.4380692534992));
#3985=CARTESIAN_POINT('',(966.913789448656,-1455.80528503935,80.5398058712482));
#3986=CARTESIAN_POINT('',(967.038789448656,-1455.80528503935,-67.4380692534992));
#3987=CARTESIAN_POINT('',(934.747789448582,-1453.80528503935,322.155368268337));
#3988=CARTESIAN_POINT('',(934.622789448582,-1453.80528503935,-69.7626251777365));
#3989=CARTESIAN_POINT('',(934.747789448582,-1455.80528503935,322.155368268337));
#3990=CARTESIAN_POINT('',(934.872789448582,-1455.80528503935,-69.7626251777365));
#3991=CARTESIAN_POINT('',(901.99778944859,-1453.80528503935,322.155368268337));
#3992=CARTESIAN_POINT('',(901.87278944859,-1453.80528503935,-69.7626251777365));
#3993=CARTESIAN_POINT('',(901.99778944859,-1455.80528503935,322.155368268337));
#3994=CARTESIAN_POINT('',(902.12278944859,-1455.80528503935,-69.7626251777365));
#3995=CARTESIAN_POINT('',(869.247789448599,-1453.80528503935,322.155368268337));
#3996=CARTESIAN_POINT('',(869.122789448599,-1453.80528503935,-69.7626251777365));
#3997=CARTESIAN_POINT('',(869.247789448599,-1455.80528503935,322.155368268337));
#3998=CARTESIAN_POINT('',(869.372789448599,-1455.80528503935,-69.7626251777365));
#3999=CARTESIAN_POINT('',(967.705789448653,-1453.30528503936,0.875000000000227));
#4000=CARTESIAN_POINT('',(967.705789448653,-1453.30528503936,0.125000000000227));
#4001=CARTESIAN_POINT('',(868.455789448666,-1453.30528503936,0.125000000000227));
#4002=CARTESIAN_POINT('',(868.455789448666,-1453.30528503936,0.875000000000227));
#4003=CARTESIAN_POINT('',(967.705789448653,-1453.43028503936,2.27151630838307E-13));
#4004=CARTESIAN_POINT('',(868.455789448666,-1453.43028503936,2.27151630838307E-13));
#4005=CARTESIAN_POINT('',(967.705789448653,-1456.18028503936,-2.27595720048157E-13));
#4006=CARTESIAN_POINT('',(868.455789448666,-1456.18028503936,-2.27595720048157E-13));
#4007=CARTESIAN_POINT('',(967.705789448653,-1456.30528503936,0.125000000000227));
#4008=CARTESIAN_POINT('',(868.455789448666,-1456.30528503936,0.125000000000227));
#4009=CARTESIAN_POINT('',(967.705789448653,-1456.30528503936,0.874999999999772));
#4010=CARTESIAN_POINT('',(868.455789448666,-1456.30528503936,0.874999999999772));
#4011=CARTESIAN_POINT('',(967.705789448653,-1456.18028503936,0.999999999999772));
#4012=CARTESIAN_POINT('',(868.455789448666,-1456.18028503936,0.999999999999772));
#4013=CARTESIAN_POINT('',(967.705789448653,-1453.43028503936,0.999999999999772));
#4014=CARTESIAN_POINT('',(868.455789448666,-1453.43028503936,0.999999999999772));
#4015=CARTESIAN_POINT('',(967.705789448653,-1453.38828503936,0.875000000000682));
#4016=CARTESIAN_POINT('',(967.705789448653,-1453.38828503936,0.124999999999772));
#4017=CARTESIAN_POINT('',(868.455789448666,-1453.38828503936,0.124999999999772));
#4018=CARTESIAN_POINT('',(868.455789448666,-1453.38828503936,0.875000000000682));
#4019=CARTESIAN_POINT('',(967.705789448653,-1453.43028503936,0.0830000000003108));
#4020=CARTESIAN_POINT('',(868.455789448666,-1453.43028503936,0.0830000000003108));
#4021=CARTESIAN_POINT('',(967.705789448653,-1456.18028503936,0.0829999999998561));
#4022=CARTESIAN_POINT('',(868.455789448666,-1456.18028503936,0.0829999999998561));
#4023=CARTESIAN_POINT('',(967.705789448653,-1456.22228503936,0.125000000000227));
#4024=CARTESIAN_POINT('',(868.455789448666,-1456.22228503936,0.125000000000227));
#4025=CARTESIAN_POINT('',(967.705789448653,-1456.22228503936,0.875000000000227));
#4026=CARTESIAN_POINT('',(868.455789448666,-1456.22228503936,0.875000000000227));
#4027=CARTESIAN_POINT('',(967.705789448653,-1456.18028503936,0.916999999999689));
#4028=CARTESIAN_POINT('',(868.455789448666,-1456.18028503936,0.916999999999689));
#4029=CARTESIAN_POINT('',(967.705789448653,-1453.43028503936,0.916999999999689));
#4030=CARTESIAN_POINT('',(868.455789448666,-1453.43028503936,0.916999999999689));
#4031=CARTESIAN_POINT('',(950.799539448629,-1455.43063560687,-2.22044604925031E-16));
#4032=CARTESIAN_POINT('',(950.799539448629,-1455.43063560687,0.999999999999772));
#4033=CARTESIAN_POINT('',(950.799539448629,-1455.43063560687,0.0829999999998561));
#4034=CARTESIAN_POINT('',(950.799539448629,-1455.43063560687,0.916999999999916));
#4035=CARTESIAN_POINT('',(950.799539448629,-1454.17993447183,2.27151630838307E-13));
#4036=CARTESIAN_POINT('',(950.799539448629,-1454.17993447183,0.999999999999772));
#4037=CARTESIAN_POINT('',(950.799539448629,-1454.17993447183,0.0830000000003108));
#4038=CARTESIAN_POINT('',(950.799539448629,-1454.17993447183,0.916999999999916));
#4039=CARTESIAN_POINT('',(937.924539448646,-1454.17993447183,2.27151630838307E-13));
#4040=CARTESIAN_POINT('',(937.924539448646,-1454.17993447183,0.999999999999772));
#4041=CARTESIAN_POINT('',(937.924539448646,-1454.17993447183,0.0830000000003108));
#4042=CARTESIAN_POINT('',(937.924539448646,-1454.17993447183,0.916999999999689));
#4043=CARTESIAN_POINT('',(963.674539448655,-1455.43063560687,-2.22044604925031E-16));
#4044=CARTESIAN_POINT('',(963.674539448655,-1455.43063560687,0.999999999999772));
#4045=CARTESIAN_POINT('',(963.674539448655,-1455.43063560687,0.0830000000003108));
#4046=CARTESIAN_POINT('',(963.674539448655,-1455.43063560687,0.916999999999689));
#4047=CARTESIAN_POINT('',(963.674539448655,-1454.17993447183,2.27151630838307E-13));
#4048=CARTESIAN_POINT('',(963.674539448655,-1454.17993447183,0.999999999999772));
#4049=CARTESIAN_POINT('',(963.674539448655,-1454.17993447183,0.0830000000003108));
#4050=CARTESIAN_POINT('',(963.674539448655,-1454.17993447183,0.916999999999916));
#4051=CARTESIAN_POINT('',(937.924539448646,-1455.43063560687,-2.22044604925031E-16));
#4052=CARTESIAN_POINT('',(937.924539448646,-1455.43063560687,0.999999999999772));
#4053=CARTESIAN_POINT('',(937.924539448646,-1455.43063560687,0.0830000000000835));
#4054=CARTESIAN_POINT('',(937.924539448646,-1455.43063560687,0.916999999999689));
#4055=CARTESIAN_POINT('',(967.038789448656,-1453.80528503935,4.54525306281539E-13));
#4056=CARTESIAN_POINT('',(966.788789448656,-1453.80528503935,4.54525306281539E-13));
#4057=CARTESIAN_POINT('',(966.788789448656,-1455.80528503935,-2.22044604925031E-16));
#4058=CARTESIAN_POINT('',(967.038789448656,-1455.80528503935,-2.22044604925031E-16));
#4059=CARTESIAN_POINT('',(966.788789448656,-1453.80528503935,0.999999999999772));
#4060=CARTESIAN_POINT('',(967.038789448656,-1453.80528503935,1.));
#4061=CARTESIAN_POINT('',(966.788789448656,-1455.80528503935,1.));
#4062=CARTESIAN_POINT('',(967.038789448656,-1455.80528503935,1.));
#4063=CARTESIAN_POINT('',(967.038789448656,-1453.80528503935,0.0830000000003108));
#4064=CARTESIAN_POINT('',(966.788789448656,-1453.80528503935,0.0830000000003108));
#4065=CARTESIAN_POINT('',(966.788789448656,-1455.80528503935,0.0830000000000835));
#4066=CARTESIAN_POINT('',(967.038789448656,-1455.80528503935,0.0829999999998561));
#4067=CARTESIAN_POINT('',(966.788789448656,-1453.80528503935,0.916999999999689));
#4068=CARTESIAN_POINT('',(967.038789448656,-1453.80528503935,0.916999999999689));
#4069=CARTESIAN_POINT('',(966.788789448656,-1455.80528503935,0.916999999999689));
#4070=CARTESIAN_POINT('',(967.038789448656,-1455.80528503935,0.916999999999689));
#4071=CARTESIAN_POINT('',(934.872789448582,-1453.80528503935,2.27151630838307E-13));
#4072=CARTESIAN_POINT('',(934.622789448582,-1453.80528503935,2.27151630838307E-13));
#4073=CARTESIAN_POINT('',(934.622789448582,-1455.80528503935,-2.27595720048157E-13));
#4074=CARTESIAN_POINT('',(934.872789448582,-1455.80528503935,-2.27595720048157E-13));
#4075=CARTESIAN_POINT('',(934.622789448582,-1453.80528503935,1.));
#4076=CARTESIAN_POINT('',(934.872789448582,-1453.80528503935,1.));
#4077=CARTESIAN_POINT('',(934.622789448582,-1455.80528503935,0.999999999999772));
#4078=CARTESIAN_POINT('',(934.872789448582,-1455.80528503935,1.));
#4079=CARTESIAN_POINT('',(934.872789448582,-1453.80528503935,0.0830000000003108));
#4080=CARTESIAN_POINT('',(934.622789448582,-1453.80528503935,0.0830000000003108));
#4081=CARTESIAN_POINT('',(934.622789448582,-1455.80528503935,0.0830000000000835));
#4082=CARTESIAN_POINT('',(934.872789448582,-1455.80528503935,0.0830000000000835));
#4083=CARTESIAN_POINT('',(934.622789448582,-1453.80528503935,0.916999999999916));
#4084=CARTESIAN_POINT('',(934.872789448582,-1453.80528503935,0.916999999999916));
#4085=CARTESIAN_POINT('',(934.622789448582,-1455.80528503935,0.916999999999916));
#4086=CARTESIAN_POINT('',(934.872789448582,-1455.80528503935,0.916999999999916));
#4087=CARTESIAN_POINT('',(930.924539448628,-1455.43063560687,2.27151630838307E-13));
#4088=CARTESIAN_POINT('',(930.924539448628,-1455.43063560687,0.999999999999772));
#4089=CARTESIAN_POINT('',(930.924539448628,-1455.43063560687,0.0830000000003108));
#4090=CARTESIAN_POINT('',(930.924539448628,-1455.43063560687,0.916999999999689));
#4091=CARTESIAN_POINT('',(930.924539448628,-1454.17993447183,2.27151630838307E-13));
#4092=CARTESIAN_POINT('',(930.924539448628,-1454.17993447183,1.));
#4093=CARTESIAN_POINT('',(930.924539448628,-1454.17993447183,0.0830000000003108));
#4094=CARTESIAN_POINT('',(930.924539448628,-1454.17993447183,0.916999999999689));
#4095=CARTESIAN_POINT('',(918.049539448602,-1455.43063560687,-2.22044604925031E-16));
#4096=CARTESIAN_POINT('',(918.049539448602,-1455.43063560687,0.999999999999772));
#4097=CARTESIAN_POINT('',(918.049539448602,-1455.43063560687,0.0830000000000835));
#4098=CARTESIAN_POINT('',(918.049539448602,-1455.43063560687,0.916999999999689));
#4099=CARTESIAN_POINT('',(918.049539448602,-1454.17993447183,2.27151630838307E-13));
#4100=CARTESIAN_POINT('',(918.049539448602,-1454.17993447183,1.));
#4101=CARTESIAN_POINT('',(918.049539448602,-1454.17993447183,0.0830000000003108));
#4102=CARTESIAN_POINT('',(918.049539448602,-1454.17993447183,0.916999999999916));
#4103=CARTESIAN_POINT('',(905.174539448619,-1454.17993447183,2.27151630838307E-13));
#4104=CARTESIAN_POINT('',(905.174539448619,-1454.17993447183,1.));
#4105=CARTESIAN_POINT('',(905.174539448619,-1454.17993447183,0.0830000000003108));
#4106=CARTESIAN_POINT('',(905.174539448619,-1454.17993447183,0.916999999999916));
#4107=CARTESIAN_POINT('',(905.174539448619,-1455.43063560687,-2.22044604925031E-16));
#4108=CARTESIAN_POINT('',(905.174539448619,-1455.43063560687,1.));
#4109=CARTESIAN_POINT('',(905.174539448619,-1455.43063560687,0.0830000000003108));
#4110=CARTESIAN_POINT('',(905.174539448619,-1455.43063560687,0.916999999999689));
#4111=CARTESIAN_POINT('',(885.299539448629,-1454.17993447183,2.27151630838307E-13));
#4112=CARTESIAN_POINT('',(885.299539448629,-1454.17993447183,0.999999999999772));
#4113=CARTESIAN_POINT('',(885.299539448629,-1454.17993447183,0.0830000000003108));
#4114=CARTESIAN_POINT('',(885.299539448629,-1454.17993447183,0.916999999999916));
#4115=CARTESIAN_POINT('',(898.174539448654,-1455.43063560687,-2.22044604925031E-16));
#4116=CARTESIAN_POINT('',(898.174539448654,-1455.43063560687,1.));
#4117=CARTESIAN_POINT('',(898.174539448654,-1455.43063560687,0.0830000000000835));
#4118=CARTESIAN_POINT('',(898.174539448654,-1455.43063560687,0.916999999999916));
#4119=CARTESIAN_POINT('',(898.174539448654,-1454.17993447183,2.27151630838307E-13));
#4120=CARTESIAN_POINT('',(898.174539448654,-1454.17993447183,1.));
#4121=CARTESIAN_POINT('',(898.174539448654,-1454.17993447183,0.0830000000003108));
#4122=CARTESIAN_POINT('',(898.174539448654,-1454.17993447183,0.916999999999689));
#4123=CARTESIAN_POINT('',(872.424539448645,-1454.17993447183,2.27151630838307E-13));
#4124=CARTESIAN_POINT('',(872.424539448645,-1454.17993447183,0.999999999999772));
#4125=CARTESIAN_POINT('',(872.424539448645,-1454.17993447183,0.0830000000003108));
#4126=CARTESIAN_POINT('',(872.424539448645,-1454.17993447183,0.916999999999689));
#4127=CARTESIAN_POINT('',(872.424539448645,-1455.43063560687,-2.22044604925031E-16));
#4128=CARTESIAN_POINT('',(872.424539448645,-1455.43063560687,0.999999999999772));
#4129=CARTESIAN_POINT('',(872.424539448645,-1455.43063560687,0.0830000000000835));
#4130=CARTESIAN_POINT('',(872.424539448645,-1455.43063560687,0.916999999999916));
#4131=CARTESIAN_POINT('',(885.299539448629,-1455.43063560687,-2.22044604925031E-16));
#4132=CARTESIAN_POINT('',(885.299539448629,-1455.43063560687,1.));
#4133=CARTESIAN_POINT('',(885.299539448629,-1455.43063560687,0.0830000000000835));
#4134=CARTESIAN_POINT('',(885.299539448629,-1455.43063560687,0.916999999999689));
#4135=CARTESIAN_POINT('',(902.12278944859,-1453.80528503935,2.27151630838307E-13));
#4136=CARTESIAN_POINT('',(901.87278944859,-1453.80528503935,4.54525306281539E-13));
#4137=CARTESIAN_POINT('',(901.87278944859,-1455.80528503935,-2.27595720048157E-13));
#4138=CARTESIAN_POINT('',(902.12278944859,-1455.80528503935,-2.27595720048157E-13));
#4139=CARTESIAN_POINT('',(901.87278944859,-1453.80528503935,0.999999999999772));
#4140=CARTESIAN_POINT('',(902.12278944859,-1453.80528503935,1.));
#4141=CARTESIAN_POINT('',(901.87278944859,-1455.80528503935,0.999999999999772));
#4142=CARTESIAN_POINT('',(902.12278944859,-1455.80528503935,0.999999999999772));
#4143=CARTESIAN_POINT('',(902.12278944859,-1453.80528503935,0.0830000000003108));
#4144=CARTESIAN_POINT('',(901.87278944859,-1453.80528503935,0.0830000000003108));
#4145=CARTESIAN_POINT('',(901.87278944859,-1455.80528503935,0.0830000000000835));
#4146=CARTESIAN_POINT('',(902.12278944859,-1455.80528503935,0.0830000000000835));
#4147=CARTESIAN_POINT('',(901.87278944859,-1453.80528503935,0.916999999999916));
#4148=CARTESIAN_POINT('',(902.12278944859,-1453.80528503935,0.916999999999689));
#4149=CARTESIAN_POINT('',(901.87278944859,-1455.80528503935,0.916999999999689));
#4150=CARTESIAN_POINT('',(902.12278944859,-1455.80528503935,0.916999999999916));
#4151=CARTESIAN_POINT('',(869.372789448599,-1453.80528503935,4.54525306281539E-13));
#4152=CARTESIAN_POINT('',(869.122789448599,-1453.80528503935,2.27151630838307E-13));
#4153=CARTESIAN_POINT('',(869.122789448599,-1455.80528503935,-2.27595720048157E-13));
#4154=CARTESIAN_POINT('',(869.372789448599,-1455.80528503935,-2.27595720048157E-13));
#4155=CARTESIAN_POINT('',(869.122789448599,-1453.80528503935,1.));
#4156=CARTESIAN_POINT('',(869.372789448599,-1453.80528503935,0.999999999999772));
#4157=CARTESIAN_POINT('',(869.122789448599,-1455.80528503935,1.));
#4158=CARTESIAN_POINT('',(869.372789448599,-1455.80528503935,0.999999999999772));
#4159=CARTESIAN_POINT('',(869.372789448599,-1453.80528503935,0.0830000000003108));
#4160=CARTESIAN_POINT('',(869.122789448599,-1453.80528503935,0.0830000000003108));
#4161=CARTESIAN_POINT('',(869.122789448599,-1455.80528503935,0.0830000000000835));
#4162=CARTESIAN_POINT('',(869.372789448599,-1455.80528503935,0.0830000000000835));
#4163=CARTESIAN_POINT('',(869.122789448599,-1453.80528503935,0.916999999999689));
#4164=CARTESIAN_POINT('',(869.372789448599,-1453.80528503935,0.916999999999916));
#4165=CARTESIAN_POINT('',(869.122789448599,-1455.80528503935,0.916999999999916));
#4166=CARTESIAN_POINT('',(869.372789448599,-1455.80528503935,0.916999999999689));
#4167=CARTESIAN_POINT('',(871.030777525331,-1454.80528503936,-1.11022302461569E-16));
#4168=CARTESIAN_POINT('',(871.030777525331,-1454.80528503936,0.999999999999772));
#4169=CARTESIAN_POINT('',(871.030777525331,-1454.80528503936,0.0830000000000836));
#4170=CARTESIAN_POINT('',(871.030777525331,-1454.80528503936,0.916999999999689));
#4171=CARTESIAN_POINT('',(965.130801371988,-1454.80528503936,-5.55111512276001E-16));
#4172=CARTESIAN_POINT('',(965.130801371987,-1454.80528503936,0.999999999999772));
#4173=CARTESIAN_POINT('',(965.130801371987,-1454.80528503936,0.0830000000000831));
#4174=CARTESIAN_POINT('',(965.130801371988,-1454.80528503936,0.916999999999689));
#4175=CARTESIAN_POINT('',(950.862039448629,-1455.43063560687,0.0830000000000835));
#4176=CARTESIAN_POINT('',(950.862039448629,-1455.43063560687,-2.22044604925031E-16));
#4177=CARTESIAN_POINT('',(950.862039448629,-1455.43063560687,0.999999999999772));
#4178=CARTESIAN_POINT('',(950.862039448629,-1455.43063560687,0.916999999999689));
#4179=CARTESIAN_POINT('',(950.86203944863,-1454.17993447183,0.0830000000003108));
#4180=CARTESIAN_POINT('',(950.862039448629,-1454.17993447183,2.27151630838307E-13));
#4181=CARTESIAN_POINT('',(950.862039448629,-1454.17993447183,1.));
#4182=CARTESIAN_POINT('',(950.862039448629,-1454.17993447183,0.916999999999689));
#4183=CARTESIAN_POINT('',(937.987039448646,-1454.17993447183,0.0830000000000835));
#4184=CARTESIAN_POINT('',(937.987039448646,-1454.17993447183,2.27151630838307E-13));
#4185=CARTESIAN_POINT('',(937.987039448646,-1454.17993447183,1.));
#4186=CARTESIAN_POINT('',(937.987039448646,-1454.17993447183,0.916999999999689));
#4187=CARTESIAN_POINT('',(963.737039448655,-1455.43063560687,0.0830000000000835));
#4188=CARTESIAN_POINT('',(963.737039448655,-1455.43063560687,-2.22044604924913E-16));
#4189=CARTESIAN_POINT('',(963.737039448655,-1455.43063560687,0.999999999999772));
#4190=CARTESIAN_POINT('',(963.737039448655,-1455.43063560687,0.916999999999689));
#4191=CARTESIAN_POINT('',(963.737039448655,-1454.17993447183,0.0830000000003108));
#4192=CARTESIAN_POINT('',(963.737039448655,-1454.17993447183,2.27151630838307E-13));
#4193=CARTESIAN_POINT('',(963.737039448655,-1454.17993447183,1.));
#4194=CARTESIAN_POINT('',(963.737039448655,-1454.17993447183,0.916999999999689));
#4195=CARTESIAN_POINT('',(937.987039448646,-1455.43063560687,0.0830000000000835));
#4196=CARTESIAN_POINT('',(937.987039448646,-1455.43063560687,-2.22044604925031E-16));
#4197=CARTESIAN_POINT('',(937.987039448646,-1455.43063560687,0.999999999999772));
#4198=CARTESIAN_POINT('',(937.987039448646,-1455.43063560687,0.916999999999689));
#4199=CARTESIAN_POINT('',(930.987039448628,-1455.43063560687,0.0830000000000834));
#4200=CARTESIAN_POINT('',(930.987039448628,-1455.43063560687,-2.22044604925031E-16));
#4201=CARTESIAN_POINT('',(930.987039448628,-1455.43063560687,0.999999999999772));
#4202=CARTESIAN_POINT('',(930.987039448628,-1455.43063560687,0.916999999999689));
#4203=CARTESIAN_POINT('',(930.987039448628,-1454.17993447183,0.0830000000003108));
#4204=CARTESIAN_POINT('',(930.987039448628,-1454.17993447183,2.27151630838307E-13));
#4205=CARTESIAN_POINT('',(930.987039448628,-1454.17993447183,1.));
#4206=CARTESIAN_POINT('',(930.987039448628,-1454.17993447183,0.916999999999689));
#4207=CARTESIAN_POINT('',(918.112039448602,-1455.43063560687,0.0830000000000834));
#4208=CARTESIAN_POINT('',(918.112039448602,-1455.43063560687,-2.22044604925031E-16));
#4209=CARTESIAN_POINT('',(918.112039448602,-1455.43063560687,1.));
#4210=CARTESIAN_POINT('',(918.112039448603,-1455.43063560687,0.916999999999689));
#4211=CARTESIAN_POINT('',(918.112039448603,-1454.17993447183,0.0830000000003108));
#4212=CARTESIAN_POINT('',(918.112039448602,-1454.17993447183,2.27151630838307E-13));
#4213=CARTESIAN_POINT('',(918.112039448602,-1454.17993447183,1.));
#4214=CARTESIAN_POINT('',(918.112039448603,-1454.17993447183,0.916999999999689));
#4215=CARTESIAN_POINT('',(905.237039448619,-1454.17993447183,0.0830000000000835));
#4216=CARTESIAN_POINT('',(905.237039448619,-1454.17993447183,2.27151630838307E-13));
#4217=CARTESIAN_POINT('',(905.237039448619,-1454.17993447183,0.999999999999772));
#4218=CARTESIAN_POINT('',(905.237039448619,-1454.17993447183,0.916999999999689));
#4219=CARTESIAN_POINT('',(905.237039448619,-1455.43063560687,0.0830000000000834));
#4220=CARTESIAN_POINT('',(905.237039448619,-1455.43063560687,-2.22044604924992E-16));
#4221=CARTESIAN_POINT('',(905.237039448619,-1455.43063560687,1.));
#4222=CARTESIAN_POINT('',(905.237039448619,-1455.43063560687,0.916999999999689));
#4223=CARTESIAN_POINT('',(885.362039448629,-1454.17993447183,0.0830000000000835));
#4224=CARTESIAN_POINT('',(885.362039448629,-1454.17993447183,2.27151630838307E-13));
#4225=CARTESIAN_POINT('',(885.362039448629,-1454.17993447183,0.999999999999772));
#4226=CARTESIAN_POINT('',(885.362039448629,-1454.17993447183,0.916999999999689));
#4227=CARTESIAN_POINT('',(898.237039448654,-1455.43063560687,0.0830000000000834));
#4228=CARTESIAN_POINT('',(898.237039448654,-1455.43063560687,-2.22044604925031E-16));
#4229=CARTESIAN_POINT('',(898.237039448654,-1455.43063560687,1.));
#4230=CARTESIAN_POINT('',(898.237039448655,-1455.43063560687,0.916999999999689));
#4231=CARTESIAN_POINT('',(898.237039448655,-1454.17993447183,0.0830000000000835));
#4232=CARTESIAN_POINT('',(898.237039448654,-1454.17993447183,2.27151630838307E-13));
#4233=CARTESIAN_POINT('',(898.237039448654,-1454.17993447183,1.));
#4234=CARTESIAN_POINT('',(898.237039448655,-1454.17993447183,0.916999999999689));
#4235=CARTESIAN_POINT('',(872.487039448646,-1454.17993447183,0.0830000000000835));
#4236=CARTESIAN_POINT('',(872.487039448645,-1454.17993447183,2.27151630838307E-13));
#4237=CARTESIAN_POINT('',(872.487039448645,-1454.17993447183,0.999999999999772));
#4238=CARTESIAN_POINT('',(872.487039448646,-1454.17993447183,0.916999999999689));
#4239=CARTESIAN_POINT('',(872.487039448645,-1455.43063560687,0.0830000000000834));
#4240=CARTESIAN_POINT('',(872.487039448645,-1455.43063560687,-2.22044604925031E-16));
#4241=CARTESIAN_POINT('',(872.487039448645,-1455.43063560687,0.999999999999772));
#4242=CARTESIAN_POINT('',(872.487039448646,-1455.43063560687,0.916999999999689));
#4243=CARTESIAN_POINT('',(885.362039448629,-1455.43063560687,0.0830000000000834));
#4244=CARTESIAN_POINT('',(885.362039448629,-1455.43063560687,2.27151630838307E-13));
#4245=CARTESIAN_POINT('',(885.362039448629,-1455.43063560687,0.999999999999772));
#4246=CARTESIAN_POINT('',(885.362039448629,-1455.43063560687,0.916999999999689));
#4247=CARTESIAN_POINT('',(870.880777525331,-1454.80528503936,-8.88178419700125E-16));
#4248=CARTESIAN_POINT('',(870.880777525331,-1454.80528503936,0.0830000000000837));
#4249=CARTESIAN_POINT('',(870.880777525331,-1454.80528503936,0.916999999999689));
#4250=CARTESIAN_POINT('',(870.880777525331,-1454.80528503936,0.999999999999773));
#4251=CARTESIAN_POINT('',(965.280801371988,-1454.80528503936,-8.88178419700125E-16));
#4252=CARTESIAN_POINT('',(965.280801371988,-1454.80528503936,0.0830000000000837));
#4253=CARTESIAN_POINT('',(965.280801371988,-1454.80528503936,0.916999999999689));
#4254=CARTESIAN_POINT('',(965.280801371988,-1454.80528503936,0.999999999999773));
#4255=CARTESIAN_POINT('',(967.705789448653,-1453.30528503936,0.875000000000227));
#4256=CARTESIAN_POINT('',(967.705789448653,-1453.30528503936,0.125000000000227));
#4257=CARTESIAN_POINT('',(967.705789448653,-1453.30528503936,0.125000000000227));
#4258=CARTESIAN_POINT('',(868.455789448666,-1453.30528503936,0.125000000000227));
#4259=CARTESIAN_POINT('',(868.455789448666,-1453.30528503936,0.875000000000227));
#4260=CARTESIAN_POINT('',(868.455789448666,-1453.30528503936,0.125000000000227));
#4261=CARTESIAN_POINT('',(967.705789448653,-1453.30528503936,0.875000000000227));
#4262=CARTESIAN_POINT('',(868.455789448666,-1453.30528503936,0.875000000000227));
#4263=CARTESIAN_POINT('',(967.705789448653,-1453.43028503936,0.124999999999283));
#4264=CARTESIAN_POINT('',(967.705789448653,-1453.30528503936,0.125000000000227));
#4265=CARTESIAN_POINT('',(967.705789448653,-1453.43028503936,1.92221238926038E-13));
#4266=CARTESIAN_POINT('',(967.705789448653,-1453.43028503936,2.27151630838307E-13));
#4267=CARTESIAN_POINT('',(868.455789448666,-1453.43028503936,2.27151630838307E-13));
#4268=CARTESIAN_POINT('',(868.455789448666,-1453.43028503936,0.124999999999352));
#4269=CARTESIAN_POINT('',(868.455789448666,-1453.30528503936,0.125000000000227));
#4270=CARTESIAN_POINT('',(868.455789448666,-1453.43028503936,3.45695694292658E-14));
#4271=CARTESIAN_POINT('',(967.705789448653,-1453.43028503936,2.27151630838307E-13));
#4272=CARTESIAN_POINT('',(967.705789448653,-1456.18028503936,-2.27595720048157E-13));
#4273=CARTESIAN_POINT('',(967.705789448653,-1456.18028503936,-2.27595720048157E-13));
#4274=CARTESIAN_POINT('',(868.455789448666,-1456.18028503936,-2.27595720048157E-13));
#4275=CARTESIAN_POINT('',(868.455789448666,-1453.43028503936,2.27151630838307E-13));
#4276=CARTESIAN_POINT('',(868.455789448666,-1456.18028503936,-2.27595720048157E-13));
#4277=CARTESIAN_POINT('',(967.705789448653,-1456.18028503936,0.125000000000433));
#4278=CARTESIAN_POINT('',(967.705789448653,-1456.18028503936,-2.27595720048157E-13));
#4279=CARTESIAN_POINT('',(967.705789448653,-1456.30528503936,0.125000000000227));
#4280=CARTESIAN_POINT('',(967.705789448653,-1456.30528503936,0.125000000000227));
#4281=CARTESIAN_POINT('',(868.455789448666,-1456.30528503936,0.125000000000227));
#4282=CARTESIAN_POINT('',(868.455789448666,-1456.18028503936,0.125000000000031));
#4283=CARTESIAN_POINT('',(868.455789448666,-1456.18028503936,-2.27595720048157E-13));
#4284=CARTESIAN_POINT('',(868.455789448666,-1456.30528503936,0.125000000000227));
#4285=CARTESIAN_POINT('',(967.705789448653,-1456.30528503936,0.125000000000227));
#4286=CARTESIAN_POINT('',(967.705789448653,-1456.30528503936,0.874999999999772));
#4287=CARTESIAN_POINT('',(967.705789448653,-1456.30528503936,0.874999999999772));
#4288=CARTESIAN_POINT('',(868.455789448666,-1456.30528503936,0.874999999999772));
#4289=CARTESIAN_POINT('',(868.455789448666,-1456.30528503936,0.125000000000227));
#4290=CARTESIAN_POINT('',(868.455789448666,-1456.30528503936,0.874999999999772));
#4291=CARTESIAN_POINT('',(967.705789448653,-1456.18028503936,0.874999999999849));
#4292=CARTESIAN_POINT('',(967.705789448653,-1456.30528503936,0.874999999999772));
#4293=CARTESIAN_POINT('',(967.705789448653,-1456.18028503936,1.00000000000008));
#4294=CARTESIAN_POINT('',(967.705789448653,-1456.18028503936,0.999999999999772));
#4295=CARTESIAN_POINT('',(868.455789448666,-1456.18028503936,0.999999999999772));
#4296=CARTESIAN_POINT('',(868.455789448666,-1456.18028503936,0.87499999999977));
#4297=CARTESIAN_POINT('',(868.455789448666,-1456.30528503936,0.874999999999772));
#4298=CARTESIAN_POINT('',(868.455789448666,-1456.18028503936,0.999999999999998));
#4299=CARTESIAN_POINT('',(967.705789448653,-1456.18028503936,0.999999999999772));
#4300=CARTESIAN_POINT('',(967.705789448653,-1453.43028503936,0.999999999999772));
#4301=CARTESIAN_POINT('',(967.705789448653,-1453.43028503936,0.999999999999772));
#4302=CARTESIAN_POINT('',(868.455789448666,-1453.43028503936,0.999999999999772));
#4303=CARTESIAN_POINT('',(868.455789448666,-1456.18028503936,0.999999999999772));
#4304=CARTESIAN_POINT('',(868.455789448666,-1453.43028503936,0.999999999999772));
#4305=CARTESIAN_POINT('',(967.705789448653,-1453.43028503936,0.875000000001127));
#4306=CARTESIAN_POINT('',(967.705789448653,-1453.43028503936,0.999999999999772));
#4307=CARTESIAN_POINT('',(967.705789448653,-1453.30528503936,0.875000000000227));
#4308=CARTESIAN_POINT('',(868.455789448666,-1453.43028503936,0.875000000001057));
#4309=CARTESIAN_POINT('',(868.455789448666,-1453.43028503936,0.999999999999772));
#4310=CARTESIAN_POINT('',(868.455789448666,-1453.30528503936,0.875000000000227));
#4311=CARTESIAN_POINT('',(967.705789448653,-1453.38828503936,0.875000000000682));
#4312=CARTESIAN_POINT('',(967.705789448653,-1453.38828503936,0.124999999999772));
#4313=CARTESIAN_POINT('',(967.705789448653,-1453.38828503936,0.124999999999772));
#4314=CARTESIAN_POINT('',(868.455789448666,-1453.38828503936,0.124999999999772));
#4315=CARTESIAN_POINT('',(868.455789448666,-1453.38828503936,0.124999999999772));
#4316=CARTESIAN_POINT('',(868.455789448666,-1453.38828503936,0.875000000000682));
#4317=CARTESIAN_POINT('',(868.455789448666,-1453.38828503936,0.875000000000682));
#4318=CARTESIAN_POINT('',(967.705789448653,-1453.38828503936,0.875000000000682));
#4319=CARTESIAN_POINT('',(967.705789448653,-1453.43028503936,0.124999999999617));
#4320=CARTESIAN_POINT('',(967.705789448653,-1453.38828503936,0.124999999999772));
#4321=CARTESIAN_POINT('',(967.705789448653,-1453.43028503936,0.0830000000001553));
#4322=CARTESIAN_POINT('',(967.705789448653,-1453.43028503936,0.0830000000003108));
#4323=CARTESIAN_POINT('',(868.455789448666,-1453.43028503936,0.0830000000003108));
#4324=CARTESIAN_POINT('',(868.455789448665,-1453.43028503936,0.124999999999572));
#4325=CARTESIAN_POINT('',(868.455789448666,-1453.43028503936,0.0830000000003108));
#4326=CARTESIAN_POINT('',(868.455789448665,-1453.38828503936,0.124999999999772));
#4327=CARTESIAN_POINT('',(967.705789448653,-1453.43028503936,0.0830000000003108));
#4328=CARTESIAN_POINT('',(967.705789448653,-1456.18028503936,0.0829999999998561));
#4329=CARTESIAN_POINT('',(967.705789448653,-1456.18028503936,0.0829999999998561));
#4330=CARTESIAN_POINT('',(868.455789448666,-1456.18028503936,0.0829999999998561));
#4331=CARTESIAN_POINT('',(868.455789448666,-1456.18028503936,0.0829999999998561));
#4332=CARTESIAN_POINT('',(868.455789448666,-1453.43028503936,0.0830000000003108));
#4333=CARTESIAN_POINT('',(967.705789448653,-1456.18028503936,0.125000000000058));
#4334=CARTESIAN_POINT('',(967.705789448653,-1456.18028503936,0.0829999999998561));
#4335=CARTESIAN_POINT('',(967.705789448653,-1456.22228503936,0.125000000000227));
#4336=CARTESIAN_POINT('',(967.705789448653,-1456.22228503936,0.125000000000227));
#4337=CARTESIAN_POINT('',(868.455789448666,-1456.22228503936,0.125000000000227));
#4338=CARTESIAN_POINT('',(868.455789448666,-1456.18028503936,0.124999999999326));
#4339=CARTESIAN_POINT('',(868.455789448666,-1456.22228503936,0.125000000000227));
#4340=CARTESIAN_POINT('',(868.455789448665,-1456.18028503936,0.0829999999998642));
#4341=CARTESIAN_POINT('',(967.705789448653,-1456.22228503936,0.125000000000227));
#4342=CARTESIAN_POINT('',(967.705789448653,-1456.22228503936,0.875000000000227));
#4343=CARTESIAN_POINT('',(967.705789448653,-1456.22228503936,0.875000000000227));
#4344=CARTESIAN_POINT('',(868.455789448666,-1456.22228503936,0.875000000000227));
#4345=CARTESIAN_POINT('',(868.455789448666,-1456.22228503936,0.875000000000227));
#4346=CARTESIAN_POINT('',(868.455789448666,-1456.22228503936,0.125000000000227));
#4347=CARTESIAN_POINT('',(967.705789448653,-1456.18028503936,0.874999999998491));
#4348=CARTESIAN_POINT('',(967.705789448653,-1456.22228503936,0.875000000000227));
#4349=CARTESIAN_POINT('',(967.705789448653,-1456.18028503936,0.916999999999317));
#4350=CARTESIAN_POINT('',(967.705789448653,-1456.18028503936,0.916999999999689));
#4351=CARTESIAN_POINT('',(868.455789448666,-1456.18028503936,0.916999999999689));
#4352=CARTESIAN_POINT('',(868.455789448666,-1456.18028503936,0.874999999999158));
#4353=CARTESIAN_POINT('',(868.455789448666,-1456.18028503936,0.916999999999689));
#4354=CARTESIAN_POINT('',(868.455789448666,-1456.22228503936,0.875000000000227));
#4355=CARTESIAN_POINT('',(967.705789448653,-1456.18028503936,0.916999999999689));
#4356=CARTESIAN_POINT('',(967.705789448653,-1453.43028503936,0.916999999999689));
#4357=CARTESIAN_POINT('',(967.705789448653,-1453.43028503936,0.916999999999689));
#4358=CARTESIAN_POINT('',(868.455789448666,-1453.43028503936,0.916999999999689));
#4359=CARTESIAN_POINT('',(868.455789448666,-1453.43028503936,0.916999999999689));
#4360=CARTESIAN_POINT('',(868.455789448666,-1456.18028503936,0.916999999999689));
#4361=CARTESIAN_POINT('',(967.705789448653,-1453.43028503936,0.875000000000672));
#4362=CARTESIAN_POINT('',(967.705789448653,-1453.43028503936,0.916999999999689));
#4363=CARTESIAN_POINT('',(967.705789448653,-1453.38828503936,0.875000000000682));
#4364=CARTESIAN_POINT('',(868.455789448666,-1453.43028503936,0.875000000000807));
#4365=CARTESIAN_POINT('',(868.455789448666,-1453.38828503936,0.875000000000682));
#4366=CARTESIAN_POINT('',(868.455789448666,-1453.43028503936,0.916999999999814));
#4367=CARTESIAN_POINT('',(967.705789448653,-1453.30528503936,0.125000000000227));
#4368=CARTESIAN_POINT('',(967.705789448653,-1453.38828503936,0.124999999999772));
#4369=CARTESIAN_POINT('',(967.705789448653,-1453.38828503936,0.875000000000682));
#4370=CARTESIAN_POINT('',(967.705789448653,-1453.30528503936,0.875000000000227));
#4371=CARTESIAN_POINT('',(967.705789448653,-1453.43028503936,2.27151630838307E-13));
#4372=CARTESIAN_POINT('',(967.705789448653,-1453.43028503936,0.0830000000003108));
#4373=CARTESIAN_POINT('',(967.705789448653,-1456.18028503936,-2.27595720048157E-13));
#4374=CARTESIAN_POINT('',(967.705789448653,-1456.18028503936,0.0829999999998561));
#4375=CARTESIAN_POINT('',(967.705789448653,-1456.30528503936,0.125000000000227));
#4376=CARTESIAN_POINT('',(967.705789448653,-1456.22228503936,0.125000000000227));
#4377=CARTESIAN_POINT('',(967.705789448653,-1456.30528503936,0.874999999999772));
#4378=CARTESIAN_POINT('',(967.705789448653,-1456.22228503936,0.875000000000227));
#4379=CARTESIAN_POINT('',(967.705789448653,-1456.18028503936,0.999999999999772));
#4380=CARTESIAN_POINT('',(967.705789448653,-1456.18028503936,0.916999999999689));
#4381=CARTESIAN_POINT('',(967.705789448653,-1453.43028503936,0.999999999999772));
#4382=CARTESIAN_POINT('',(967.705789448653,-1453.43028503936,0.916999999999689));
#4383=CARTESIAN_POINT('',(868.455789448666,-1453.30528503936,0.875000000000227));
#4384=CARTESIAN_POINT('',(868.455789448666,-1453.38828503936,0.875000000000682));
#4385=CARTESIAN_POINT('',(868.455789448666,-1453.38828503936,0.124999999999772));
#4386=CARTESIAN_POINT('',(868.455789448666,-1453.30528503936,0.125000000000227));
#4387=CARTESIAN_POINT('',(868.455789448666,-1453.43028503936,0.0830000000003108));
#4388=CARTESIAN_POINT('',(868.455789448666,-1453.43028503936,2.27151630838307E-13));
#4389=CARTESIAN_POINT('',(868.455789448666,-1456.18028503936,-2.27595720048157E-13));
#4390=CARTESIAN_POINT('',(868.455789448666,-1456.18028503936,0.0829999999998561));
#4391=CARTESIAN_POINT('',(868.455789448666,-1456.30528503936,0.125000000000227));
#4392=CARTESIAN_POINT('',(868.455789448666,-1456.22228503936,0.125000000000227));
#4393=CARTESIAN_POINT('',(868.455789448666,-1456.22228503936,0.875000000000227));
#4394=CARTESIAN_POINT('',(868.455789448666,-1456.30528503936,0.874999999999772));
#4395=CARTESIAN_POINT('',(868.455789448666,-1456.18028503936,0.916999999999689));
#4396=CARTESIAN_POINT('',(868.455789448666,-1456.18028503936,0.999999999999772));
#4397=CARTESIAN_POINT('',(868.455789448666,-1453.43028503936,0.916999999999689));
#4398=CARTESIAN_POINT('',(868.455789448666,-1453.43028503936,0.999999999999772));
#4399=CARTESIAN_POINT('',(950.830789448629,-1455.43063560687,-2.22044604925031E-16));
#4400=CARTESIAN_POINT('',(950.799539448629,-1455.43063560687,-2.22044604925031E-16));
#4401=CARTESIAN_POINT('',(950.86203944863,-1455.43063560687,-2.22044604925031E-16));
#4402=CARTESIAN_POINT('',(950.830789448629,-1455.43063560687,0.999999999999772));
#4403=CARTESIAN_POINT('',(950.799539448629,-1455.43063560687,0.999999999999772));
#4404=CARTESIAN_POINT('',(950.862039448629,-1455.43063560687,0.999999999999772));
#4405=CARTESIAN_POINT('',(950.830789448629,-1455.43063560687,0.0830000000000835));
#4406=CARTESIAN_POINT('',(950.799539448629,-1455.43063560687,0.0830000000000835));
#4407=CARTESIAN_POINT('',(950.86203944863,-1455.43063560687,0.0830000000000835));
#4408=CARTESIAN_POINT('',(950.830789448629,-1455.43063560687,0.916999999999689));
#4409=CARTESIAN_POINT('',(950.799539448629,-1455.43063560687,0.916999999999689));
#4410=CARTESIAN_POINT('',(950.862039448629,-1455.43063560687,0.916999999999689));
#4411=CARTESIAN_POINT('',(950.799539448629,-1455.43063560687,0.0829999999998561));
#4412=CARTESIAN_POINT('',(950.799539448629,-1455.43063560687,-2.22044604925031E-16));
#4413=CARTESIAN_POINT('',(950.799539448629,-1455.43063560687,0.999999999999772));
#4414=CARTESIAN_POINT('',(950.799539448629,-1455.43063560687,0.916999999999916));
#4415=CARTESIAN_POINT('',(950.830789448629,-1454.17993447183,2.27151630838307E-13));
#4416=CARTESIAN_POINT('',(950.799539448629,-1454.17993447183,2.27151630838307E-13));
#4417=CARTESIAN_POINT('',(950.862039448629,-1454.17993447183,2.27151630838307E-13));
#4418=CARTESIAN_POINT('',(950.830789448629,-1454.17993447183,1.));
#4419=CARTESIAN_POINT('',(950.799539448629,-1454.17993447183,1.));
#4420=CARTESIAN_POINT('',(950.862039448629,-1454.17993447183,1.));
#4421=CARTESIAN_POINT('',(950.83078944863,-1454.17993447183,0.0830000000003108));
#4422=CARTESIAN_POINT('',(950.799539448629,-1454.17993447183,0.0830000000003108));
#4423=CARTESIAN_POINT('',(950.86203944863,-1454.17993447183,0.0830000000003108));
#4424=CARTESIAN_POINT('',(950.830789448629,-1454.17993447183,0.916999999999689));
#4425=CARTESIAN_POINT('',(950.799539448629,-1454.17993447183,0.916999999999689));
#4426=CARTESIAN_POINT('',(950.862039448629,-1454.17993447183,0.916999999999689));
#4427=CARTESIAN_POINT('',(950.799539448629,-1454.17993447183,0.0830000000003108));
#4428=CARTESIAN_POINT('',(950.799539448629,-1454.17993447183,2.27151630838307E-13));
#4429=CARTESIAN_POINT('',(950.799539448629,-1454.17993447183,0.999999999999772));
#4430=CARTESIAN_POINT('',(950.799539448629,-1454.17993447183,0.916999999999916));
#4431=CARTESIAN_POINT('',(937.955789448646,-1454.17993447183,2.27151630838307E-13));
#4432=CARTESIAN_POINT('',(937.924539448646,-1454.17993447183,2.27151630838307E-13));
#4433=CARTESIAN_POINT('',(937.987039448646,-1454.17993447183,2.27151630838307E-13));
#4434=CARTESIAN_POINT('',(937.955789448646,-1454.17993447183,1.));
#4435=CARTESIAN_POINT('',(937.924539448646,-1454.17993447183,1.));
#4436=CARTESIAN_POINT('',(937.987039448646,-1454.17993447183,1.));
#4437=CARTESIAN_POINT('',(937.955789448646,-1454.17993447183,0.0830000000000835));
#4438=CARTESIAN_POINT('',(937.924539448646,-1454.17993447183,0.0830000000000835));
#4439=CARTESIAN_POINT('',(937.987039448646,-1454.17993447183,0.0830000000000835));
#4440=CARTESIAN_POINT('',(937.955789448646,-1454.17993447183,0.916999999999689));
#4441=CARTESIAN_POINT('',(937.924539448646,-1454.17993447183,0.916999999999689));
#4442=CARTESIAN_POINT('',(937.987039448646,-1454.17993447183,0.916999999999689));
#4443=CARTESIAN_POINT('',(937.924539448646,-1454.17993447183,0.0830000000003108));
#4444=CARTESIAN_POINT('',(937.924539448646,-1454.17993447183,2.27151630838307E-13));
#4445=CARTESIAN_POINT('',(937.924539448646,-1454.17993447183,0.999999999999772));
#4446=CARTESIAN_POINT('',(937.924539448646,-1454.17993447183,0.916999999999689));
#4447=CARTESIAN_POINT('',(963.705789448655,-1455.43063560687,-2.22044604924972E-16));
#4448=CARTESIAN_POINT('',(963.674539448655,-1455.43063560687,-2.22044604925031E-16));
#4449=CARTESIAN_POINT('',(963.737039448654,-1455.43063560687,-2.22044604924913E-16));
#4450=CARTESIAN_POINT('',(963.705789448655,-1455.43063560687,0.999999999999772));
#4451=CARTESIAN_POINT('',(963.674539448655,-1455.43063560687,0.999999999999772));
#4452=CARTESIAN_POINT('',(963.737039448655,-1455.43063560687,0.999999999999772));
#4453=CARTESIAN_POINT('',(963.705789448655,-1455.43063560687,0.0830000000000835));
#4454=CARTESIAN_POINT('',(963.674539448655,-1455.43063560687,0.0830000000000835));
#4455=CARTESIAN_POINT('',(963.737039448654,-1455.43063560687,0.0830000000000835));
#4456=CARTESIAN_POINT('',(963.705789448655,-1455.43063560687,0.916999999999689));
#4457=CARTESIAN_POINT('',(963.674539448655,-1455.43063560687,0.916999999999689));
#4458=CARTESIAN_POINT('',(963.737039448655,-1455.43063560687,0.916999999999689));
#4459=CARTESIAN_POINT('',(963.674539448655,-1455.43063560687,0.0830000000003108));
#4460=CARTESIAN_POINT('',(963.674539448655,-1455.43063560687,-2.22044604925031E-16));
#4461=CARTESIAN_POINT('',(963.674539448655,-1455.43063560687,0.999999999999772));
#4462=CARTESIAN_POINT('',(963.674539448655,-1455.43063560687,0.916999999999689));
#4463=CARTESIAN_POINT('',(963.705789448655,-1454.17993447183,2.27151630838307E-13));
#4464=CARTESIAN_POINT('',(963.674539448655,-1454.17993447183,2.27151630838307E-13));
#4465=CARTESIAN_POINT('',(963.737039448655,-1454.17993447183,2.27151630838307E-13));
#4466=CARTESIAN_POINT('',(963.705789448655,-1454.17993447183,1.));
#4467=CARTESIAN_POINT('',(963.674539448655,-1454.17993447183,1.));
#4468=CARTESIAN_POINT('',(963.737039448655,-1454.17993447183,1.));
#4469=CARTESIAN_POINT('',(963.705789448655,-1454.17993447183,0.0830000000003108));
#4470=CARTESIAN_POINT('',(963.674539448655,-1454.17993447183,0.0830000000003108));
#4471=CARTESIAN_POINT('',(963.737039448655,-1454.17993447183,0.0830000000003108));
#4472=CARTESIAN_POINT('',(963.705789448655,-1454.17993447183,0.916999999999689));
#4473=CARTESIAN_POINT('',(963.674539448655,-1454.17993447183,0.916999999999689));
#4474=CARTESIAN_POINT('',(963.737039448655,-1454.17993447183,0.916999999999689));
#4475=CARTESIAN_POINT('',(963.674539448655,-1454.17993447183,0.0830000000003108));
#4476=CARTESIAN_POINT('',(963.674539448655,-1454.17993447183,2.27151630838307E-13));
#4477=CARTESIAN_POINT('',(963.674539448655,-1454.17993447183,0.999999999999772));
#4478=CARTESIAN_POINT('',(963.674539448655,-1454.17993447183,0.916999999999916));
#4479=CARTESIAN_POINT('',(937.955789448646,-1455.43063560687,-2.22044604925031E-16));
#4480=CARTESIAN_POINT('',(937.924539448646,-1455.43063560687,-2.22044604925031E-16));
#4481=CARTESIAN_POINT('',(937.987039448646,-1455.43063560687,-2.22044604925031E-16));
#4482=CARTESIAN_POINT('',(937.955789448646,-1455.43063560687,0.999999999999772));
#4483=CARTESIAN_POINT('',(937.924539448646,-1455.43063560687,0.999999999999772));
#4484=CARTESIAN_POINT('',(937.987039448646,-1455.43063560687,0.999999999999772));
#4485=CARTESIAN_POINT('',(937.955789448646,-1455.43063560687,0.0830000000000835));
#4486=CARTESIAN_POINT('',(937.924539448646,-1455.43063560687,0.0830000000000835));
#4487=CARTESIAN_POINT('',(937.987039448646,-1455.43063560687,0.0830000000000835));
#4488=CARTESIAN_POINT('',(937.955789448646,-1455.43063560687,0.916999999999689));
#4489=CARTESIAN_POINT('',(937.924539448646,-1455.43063560687,0.916999999999689));
#4490=CARTESIAN_POINT('',(937.987039448646,-1455.43063560687,0.916999999999689));
#4491=CARTESIAN_POINT('',(937.924539448646,-1455.43063560687,0.0830000000000835));
#4492=CARTESIAN_POINT('',(937.924539448646,-1455.43063560687,-2.22044604925031E-16));
#4493=CARTESIAN_POINT('',(937.924539448646,-1455.43063560687,0.999999999999772));
#4494=CARTESIAN_POINT('',(937.924539448646,-1455.43063560687,0.916999999999689));
#4495=CARTESIAN_POINT('',(966.913789448656,-1453.80528503935,4.54525306281539E-13));
#4496=CARTESIAN_POINT('',(967.038789448656,-1453.80528503935,4.54525306281539E-13));
#4497=CARTESIAN_POINT('',(966.788789448656,-1453.80528503935,4.54525306281539E-13));
#4498=CARTESIAN_POINT('',(966.788789448656,-1453.80528503935,4.54525306281539E-13));
#4499=CARTESIAN_POINT('',(966.788789448656,-1455.80528503935,-2.22044604925031E-16));
#4500=CARTESIAN_POINT('',(966.913789448656,-1455.80528503935,-2.22044604925031E-16));
#4501=CARTESIAN_POINT('',(966.788789448656,-1455.80528503935,-2.22044604925031E-16));
#4502=CARTESIAN_POINT('',(967.038789448656,-1455.80528503935,-2.22044604925031E-16));
#4503=CARTESIAN_POINT('',(967.038789448656,-1455.80528503935,-2.22044604925031E-16));
#4504=CARTESIAN_POINT('',(967.038789448656,-1453.80528503935,4.54525306281539E-13));
#4505=CARTESIAN_POINT('',(966.913789448656,-1453.80528503935,0.999999999999886));
#4506=CARTESIAN_POINT('',(966.788789448656,-1453.80528503935,0.999999999999772));
#4507=CARTESIAN_POINT('',(967.038789448656,-1453.80528503935,1.));
#4508=CARTESIAN_POINT('',(966.788789448656,-1455.80528503935,1.));
#4509=CARTESIAN_POINT('',(966.788789448656,-1453.80528503935,0.999999999999772));
#4510=CARTESIAN_POINT('',(966.913789448656,-1455.80528503935,1.));
#4511=CARTESIAN_POINT('',(967.038789448656,-1455.80528503935,1.));
#4512=CARTESIAN_POINT('',(966.788789448656,-1455.80528503935,1.));
#4513=CARTESIAN_POINT('',(967.038789448656,-1453.80528503935,1.));
#4514=CARTESIAN_POINT('',(967.038789448656,-1455.80528503935,1.));
#4515=CARTESIAN_POINT('',(966.913789448656,-1453.80528503935,0.0830000000003108));
#4516=CARTESIAN_POINT('',(967.038789448656,-1453.80528503935,0.0830000000003108));
#4517=CARTESIAN_POINT('',(966.788789448656,-1453.80528503935,0.0830000000003108));
#4518=CARTESIAN_POINT('',(966.788789448656,-1453.80528503935,0.0830000000003108));
#4519=CARTESIAN_POINT('',(966.788789448656,-1455.80528503935,0.0830000000000835));
#4520=CARTESIAN_POINT('',(966.913789448656,-1455.80528503935,0.0829999999999698));
#4521=CARTESIAN_POINT('',(966.788789448656,-1455.80528503935,0.0830000000000835));
#4522=CARTESIAN_POINT('',(967.038789448656,-1455.80528503935,0.0829999999998561));
#4523=CARTESIAN_POINT('',(967.038789448656,-1455.80528503935,0.0829999999998561));
#4524=CARTESIAN_POINT('',(967.038789448656,-1453.80528503935,0.0830000000003108));
#4525=CARTESIAN_POINT('',(966.913789448656,-1453.80528503935,0.916999999999689));
#4526=CARTESIAN_POINT('',(966.788789448656,-1453.80528503935,0.916999999999689));
#4527=CARTESIAN_POINT('',(967.038789448656,-1453.80528503935,0.916999999999689));
#4528=CARTESIAN_POINT('',(966.788789448656,-1455.80528503935,0.916999999999689));
#4529=CARTESIAN_POINT('',(966.788789448656,-1453.80528503935,0.916999999999689));
#4530=CARTESIAN_POINT('',(966.913789448656,-1455.80528503935,0.916999999999689));
#4531=CARTESIAN_POINT('',(967.038789448656,-1455.80528503935,0.916999999999689));
#4532=CARTESIAN_POINT('',(966.788789448656,-1455.80528503935,0.916999999999689));
#4533=CARTESIAN_POINT('',(967.038789448656,-1453.80528503935,0.916999999999689));
#4534=CARTESIAN_POINT('',(967.038789448656,-1455.80528503935,0.916999999999689));
#4535=CARTESIAN_POINT('',(966.788789448656,-1453.80528503935,0.916999999999689));
#4536=CARTESIAN_POINT('',(966.788789448656,-1453.80528503935,0.999999999999772));
#4537=CARTESIAN_POINT('',(966.788789448656,-1453.80528503935,4.54525306281539E-13));
#4538=CARTESIAN_POINT('',(966.788789448656,-1453.80528503935,0.0830000000003108));
#4539=CARTESIAN_POINT('',(967.038789448656,-1453.80528503935,0.916999999999689));
#4540=CARTESIAN_POINT('',(967.038789448656,-1453.80528503935,1.));
#4541=CARTESIAN_POINT('',(967.038789448656,-1453.80528503935,4.54525306281539E-13));
#4542=CARTESIAN_POINT('',(967.038789448656,-1453.80528503935,0.0830000000003108));
#4543=CARTESIAN_POINT('',(966.788789448656,-1455.80528503935,0.916999999999689));
#4544=CARTESIAN_POINT('',(966.788789448656,-1455.80528503935,1.));
#4545=CARTESIAN_POINT('',(966.788789448656,-1455.80528503935,-2.22044604925031E-16));
#4546=CARTESIAN_POINT('',(966.788789448656,-1455.80528503935,0.0830000000000835));
#4547=CARTESIAN_POINT('',(967.038789448656,-1455.80528503935,0.916999999999689));
#4548=CARTESIAN_POINT('',(967.038789448656,-1455.80528503935,1.));
#4549=CARTESIAN_POINT('',(967.038789448656,-1455.80528503935,-2.22044604925031E-16));
#4550=CARTESIAN_POINT('',(967.038789448656,-1455.80528503935,0.0829999999998561));
#4551=CARTESIAN_POINT('',(934.747789448582,-1453.80528503935,2.27151630838307E-13));
#4552=CARTESIAN_POINT('',(934.872789448582,-1453.80528503935,2.27151630838307E-13));
#4553=CARTESIAN_POINT('',(934.622789448582,-1453.80528503935,2.27151630838307E-13));
#4554=CARTESIAN_POINT('',(934.622789448582,-1453.80528503935,2.27151630838307E-13));
#4555=CARTESIAN_POINT('',(934.622789448582,-1455.80528503935,-2.27595720048157E-13));
#4556=CARTESIAN_POINT('',(934.747789448582,-1455.80528503935,-2.27595720048157E-13));
#4557=CARTESIAN_POINT('',(934.622789448582,-1455.80528503935,-2.27595720048157E-13));
#4558=CARTESIAN_POINT('',(934.872789448582,-1455.80528503935,-2.27595720048157E-13));
#4559=CARTESIAN_POINT('',(934.872789448582,-1455.80528503935,-2.27595720048157E-13));
#4560=CARTESIAN_POINT('',(934.872789448582,-1453.80528503935,2.27151630838307E-13));
#4561=CARTESIAN_POINT('',(934.747789448582,-1453.80528503935,1.));
#4562=CARTESIAN_POINT('',(934.622789448582,-1453.80528503935,1.));
#4563=CARTESIAN_POINT('',(934.872789448582,-1453.80528503935,1.));
#4564=CARTESIAN_POINT('',(934.622789448582,-1455.80528503935,0.999999999999772));
#4565=CARTESIAN_POINT('',(934.622789448582,-1453.80528503935,1.));
#4566=CARTESIAN_POINT('',(934.747789448582,-1455.80528503935,0.999999999999886));
#4567=CARTESIAN_POINT('',(934.872789448582,-1455.80528503935,1.));
#4568=CARTESIAN_POINT('',(934.622789448582,-1455.80528503935,0.999999999999773));
#4569=CARTESIAN_POINT('',(934.872789448582,-1453.80528503935,1.));
#4570=CARTESIAN_POINT('',(934.872789448582,-1455.80528503935,1.));
#4571=CARTESIAN_POINT('',(934.747789448582,-1453.80528503935,0.0830000000003108));
#4572=CARTESIAN_POINT('',(934.872789448582,-1453.80528503935,0.0830000000003108));
#4573=CARTESIAN_POINT('',(934.622789448582,-1453.80528503935,0.0830000000003108));
#4574=CARTESIAN_POINT('',(934.622789448582,-1453.80528503935,0.0830000000003108));
#4575=CARTESIAN_POINT('',(934.622789448582,-1455.80528503935,0.0830000000000835));
#4576=CARTESIAN_POINT('',(934.747789448582,-1455.80528503935,0.0830000000000835));
#4577=CARTESIAN_POINT('',(934.622789448582,-1455.80528503935,0.0830000000000835));
#4578=CARTESIAN_POINT('',(934.872789448582,-1455.80528503935,0.0830000000000835));
#4579=CARTESIAN_POINT('',(934.872789448582,-1455.80528503935,0.0830000000000835));
#4580=CARTESIAN_POINT('',(934.872789448582,-1453.80528503935,0.0830000000003108));
#4581=CARTESIAN_POINT('',(934.747789448582,-1453.80528503935,0.916999999999916));
#4582=CARTESIAN_POINT('',(934.622789448582,-1453.80528503935,0.916999999999916));
#4583=CARTESIAN_POINT('',(934.872789448582,-1453.80528503935,0.916999999999916));
#4584=CARTESIAN_POINT('',(934.622789448582,-1455.80528503935,0.916999999999916));
#4585=CARTESIAN_POINT('',(934.622789448582,-1453.80528503935,0.916999999999916));
#4586=CARTESIAN_POINT('',(934.747789448582,-1455.80528503935,0.916999999999916));
#4587=CARTESIAN_POINT('',(934.872789448582,-1455.80528503935,0.916999999999916));
#4588=CARTESIAN_POINT('',(934.622789448582,-1455.80528503935,0.916999999999916));
#4589=CARTESIAN_POINT('',(934.872789448582,-1453.80528503935,0.916999999999916));
#4590=CARTESIAN_POINT('',(934.872789448582,-1455.80528503935,0.916999999999916));
#4591=CARTESIAN_POINT('',(934.622789448582,-1453.80528503935,0.916999999999916));
#4592=CARTESIAN_POINT('',(934.622789448582,-1453.80528503935,1.));
#4593=CARTESIAN_POINT('',(934.622789448582,-1453.80528503935,2.27151630838307E-13));
#4594=CARTESIAN_POINT('',(934.622789448582,-1453.80528503935,0.0830000000003108));
#4595=CARTESIAN_POINT('',(934.872789448582,-1453.80528503935,0.916999999999916));
#4596=CARTESIAN_POINT('',(934.872789448582,-1453.80528503935,1.));
#4597=CARTESIAN_POINT('',(934.872789448582,-1453.80528503935,2.27151630838307E-13));
#4598=CARTESIAN_POINT('',(934.872789448582,-1453.80528503935,0.0830000000003108));
#4599=CARTESIAN_POINT('',(934.622789448582,-1455.80528503935,0.916999999999916));
#4600=CARTESIAN_POINT('',(934.622789448582,-1455.80528503935,0.999999999999772));
#4601=CARTESIAN_POINT('',(934.622789448582,-1455.80528503935,-2.27595720048157E-13));
#4602=CARTESIAN_POINT('',(934.622789448582,-1455.80528503935,0.0830000000000835));
#4603=CARTESIAN_POINT('',(934.872789448582,-1455.80528503935,0.916999999999916));
#4604=CARTESIAN_POINT('',(934.872789448582,-1455.80528503935,1.));
#4605=CARTESIAN_POINT('',(934.872789448582,-1455.80528503935,-2.27595720048157E-13));
#4606=CARTESIAN_POINT('',(934.872789448582,-1455.80528503935,0.0830000000000835));
#4607=CARTESIAN_POINT('',(930.955789448628,-1455.43063560687,-2.22044604925031E-16));
#4608=CARTESIAN_POINT('',(930.924539448628,-1455.43063560687,-2.22044604925031E-16));
#4609=CARTESIAN_POINT('',(930.987039448628,-1455.43063560687,-2.22044604925031E-16));
#4610=CARTESIAN_POINT('',(930.955789448628,-1455.43063560687,0.999999999999772));
#4611=CARTESIAN_POINT('',(930.924539448628,-1455.43063560687,0.999999999999772));
#4612=CARTESIAN_POINT('',(930.987039448628,-1455.43063560687,0.999999999999772));
#4613=CARTESIAN_POINT('',(930.955789448628,-1455.43063560687,0.0830000000000834));
#4614=CARTESIAN_POINT('',(930.924539448628,-1455.43063560687,0.0830000000000835));
#4615=CARTESIAN_POINT('',(930.987039448628,-1455.43063560687,0.0830000000000834));
#4616=CARTESIAN_POINT('',(930.955789448628,-1455.43063560687,0.916999999999689));
#4617=CARTESIAN_POINT('',(930.924539448628,-1455.43063560687,0.916999999999689));
#4618=CARTESIAN_POINT('',(930.987039448628,-1455.43063560687,0.916999999999689));
#4619=CARTESIAN_POINT('',(930.924539448628,-1455.43063560687,0.0830000000003108));
#4620=CARTESIAN_POINT('',(930.924539448628,-1455.43063560687,2.27151630838307E-13));
#4621=CARTESIAN_POINT('',(930.924539448628,-1455.43063560687,0.999999999999772));
#4622=CARTESIAN_POINT('',(930.924539448628,-1455.43063560687,0.916999999999689));
#4623=CARTESIAN_POINT('',(930.955789448628,-1454.17993447183,2.27151630838307E-13));
#4624=CARTESIAN_POINT('',(930.924539448628,-1454.17993447183,2.27151630838307E-13));
#4625=CARTESIAN_POINT('',(930.987039448628,-1454.17993447183,2.27151630838307E-13));
#4626=CARTESIAN_POINT('',(930.955789448628,-1454.17993447183,1.));
#4627=CARTESIAN_POINT('',(930.924539448628,-1454.17993447183,1.));
#4628=CARTESIAN_POINT('',(930.987039448629,-1454.17993447183,1.));
#4629=CARTESIAN_POINT('',(930.955789448628,-1454.17993447183,0.0830000000003108));
#4630=CARTESIAN_POINT('',(930.924539448628,-1454.17993447183,0.0830000000003108));
#4631=CARTESIAN_POINT('',(930.987039448628,-1454.17993447183,0.0830000000003108));
#4632=CARTESIAN_POINT('',(930.955789448628,-1454.17993447183,0.916999999999689));
#4633=CARTESIAN_POINT('',(930.924539448628,-1454.17993447183,0.916999999999689));
#4634=CARTESIAN_POINT('',(930.987039448628,-1454.17993447183,0.916999999999689));
#4635=CARTESIAN_POINT('',(930.924539448628,-1454.17993447183,0.0830000000003108));
#4636=CARTESIAN_POINT('',(930.924539448628,-1454.17993447183,2.27151630838307E-13));
#4637=CARTESIAN_POINT('',(930.924539448628,-1454.17993447183,1.));
#4638=CARTESIAN_POINT('',(930.924539448628,-1454.17993447183,0.916999999999689));
#4639=CARTESIAN_POINT('',(918.080789448603,-1455.43063560687,-2.22044604925031E-16));
#4640=CARTESIAN_POINT('',(918.049539448602,-1455.43063560687,-2.22044604925031E-16));
#4641=CARTESIAN_POINT('',(918.112039448603,-1455.43063560687,-2.22044604925031E-16));
#4642=CARTESIAN_POINT('',(918.080789448602,-1455.43063560687,1.));
#4643=CARTESIAN_POINT('',(918.049539448602,-1455.43063560687,1.));
#4644=CARTESIAN_POINT('',(918.112039448602,-1455.43063560687,1.));
#4645=CARTESIAN_POINT('',(918.080789448602,-1455.43063560687,0.0830000000000834));
#4646=CARTESIAN_POINT('',(918.049539448602,-1455.43063560687,0.0830000000000835));
#4647=CARTESIAN_POINT('',(918.112039448602,-1455.43063560687,0.0830000000000834));
#4648=CARTESIAN_POINT('',(918.080789448603,-1455.43063560687,0.916999999999689));
#4649=CARTESIAN_POINT('',(918.049539448602,-1455.43063560687,0.916999999999689));
#4650=CARTESIAN_POINT('',(918.112039448603,-1455.43063560687,0.916999999999689));
#4651=CARTESIAN_POINT('',(918.049539448602,-1455.43063560687,0.0830000000000835));
#4652=CARTESIAN_POINT('',(918.049539448602,-1455.43063560687,-2.22044604925031E-16));
#4653=CARTESIAN_POINT('',(918.049539448602,-1455.43063560687,0.999999999999772));
#4654=CARTESIAN_POINT('',(918.049539448602,-1455.43063560687,0.916999999999689));
#4655=CARTESIAN_POINT('',(918.080789448602,-1454.17993447183,2.27151630838307E-13));
#4656=CARTESIAN_POINT('',(918.049539448602,-1454.17993447183,2.27151630838307E-13));
#4657=CARTESIAN_POINT('',(918.112039448602,-1454.17993447183,2.27151630838307E-13));
#4658=CARTESIAN_POINT('',(918.080789448603,-1454.17993447183,1.));
#4659=CARTESIAN_POINT('',(918.049539448602,-1454.17993447183,1.));
#4660=CARTESIAN_POINT('',(918.112039448603,-1454.17993447183,1.));
#4661=CARTESIAN_POINT('',(918.080789448603,-1454.17993447183,0.0830000000003108));
#4662=CARTESIAN_POINT('',(918.049539448602,-1454.17993447183,0.0830000000003108));
#4663=CARTESIAN_POINT('',(918.112039448603,-1454.17993447183,0.0830000000003108));
#4664=CARTESIAN_POINT('',(918.080789448602,-1454.17993447183,0.916999999999689));
#4665=CARTESIAN_POINT('',(918.049539448602,-1454.17993447183,0.916999999999689));
#4666=CARTESIAN_POINT('',(918.112039448602,-1454.17993447183,0.916999999999689));
#4667=CARTESIAN_POINT('',(918.049539448602,-1454.17993447183,0.0830000000003108));
#4668=CARTESIAN_POINT('',(918.049539448602,-1454.17993447183,2.27151630838307E-13));
#4669=CARTESIAN_POINT('',(918.049539448602,-1454.17993447183,1.));
#4670=CARTESIAN_POINT('',(918.049539448602,-1454.17993447183,0.916999999999916));
#4671=CARTESIAN_POINT('',(905.205789448619,-1454.17993447183,2.27151630838307E-13));
#4672=CARTESIAN_POINT('',(905.174539448619,-1454.17993447183,2.27151630838307E-13));
#4673=CARTESIAN_POINT('',(905.237039448619,-1454.17993447183,2.27151630838307E-13));
#4674=CARTESIAN_POINT('',(905.205789448619,-1454.17993447183,0.999999999999772));
#4675=CARTESIAN_POINT('',(905.174539448619,-1454.17993447183,0.999999999999772));
#4676=CARTESIAN_POINT('',(905.237039448619,-1454.17993447183,0.999999999999772));
#4677=CARTESIAN_POINT('',(905.205789448619,-1454.17993447183,0.0830000000000835));
#4678=CARTESIAN_POINT('',(905.174539448619,-1454.17993447183,0.0830000000000835));
#4679=CARTESIAN_POINT('',(905.237039448619,-1454.17993447183,0.0830000000000835));
#4680=CARTESIAN_POINT('',(905.205789448619,-1454.17993447183,0.916999999999689));
#4681=CARTESIAN_POINT('',(905.174539448619,-1454.17993447183,0.916999999999689));
#4682=CARTESIAN_POINT('',(905.237039448619,-1454.17993447183,0.916999999999689));
#4683=CARTESIAN_POINT('',(905.174539448619,-1454.17993447183,0.0830000000003108));
#4684=CARTESIAN_POINT('',(905.174539448619,-1454.17993447183,2.27151630838307E-13));
#4685=CARTESIAN_POINT('',(905.174539448619,-1454.17993447183,1.));
#4686=CARTESIAN_POINT('',(905.174539448619,-1454.17993447183,0.916999999999916));
#4687=CARTESIAN_POINT('',(905.205789448619,-1455.43063560687,-2.22044604925012E-16));
#4688=CARTESIAN_POINT('',(905.174539448619,-1455.43063560687,-2.22044604925031E-16));
#4689=CARTESIAN_POINT('',(905.237039448619,-1455.43063560687,-2.22044604924992E-16));
#4690=CARTESIAN_POINT('',(905.205789448619,-1455.43063560687,1.));
#4691=CARTESIAN_POINT('',(905.174539448619,-1455.43063560687,1.));
#4692=CARTESIAN_POINT('',(905.237039448619,-1455.43063560687,1.));
#4693=CARTESIAN_POINT('',(905.205789448619,-1455.43063560687,0.0830000000000834));
#4694=CARTESIAN_POINT('',(905.174539448619,-1455.43063560687,0.0830000000000835));
#4695=CARTESIAN_POINT('',(905.237039448619,-1455.43063560687,0.0830000000000834));
#4696=CARTESIAN_POINT('',(905.205789448619,-1455.43063560687,0.916999999999689));
#4697=CARTESIAN_POINT('',(905.174539448619,-1455.43063560687,0.916999999999689));
#4698=CARTESIAN_POINT('',(905.237039448619,-1455.43063560687,0.916999999999689));
#4699=CARTESIAN_POINT('',(905.174539448619,-1455.43063560687,0.0830000000003108));
#4700=CARTESIAN_POINT('',(905.174539448619,-1455.43063560687,-2.22044604925031E-16));
#4701=CARTESIAN_POINT('',(905.174539448619,-1455.43063560687,1.));
#4702=CARTESIAN_POINT('',(905.174539448619,-1455.43063560687,0.916999999999689));
#4703=CARTESIAN_POINT('',(885.330789448629,-1454.17993447183,2.27151630838307E-13));
#4704=CARTESIAN_POINT('',(885.299539448629,-1454.17993447183,2.27151630838307E-13));
#4705=CARTESIAN_POINT('',(885.362039448629,-1454.17993447183,2.27151630838307E-13));
#4706=CARTESIAN_POINT('',(885.330789448629,-1454.17993447183,0.999999999999772));
#4707=CARTESIAN_POINT('',(885.299539448629,-1454.17993447183,0.999999999999772));
#4708=CARTESIAN_POINT('',(885.36203944863,-1454.17993447183,0.999999999999772));
#4709=CARTESIAN_POINT('',(885.330789448629,-1454.17993447183,0.0830000000000835));
#4710=CARTESIAN_POINT('',(885.299539448629,-1454.17993447183,0.0830000000000835));
#4711=CARTESIAN_POINT('',(885.362039448629,-1454.17993447183,0.0830000000000835));
#4712=CARTESIAN_POINT('',(885.330789448629,-1454.17993447183,0.916999999999689));
#4713=CARTESIAN_POINT('',(885.299539448629,-1454.17993447183,0.916999999999689));
#4714=CARTESIAN_POINT('',(885.362039448629,-1454.17993447183,0.916999999999689));
#4715=CARTESIAN_POINT('',(885.299539448629,-1454.17993447183,0.0830000000003108));
#4716=CARTESIAN_POINT('',(885.299539448629,-1454.17993447183,2.27151630838307E-13));
#4717=CARTESIAN_POINT('',(885.299539448629,-1454.17993447183,0.999999999999772));
#4718=CARTESIAN_POINT('',(885.299539448629,-1454.17993447183,0.916999999999916));
#4719=CARTESIAN_POINT('',(898.205789448654,-1455.43063560687,-2.22044604925031E-16));
#4720=CARTESIAN_POINT('',(898.174539448654,-1455.43063560687,-2.22044604925031E-16));
#4721=CARTESIAN_POINT('',(898.237039448654,-1455.43063560687,-2.22044604925031E-16));
#4722=CARTESIAN_POINT('',(898.205789448654,-1455.43063560687,1.));
#4723=CARTESIAN_POINT('',(898.174539448654,-1455.43063560687,1.));
#4724=CARTESIAN_POINT('',(898.237039448654,-1455.43063560687,1.));
#4725=CARTESIAN_POINT('',(898.205789448654,-1455.43063560687,0.0830000000000834));
#4726=CARTESIAN_POINT('',(898.174539448654,-1455.43063560687,0.0830000000000835));
#4727=CARTESIAN_POINT('',(898.237039448654,-1455.43063560687,0.0830000000000834));
#4728=CARTESIAN_POINT('',(898.205789448655,-1455.43063560687,0.916999999999689));
#4729=CARTESIAN_POINT('',(898.174539448654,-1455.43063560687,0.916999999999689));
#4730=CARTESIAN_POINT('',(898.237039448655,-1455.43063560687,0.916999999999689));
#4731=CARTESIAN_POINT('',(898.174539448654,-1455.43063560687,0.0830000000000835));
#4732=CARTESIAN_POINT('',(898.174539448654,-1455.43063560687,-2.22044604925031E-16));
#4733=CARTESIAN_POINT('',(898.174539448654,-1455.43063560687,1.));
#4734=CARTESIAN_POINT('',(898.174539448654,-1455.43063560687,0.916999999999916));
#4735=CARTESIAN_POINT('',(898.205789448654,-1454.17993447183,2.27151630838307E-13));
#4736=CARTESIAN_POINT('',(898.174539448654,-1454.17993447183,2.27151630838307E-13));
#4737=CARTESIAN_POINT('',(898.237039448654,-1454.17993447183,2.27151630838307E-13));
#4738=CARTESIAN_POINT('',(898.205789448654,-1454.17993447183,1.));
#4739=CARTESIAN_POINT('',(898.174539448654,-1454.17993447183,1.));
#4740=CARTESIAN_POINT('',(898.237039448654,-1454.17993447183,1.));
#4741=CARTESIAN_POINT('',(898.205789448654,-1454.17993447183,0.0830000000000835));
#4742=CARTESIAN_POINT('',(898.174539448654,-1454.17993447183,0.0830000000000835));
#4743=CARTESIAN_POINT('',(898.237039448655,-1454.17993447183,0.0830000000000835));
#4744=CARTESIAN_POINT('',(898.205789448654,-1454.17993447183,0.916999999999689));
#4745=CARTESIAN_POINT('',(898.174539448654,-1454.17993447183,0.916999999999689));
#4746=CARTESIAN_POINT('',(898.237039448655,-1454.17993447183,0.916999999999689));
#4747=CARTESIAN_POINT('',(898.174539448654,-1454.17993447183,0.0830000000003108));
#4748=CARTESIAN_POINT('',(898.174539448654,-1454.17993447183,2.27151630838307E-13));
#4749=CARTESIAN_POINT('',(898.174539448654,-1454.17993447183,1.));
#4750=CARTESIAN_POINT('',(898.174539448654,-1454.17993447183,0.916999999999689));
#4751=CARTESIAN_POINT('',(872.455789448645,-1454.17993447183,2.27151630838307E-13));
#4752=CARTESIAN_POINT('',(872.424539448645,-1454.17993447183,2.27151630838307E-13));
#4753=CARTESIAN_POINT('',(872.487039448645,-1454.17993447183,2.27151630838307E-13));
#4754=CARTESIAN_POINT('',(872.455789448646,-1454.17993447183,0.999999999999772));
#4755=CARTESIAN_POINT('',(872.424539448645,-1454.17993447183,0.999999999999772));
#4756=CARTESIAN_POINT('',(872.487039448646,-1454.17993447183,0.999999999999772));
#4757=CARTESIAN_POINT('',(872.455789448646,-1454.17993447183,0.0830000000000835));
#4758=CARTESIAN_POINT('',(872.424539448645,-1454.17993447183,0.0830000000000835));
#4759=CARTESIAN_POINT('',(872.487039448646,-1454.17993447183,0.0830000000000835));
#4760=CARTESIAN_POINT('',(872.455789448645,-1454.17993447183,0.916999999999689));
#4761=CARTESIAN_POINT('',(872.424539448645,-1454.17993447183,0.916999999999689));
#4762=CARTESIAN_POINT('',(872.487039448645,-1454.17993447183,0.916999999999689));
#4763=CARTESIAN_POINT('',(872.424539448645,-1454.17993447183,0.0830000000003108));
#4764=CARTESIAN_POINT('',(872.424539448645,-1454.17993447183,2.27151630838307E-13));
#4765=CARTESIAN_POINT('',(872.424539448645,-1454.17993447183,0.999999999999772));
#4766=CARTESIAN_POINT('',(872.424539448645,-1454.17993447183,0.916999999999689));
#4767=CARTESIAN_POINT('',(872.455789448645,-1455.43063560687,-2.22044604925031E-16));
#4768=CARTESIAN_POINT('',(872.424539448645,-1455.43063560687,-2.22044604925031E-16));
#4769=CARTESIAN_POINT('',(872.487039448645,-1455.43063560687,-2.22044604925031E-16));
#4770=CARTESIAN_POINT('',(872.455789448645,-1455.43063560687,0.999999999999772));
#4771=CARTESIAN_POINT('',(872.424539448645,-1455.43063560687,0.999999999999772));
#4772=CARTESIAN_POINT('',(872.487039448645,-1455.43063560687,0.999999999999772));
#4773=CARTESIAN_POINT('',(872.455789448645,-1455.43063560687,0.0830000000000834));
#4774=CARTESIAN_POINT('',(872.424539448645,-1455.43063560687,0.0830000000000835));
#4775=CARTESIAN_POINT('',(872.487039448645,-1455.43063560687,0.0830000000000834));
#4776=CARTESIAN_POINT('',(872.455789448645,-1455.43063560687,0.916999999999689));
#4777=CARTESIAN_POINT('',(872.424539448645,-1455.43063560687,0.916999999999689));
#4778=CARTESIAN_POINT('',(872.487039448645,-1455.43063560687,0.916999999999689));
#4779=CARTESIAN_POINT('',(872.424539448645,-1455.43063560687,0.0830000000000835));
#4780=CARTESIAN_POINT('',(872.424539448645,-1455.43063560687,-2.22044604925031E-16));
#4781=CARTESIAN_POINT('',(872.424539448645,-1455.43063560687,0.999999999999772));
#4782=CARTESIAN_POINT('',(872.424539448645,-1455.43063560687,0.916999999999916));
#4783=CARTESIAN_POINT('',(885.330789448629,-1455.43063560687,2.27151630838307E-13));
#4784=CARTESIAN_POINT('',(885.299539448629,-1455.43063560687,2.27151630838307E-13));
#4785=CARTESIAN_POINT('',(885.362039448629,-1455.43063560687,2.27151630838307E-13));
#4786=CARTESIAN_POINT('',(885.330789448629,-1455.43063560687,0.999999999999772));
#4787=CARTESIAN_POINT('',(885.299539448629,-1455.43063560687,0.999999999999772));
#4788=CARTESIAN_POINT('',(885.362039448628,-1455.43063560687,0.999999999999772));
#4789=CARTESIAN_POINT('',(885.330789448629,-1455.43063560687,0.0830000000000834));
#4790=CARTESIAN_POINT('',(885.299539448629,-1455.43063560687,0.0830000000000835));
#4791=CARTESIAN_POINT('',(885.362039448628,-1455.43063560687,0.0830000000000834));
#4792=CARTESIAN_POINT('',(885.330789448629,-1455.43063560687,0.916999999999689));
#4793=CARTESIAN_POINT('',(885.299539448629,-1455.43063560687,0.916999999999689));
#4794=CARTESIAN_POINT('',(885.362039448629,-1455.43063560687,0.916999999999689));
#4795=CARTESIAN_POINT('',(885.299539448629,-1455.43063560687,0.0830000000000835));
#4796=CARTESIAN_POINT('',(885.299539448629,-1455.43063560687,-2.22044604925031E-16));
#4797=CARTESIAN_POINT('',(885.299539448629,-1455.43063560687,1.));
#4798=CARTESIAN_POINT('',(885.299539448629,-1455.43063560687,0.916999999999689));
#4799=CARTESIAN_POINT('',(901.99778944859,-1453.80528503935,3.40838468560219E-13));
#4800=CARTESIAN_POINT('',(902.12278944859,-1453.80528503935,2.27151630838307E-13));
#4801=CARTESIAN_POINT('',(901.87278944859,-1453.80528503935,4.54525306281718E-13));
#4802=CARTESIAN_POINT('',(901.87278944859,-1453.80528503935,4.54525306281539E-13));
#4803=CARTESIAN_POINT('',(901.87278944859,-1455.80528503935,-2.27595720048157E-13));
#4804=CARTESIAN_POINT('',(901.99778944859,-1455.80528503935,-2.27595720048157E-13));
#4805=CARTESIAN_POINT('',(901.87278944859,-1455.80528503935,-2.27595720048157E-13));
#4806=CARTESIAN_POINT('',(902.122789448591,-1455.80528503935,-2.27595720048157E-13));
#4807=CARTESIAN_POINT('',(902.12278944859,-1455.80528503935,-2.27595720048157E-13));
#4808=CARTESIAN_POINT('',(902.12278944859,-1453.80528503935,2.27151630838307E-13));
#4809=CARTESIAN_POINT('',(901.99778944859,-1453.80528503935,0.999999999999886));
#4810=CARTESIAN_POINT('',(901.87278944859,-1453.80528503935,0.999999999999772));
#4811=CARTESIAN_POINT('',(902.12278944859,-1453.80528503935,1.));
#4812=CARTESIAN_POINT('',(901.87278944859,-1455.80528503935,0.999999999999772));
#4813=CARTESIAN_POINT('',(901.87278944859,-1453.80528503935,0.999999999999772));
#4814=CARTESIAN_POINT('',(901.99778944859,-1455.80528503935,0.999999999999772));
#4815=CARTESIAN_POINT('',(902.12278944859,-1455.80528503935,0.999999999999772));
#4816=CARTESIAN_POINT('',(901.872789448591,-1455.80528503935,0.999999999999772));
#4817=CARTESIAN_POINT('',(902.12278944859,-1453.80528503935,1.));
#4818=CARTESIAN_POINT('',(902.12278944859,-1455.80528503935,0.999999999999772));
#4819=CARTESIAN_POINT('',(901.99778944859,-1453.80528503935,0.0830000000003108));
#4820=CARTESIAN_POINT('',(902.12278944859,-1453.80528503935,0.0830000000003108));
#4821=CARTESIAN_POINT('',(901.87278944859,-1453.80528503935,0.0830000000003108));
#4822=CARTESIAN_POINT('',(901.87278944859,-1453.80528503935,0.0830000000003108));
#4823=CARTESIAN_POINT('',(901.87278944859,-1455.80528503935,0.0830000000000835));
#4824=CARTESIAN_POINT('',(901.99778944859,-1455.80528503935,0.0830000000000835));
#4825=CARTESIAN_POINT('',(901.87278944859,-1455.80528503935,0.0830000000000835));
#4826=CARTESIAN_POINT('',(902.122789448591,-1455.80528503935,0.0830000000000835));
#4827=CARTESIAN_POINT('',(902.12278944859,-1455.80528503935,0.0830000000000835));
#4828=CARTESIAN_POINT('',(902.12278944859,-1453.80528503935,0.0830000000003108));
#4829=CARTESIAN_POINT('',(901.99778944859,-1453.80528503935,0.916999999999802));
#4830=CARTESIAN_POINT('',(901.87278944859,-1453.80528503935,0.916999999999916));
#4831=CARTESIAN_POINT('',(902.12278944859,-1453.80528503935,0.916999999999689));
#4832=CARTESIAN_POINT('',(901.87278944859,-1455.80528503935,0.916999999999689));
#4833=CARTESIAN_POINT('',(901.87278944859,-1453.80528503935,0.916999999999916));
#4834=CARTESIAN_POINT('',(901.99778944859,-1455.80528503935,0.916999999999802));
#4835=CARTESIAN_POINT('',(902.12278944859,-1455.80528503935,0.916999999999916));
#4836=CARTESIAN_POINT('',(901.872789448591,-1455.80528503935,0.916999999999689));
#4837=CARTESIAN_POINT('',(902.12278944859,-1453.80528503935,0.916999999999689));
#4838=CARTESIAN_POINT('',(902.12278944859,-1455.80528503935,0.916999999999916));
#4839=CARTESIAN_POINT('',(901.87278944859,-1453.80528503935,0.916999999999916));
#4840=CARTESIAN_POINT('',(901.87278944859,-1453.80528503935,0.999999999999772));
#4841=CARTESIAN_POINT('',(901.87278944859,-1453.80528503935,4.54525306281539E-13));
#4842=CARTESIAN_POINT('',(901.87278944859,-1453.80528503935,0.0830000000003108));
#4843=CARTESIAN_POINT('',(902.12278944859,-1453.80528503935,0.916999999999689));
#4844=CARTESIAN_POINT('',(902.12278944859,-1453.80528503935,1.));
#4845=CARTESIAN_POINT('',(902.12278944859,-1453.80528503935,2.27151630838307E-13));
#4846=CARTESIAN_POINT('',(902.12278944859,-1453.80528503935,0.0830000000003108));
#4847=CARTESIAN_POINT('',(901.87278944859,-1455.80528503935,0.916999999999689));
#4848=CARTESIAN_POINT('',(901.87278944859,-1455.80528503935,0.999999999999772));
#4849=CARTESIAN_POINT('',(901.87278944859,-1455.80528503935,-2.27595720048157E-13));
#4850=CARTESIAN_POINT('',(901.87278944859,-1455.80528503935,0.0830000000000835));
#4851=CARTESIAN_POINT('',(902.12278944859,-1455.80528503935,0.916999999999916));
#4852=CARTESIAN_POINT('',(902.12278944859,-1455.80528503935,0.999999999999772));
#4853=CARTESIAN_POINT('',(902.12278944859,-1455.80528503935,-2.27595720048157E-13));
#4854=CARTESIAN_POINT('',(902.12278944859,-1455.80528503935,0.0830000000000835));
#4855=CARTESIAN_POINT('',(869.247789448599,-1453.80528503935,3.40838468559923E-13));
#4856=CARTESIAN_POINT('',(869.372789448599,-1453.80528503935,4.54525306281539E-13));
#4857=CARTESIAN_POINT('',(869.122789448599,-1453.80528503935,2.27151630838307E-13));
#4858=CARTESIAN_POINT('',(869.122789448599,-1453.80528503935,2.27151630838307E-13));
#4859=CARTESIAN_POINT('',(869.122789448599,-1455.80528503935,-2.27595720048157E-13));
#4860=CARTESIAN_POINT('',(869.247789448599,-1455.80528503935,-2.27595720048157E-13));
#4861=CARTESIAN_POINT('',(869.122789448599,-1455.80528503935,-2.27595720048157E-13));
#4862=CARTESIAN_POINT('',(869.372789448599,-1455.80528503935,-2.27595720048157E-13));
#4863=CARTESIAN_POINT('',(869.372789448599,-1455.80528503935,-2.27595720048157E-13));
#4864=CARTESIAN_POINT('',(869.372789448599,-1453.80528503935,4.54525306281539E-13));
#4865=CARTESIAN_POINT('',(869.247789448599,-1453.80528503935,0.999999999999886));
#4866=CARTESIAN_POINT('',(869.122789448599,-1453.80528503935,1.));
#4867=CARTESIAN_POINT('',(869.372789448599,-1453.80528503935,0.999999999999772));
#4868=CARTESIAN_POINT('',(869.122789448599,-1455.80528503935,1.));
#4869=CARTESIAN_POINT('',(869.122789448599,-1453.80528503935,1.));
#4870=CARTESIAN_POINT('',(869.247789448599,-1455.80528503935,0.999999999999886));
#4871=CARTESIAN_POINT('',(869.372789448599,-1455.80528503935,0.999999999999772));
#4872=CARTESIAN_POINT('',(869.122789448599,-1455.80528503935,1.));
#4873=CARTESIAN_POINT('',(869.372789448599,-1453.80528503935,0.999999999999772));
#4874=CARTESIAN_POINT('',(869.372789448599,-1455.80528503935,0.999999999999772));
#4875=CARTESIAN_POINT('',(869.247789448599,-1453.80528503935,0.0830000000003108));
#4876=CARTESIAN_POINT('',(869.372789448599,-1453.80528503935,0.0830000000003108));
#4877=CARTESIAN_POINT('',(869.122789448599,-1453.80528503935,0.0830000000003108));
#4878=CARTESIAN_POINT('',(869.122789448599,-1453.80528503935,0.0830000000003108));
#4879=CARTESIAN_POINT('',(869.122789448599,-1455.80528503935,0.0830000000000835));
#4880=CARTESIAN_POINT('',(869.247789448599,-1455.80528503935,0.0830000000000835));
#4881=CARTESIAN_POINT('',(869.122789448599,-1455.80528503935,0.0830000000000835));
#4882=CARTESIAN_POINT('',(869.372789448599,-1455.80528503935,0.0830000000000835));
#4883=CARTESIAN_POINT('',(869.372789448599,-1455.80528503935,0.0830000000000835));
#4884=CARTESIAN_POINT('',(869.372789448599,-1453.80528503935,0.0830000000003108));
#4885=CARTESIAN_POINT('',(869.247789448599,-1453.80528503935,0.916999999999802));
#4886=CARTESIAN_POINT('',(869.122789448599,-1453.80528503935,0.916999999999689));
#4887=CARTESIAN_POINT('',(869.372789448599,-1453.80528503935,0.916999999999916));
#4888=CARTESIAN_POINT('',(869.122789448599,-1455.80528503935,0.916999999999916));
#4889=CARTESIAN_POINT('',(869.122789448599,-1453.80528503935,0.916999999999689));
#4890=CARTESIAN_POINT('',(869.247789448599,-1455.80528503935,0.916999999999802));
#4891=CARTESIAN_POINT('',(869.372789448599,-1455.80528503935,0.916999999999689));
#4892=CARTESIAN_POINT('',(869.122789448599,-1455.80528503935,0.916999999999916));
#4893=CARTESIAN_POINT('',(869.372789448599,-1453.80528503935,0.916999999999916));
#4894=CARTESIAN_POINT('',(869.372789448599,-1455.80528503935,0.916999999999689));
#4895=CARTESIAN_POINT('',(869.122789448599,-1453.80528503935,0.916999999999689));
#4896=CARTESIAN_POINT('',(869.122789448599,-1453.80528503935,1.));
#4897=CARTESIAN_POINT('',(869.122789448599,-1453.80528503935,2.27151630838307E-13));
#4898=CARTESIAN_POINT('',(869.122789448599,-1453.80528503935,0.0830000000003108));
#4899=CARTESIAN_POINT('',(869.372789448599,-1453.80528503935,0.916999999999916));
#4900=CARTESIAN_POINT('',(869.372789448599,-1453.80528503935,0.999999999999772));
#4901=CARTESIAN_POINT('',(869.372789448599,-1453.80528503935,4.54525306281539E-13));
#4902=CARTESIAN_POINT('',(869.372789448599,-1453.80528503935,0.0830000000003108));
#4903=CARTESIAN_POINT('',(869.122789448599,-1455.80528503935,0.916999999999916));
#4904=CARTESIAN_POINT('',(869.122789448599,-1455.80528503935,1.));
#4905=CARTESIAN_POINT('',(869.122789448599,-1455.80528503935,-2.27595720048157E-13));
#4906=CARTESIAN_POINT('',(869.122789448599,-1455.80528503935,0.0830000000000835));
#4907=CARTESIAN_POINT('',(869.372789448599,-1455.80528503935,0.916999999999689));
#4908=CARTESIAN_POINT('',(869.372789448599,-1455.80528503935,0.999999999999772));
#4909=CARTESIAN_POINT('',(869.372789448599,-1455.80528503935,-2.27595720048157E-13));
#4910=CARTESIAN_POINT('',(869.372789448599,-1455.80528503935,0.0830000000000835));
#4911=CARTESIAN_POINT('',(870.955777525331,-1454.80528503936,-8.88178419700125E-16));
#4912=CARTESIAN_POINT('',(871.030777525331,-1454.80528503936,-8.88178419700125E-16));
#4913=CARTESIAN_POINT('',(870.880777525331,-1454.80528503936,-8.88178419700125E-16));
#4914=CARTESIAN_POINT('',(870.955777525331,-1454.80528503936,0.999999999999773));
#4915=CARTESIAN_POINT('',(871.030777525331,-1454.80528503936,0.999999999999773));
#4916=CARTESIAN_POINT('',(870.880777525331,-1454.80528503936,0.999999999999773));
#4917=CARTESIAN_POINT('',(870.955777525331,-1454.80528503936,0.0830000000000837));
#4918=CARTESIAN_POINT('',(871.030777525331,-1454.80528503936,0.0830000000000837));
#4919=CARTESIAN_POINT('',(870.880777525331,-1454.80528503936,0.0830000000000837));
#4920=CARTESIAN_POINT('',(870.955777525331,-1454.80528503936,0.916999999999689));
#4921=CARTESIAN_POINT('',(871.030777525331,-1454.80528503936,0.916999999999689));
#4922=CARTESIAN_POINT('',(870.880777525331,-1454.80528503936,0.916999999999689));
#4923=CARTESIAN_POINT('',(871.030777525331,-1454.80528503936,0.916999999999689));
#4924=CARTESIAN_POINT('',(871.030777525331,-1454.80528503936,0.999999999999772));
#4925=CARTESIAN_POINT('',(871.030777525331,-1454.80528503936,-1.11022302461569E-16));
#4926=CARTESIAN_POINT('',(871.030777525331,-1454.80528503936,0.0830000000000836));
#4927=CARTESIAN_POINT('',(965.205801371988,-1454.80528503936,-8.88178419700125E-16));
#4928=CARTESIAN_POINT('',(965.130801371988,-1454.80528503936,-8.88178419700125E-16));
#4929=CARTESIAN_POINT('',(965.280801371988,-1454.80528503936,-8.88178419700125E-16));
#4930=CARTESIAN_POINT('',(965.205801371988,-1454.80528503936,0.999999999999773));
#4931=CARTESIAN_POINT('',(965.130801371988,-1454.80528503936,0.999999999999773));
#4932=CARTESIAN_POINT('',(965.280801371988,-1454.80528503936,0.999999999999773));
#4933=CARTESIAN_POINT('',(965.205801371988,-1454.80528503936,0.0830000000000837));
#4934=CARTESIAN_POINT('',(965.130801371988,-1454.80528503936,0.0830000000000837));
#4935=CARTESIAN_POINT('',(965.280801371988,-1454.80528503936,0.0830000000000837));
#4936=CARTESIAN_POINT('',(965.205801371988,-1454.80528503936,0.916999999999689));
#4937=CARTESIAN_POINT('',(965.130801371988,-1454.80528503936,0.916999999999689));
#4938=CARTESIAN_POINT('',(965.280801371988,-1454.80528503936,0.916999999999689));
#4939=CARTESIAN_POINT('',(965.130801371988,-1454.80528503936,0.916999999999689));
#4940=CARTESIAN_POINT('',(965.130801371987,-1454.80528503936,0.999999999999772));
#4941=CARTESIAN_POINT('',(965.130801371988,-1454.80528503936,-5.55111512276001E-16));
#4942=CARTESIAN_POINT('',(965.130801371987,-1454.80528503936,0.0830000000000831));
#4943=CARTESIAN_POINT('',(950.862039448629,-1455.43063560687,0.0830000000001979));
#4944=CARTESIAN_POINT('',(950.862039448629,-1455.43063560687,-5.91834126331933E-16));
#4945=CARTESIAN_POINT('',(950.830789448629,-1455.43063560687,-2.22044604925031E-16));
#4946=CARTESIAN_POINT('',(950.862039448629,-1455.43063560687,-2.22044604925031E-16));
#4947=CARTESIAN_POINT('',(950.79953944863,-1455.43063560687,-2.22044604925031E-16));
#4948=CARTESIAN_POINT('',(950.830789448629,-1455.43063560687,0.0830000000000835));
#4949=CARTESIAN_POINT('',(950.862039448629,-1455.43063560687,0.0830000000000835));
#4950=CARTESIAN_POINT('',(950.79953944863,-1455.43063560687,0.0830000000000835));
#4951=CARTESIAN_POINT('',(950.862039448629,-1455.43063560687,0.999999999999888));
#4952=CARTESIAN_POINT('',(950.862039448629,-1455.43063560687,0.91700000000003));
#4953=CARTESIAN_POINT('',(950.830789448629,-1455.43063560687,0.999999999999772));
#4954=CARTESIAN_POINT('',(950.862039448629,-1455.43063560687,0.999999999999772));
#4955=CARTESIAN_POINT('',(950.799539448629,-1455.43063560687,0.999999999999772));
#4956=CARTESIAN_POINT('',(950.830789448629,-1455.43063560687,0.916999999999689));
#4957=CARTESIAN_POINT('',(950.862039448629,-1455.43063560687,0.916999999999689));
#4958=CARTESIAN_POINT('',(950.799539448629,-1455.43063560687,0.916999999999689));
#4959=CARTESIAN_POINT('',(950.862039448629,-1454.17993447183,0.0830000000004247));
#4960=CARTESIAN_POINT('',(950.862039448629,-1454.17993447183,2.2569740815818E-13));
#4961=CARTESIAN_POINT('',(950.830789448629,-1454.17993447183,2.27151630838307E-13));
#4962=CARTESIAN_POINT('',(950.862039448629,-1454.17993447183,2.27151630838307E-13));
#4963=CARTESIAN_POINT('',(950.799539448629,-1454.17993447183,2.27151630838307E-13));
#4964=CARTESIAN_POINT('',(950.830789448629,-1454.17993447183,0.0830000000003108));
#4965=CARTESIAN_POINT('',(950.86203944863,-1454.17993447183,0.0830000000003108));
#4966=CARTESIAN_POINT('',(950.799539448629,-1454.17993447183,0.0830000000003108));
#4967=CARTESIAN_POINT('',(950.862039448629,-1454.17993447183,0.999999999999887));
#4968=CARTESIAN_POINT('',(950.862039448629,-1454.17993447183,0.916999999999916));
#4969=CARTESIAN_POINT('',(950.830789448629,-1454.17993447183,1.));
#4970=CARTESIAN_POINT('',(950.862039448629,-1454.17993447183,1.));
#4971=CARTESIAN_POINT('',(950.799539448629,-1454.17993447183,1.));
#4972=CARTESIAN_POINT('',(950.830789448629,-1454.17993447183,0.916999999999689));
#4973=CARTESIAN_POINT('',(950.862039448629,-1454.17993447183,0.916999999999689));
#4974=CARTESIAN_POINT('',(950.799539448629,-1454.17993447183,0.916999999999689));
#4975=CARTESIAN_POINT('',(937.987039448646,-1454.17993447183,0.0830000000003113));
#4976=CARTESIAN_POINT('',(937.987039448646,-1454.17993447183,2.26197232489006E-13));
#4977=CARTESIAN_POINT('',(937.955789448646,-1454.17993447183,2.27151630838307E-13));
#4978=CARTESIAN_POINT('',(937.987039448646,-1454.17993447183,2.27151630838307E-13));
#4979=CARTESIAN_POINT('',(937.924539448646,-1454.17993447183,2.27151630838307E-13));
#4980=CARTESIAN_POINT('',(937.955789448646,-1454.17993447183,0.0830000000000835));
#4981=CARTESIAN_POINT('',(937.987039448646,-1454.17993447183,0.0830000000000835));
#4982=CARTESIAN_POINT('',(937.924539448646,-1454.17993447183,0.0830000000000835));
#4983=CARTESIAN_POINT('',(937.987039448646,-1454.17993447183,0.999999999999886));
#4984=CARTESIAN_POINT('',(937.987039448646,-1454.17993447183,0.916999999999689));
#4985=CARTESIAN_POINT('',(937.955789448646,-1454.17993447183,1.));
#4986=CARTESIAN_POINT('',(937.987039448646,-1454.17993447183,1.));
#4987=CARTESIAN_POINT('',(937.924539448646,-1454.17993447183,1.));
#4988=CARTESIAN_POINT('',(937.955789448646,-1454.17993447183,0.916999999999689));
#4989=CARTESIAN_POINT('',(937.987039448646,-1454.17993447183,0.916999999999689));
#4990=CARTESIAN_POINT('',(937.924539448646,-1454.17993447183,0.916999999999689));
#4991=CARTESIAN_POINT('',(963.737039448655,-1455.43063560687,0.0830000000004259));
#4992=CARTESIAN_POINT('',(963.737039448655,-1455.43063560687,2.26197232489006E-13));
#4993=CARTESIAN_POINT('',(963.705789448655,-1455.43063560687,-2.22044604924972E-16));
#4994=CARTESIAN_POINT('',(963.737039448655,-1455.43063560687,-2.22044604924913E-16));
#4995=CARTESIAN_POINT('',(963.674539448655,-1455.43063560687,-2.22044604925031E-16));
#4996=CARTESIAN_POINT('',(963.705789448655,-1455.43063560687,0.0830000000000835));
#4997=CARTESIAN_POINT('',(963.737039448655,-1455.43063560687,0.0830000000000835));
#4998=CARTESIAN_POINT('',(963.674539448655,-1455.43063560687,0.0830000000000835));
#4999=CARTESIAN_POINT('',(963.737039448655,-1455.43063560687,0.999999999999886));
#5000=CARTESIAN_POINT('',(963.737039448655,-1455.43063560687,0.916999999999804));
#5001=CARTESIAN_POINT('',(963.705789448655,-1455.43063560687,0.999999999999772));
#5002=CARTESIAN_POINT('',(963.737039448655,-1455.43063560687,0.999999999999772));
#5003=CARTESIAN_POINT('',(963.674539448655,-1455.43063560687,0.999999999999772));
#5004=CARTESIAN_POINT('',(963.705789448655,-1455.43063560687,0.916999999999689));
#5005=CARTESIAN_POINT('',(963.737039448655,-1455.43063560687,0.916999999999689));
#5006=CARTESIAN_POINT('',(963.674539448654,-1455.43063560687,0.916999999999689));
#5007=CARTESIAN_POINT('',(963.737039448655,-1454.17993447183,0.0830000000003118));
#5008=CARTESIAN_POINT('',(963.737039448655,-1454.17993447183,1.12802699181337E-13));
#5009=CARTESIAN_POINT('',(963.705789448655,-1454.17993447183,2.27151630838307E-13));
#5010=CARTESIAN_POINT('',(963.737039448655,-1454.17993447183,2.27151630838307E-13));
#5011=CARTESIAN_POINT('',(963.674539448655,-1454.17993447183,2.27151630838307E-13));
#5012=CARTESIAN_POINT('',(963.705789448655,-1454.17993447183,0.0830000000003108));
#5013=CARTESIAN_POINT('',(963.737039448655,-1454.17993447183,0.0830000000003108));
#5014=CARTESIAN_POINT('',(963.674539448655,-1454.17993447183,0.0830000000003108));
#5015=CARTESIAN_POINT('',(963.737039448655,-1454.17993447183,0.999999999999886));
#5016=CARTESIAN_POINT('',(963.737039448655,-1454.17993447183,0.916999999999916));
#5017=CARTESIAN_POINT('',(963.705789448655,-1454.17993447183,1.));
#5018=CARTESIAN_POINT('',(963.737039448655,-1454.17993447183,1.));
#5019=CARTESIAN_POINT('',(963.674539448655,-1454.17993447183,1.));
#5020=CARTESIAN_POINT('',(963.705789448655,-1454.17993447183,0.916999999999689));
#5021=CARTESIAN_POINT('',(963.737039448655,-1454.17993447183,0.916999999999689));
#5022=CARTESIAN_POINT('',(963.674539448655,-1454.17993447183,0.916999999999689));
#5023=CARTESIAN_POINT('',(937.987039448646,-1455.43063560687,0.0830000000003113));
#5024=CARTESIAN_POINT('',(937.987039448646,-1455.43063560687,1.12802699181337E-13));
#5025=CARTESIAN_POINT('',(937.955789448646,-1455.43063560687,-2.22044604925031E-16));
#5026=CARTESIAN_POINT('',(937.987039448646,-1455.43063560687,-2.22044604925031E-16));
#5027=CARTESIAN_POINT('',(937.924539448646,-1455.43063560687,-2.22044604925031E-16));
#5028=CARTESIAN_POINT('',(937.955789448646,-1455.43063560687,0.0830000000000835));
#5029=CARTESIAN_POINT('',(937.987039448646,-1455.43063560687,0.0830000000000835));
#5030=CARTESIAN_POINT('',(937.924539448646,-1455.43063560687,0.0830000000000835));
#5031=CARTESIAN_POINT('',(937.987039448646,-1455.43063560687,0.999999999999887));
#5032=CARTESIAN_POINT('',(937.987039448646,-1455.43063560687,0.916999999999803));
#5033=CARTESIAN_POINT('',(937.955789448646,-1455.43063560687,0.999999999999772));
#5034=CARTESIAN_POINT('',(937.987039448646,-1455.43063560687,0.999999999999772));
#5035=CARTESIAN_POINT('',(937.924539448646,-1455.43063560687,0.999999999999772));
#5036=CARTESIAN_POINT('',(937.955789448646,-1455.43063560687,0.916999999999689));
#5037=CARTESIAN_POINT('',(937.987039448646,-1455.43063560687,0.916999999999689));
#5038=CARTESIAN_POINT('',(937.924539448646,-1455.43063560687,0.916999999999689));
#5039=CARTESIAN_POINT('',(930.987039448628,-1455.43063560687,0.0830000000001991));
#5040=CARTESIAN_POINT('',(930.987039448628,-1455.43063560687,2.26197232489006E-13));
#5041=CARTESIAN_POINT('',(930.955789448628,-1455.43063560687,-2.22044604925031E-16));
#5042=CARTESIAN_POINT('',(930.987039448628,-1455.43063560687,-2.22044604925031E-16));
#5043=CARTESIAN_POINT('',(930.924539448628,-1455.43063560687,-2.22044604925031E-16));
#5044=CARTESIAN_POINT('',(930.955789448628,-1455.43063560687,0.0830000000000835));
#5045=CARTESIAN_POINT('',(930.987039448628,-1455.43063560687,0.0830000000000834));
#5046=CARTESIAN_POINT('',(930.924539448628,-1455.43063560687,0.0830000000000835));
#5047=CARTESIAN_POINT('',(930.987039448628,-1455.43063560687,1.00000000000012));
#5048=CARTESIAN_POINT('',(930.987039448628,-1455.43063560687,0.916999999999803));
#5049=CARTESIAN_POINT('',(930.955789448628,-1455.43063560687,0.999999999999772));
#5050=CARTESIAN_POINT('',(930.987039448628,-1455.43063560687,0.999999999999772));
#5051=CARTESIAN_POINT('',(930.924539448628,-1455.43063560687,0.999999999999772));
#5052=CARTESIAN_POINT('',(930.955789448628,-1455.43063560687,0.916999999999689));
#5053=CARTESIAN_POINT('',(930.987039448628,-1455.43063560687,0.916999999999689));
#5054=CARTESIAN_POINT('',(930.924539448628,-1455.43063560687,0.916999999999689));
#5055=CARTESIAN_POINT('',(930.987039448628,-1454.17993447183,0.0830000000004259));
#5056=CARTESIAN_POINT('',(930.987039448628,-1454.17993447183,3.40313634732425E-13));
#5057=CARTESIAN_POINT('',(930.955789448628,-1454.17993447183,2.27151630838307E-13));
#5058=CARTESIAN_POINT('',(930.987039448628,-1454.17993447183,2.27151630838307E-13));
#5059=CARTESIAN_POINT('',(930.924539448628,-1454.17993447183,2.27151630838307E-13));
#5060=CARTESIAN_POINT('',(930.955789448628,-1454.17993447183,0.0830000000003108));
#5061=CARTESIAN_POINT('',(930.987039448628,-1454.17993447183,0.0830000000003108));
#5062=CARTESIAN_POINT('',(930.924539448628,-1454.17993447183,0.0830000000003108));
#5063=CARTESIAN_POINT('',(930.987039448628,-1454.17993447183,1.00000000000012));
#5064=CARTESIAN_POINT('',(930.987039448628,-1454.17993447183,0.916999999999803));
#5065=CARTESIAN_POINT('',(930.955789448628,-1454.17993447183,1.));
#5066=CARTESIAN_POINT('',(930.987039448628,-1454.17993447183,1.));
#5067=CARTESIAN_POINT('',(930.924539448628,-1454.17993447183,1.));
#5068=CARTESIAN_POINT('',(930.955789448628,-1454.17993447183,0.916999999999689));
#5069=CARTESIAN_POINT('',(930.987039448628,-1454.17993447183,0.916999999999689));
#5070=CARTESIAN_POINT('',(930.924539448628,-1454.17993447183,0.916999999999689));
#5071=CARTESIAN_POINT('',(918.112039448603,-1455.43063560687,0.0830000000001991));
#5072=CARTESIAN_POINT('',(918.112039448603,-1455.43063560687,2.26197232489006E-13));
#5073=CARTESIAN_POINT('',(918.080789448603,-1455.43063560687,-2.22044604925031E-16));
#5074=CARTESIAN_POINT('',(918.112039448602,-1455.43063560687,-2.22044604925031E-16));
#5075=CARTESIAN_POINT('',(918.049539448603,-1455.43063560687,-2.22044604925031E-16));
#5076=CARTESIAN_POINT('',(918.080789448602,-1455.43063560687,0.0830000000000835));
#5077=CARTESIAN_POINT('',(918.112039448602,-1455.43063560687,0.0830000000000834));
#5078=CARTESIAN_POINT('',(918.049539448602,-1455.43063560687,0.0830000000000835));
#5079=CARTESIAN_POINT('',(918.112039448602,-1455.43063560687,1.));
#5080=CARTESIAN_POINT('',(918.112039448603,-1455.43063560687,0.916999999999803));
#5081=CARTESIAN_POINT('',(918.080789448603,-1455.43063560687,1.));
#5082=CARTESIAN_POINT('',(918.112039448602,-1455.43063560687,1.));
#5083=CARTESIAN_POINT('',(918.049539448603,-1455.43063560687,1.));
#5084=CARTESIAN_POINT('',(918.080789448603,-1455.43063560687,0.916999999999689));
#5085=CARTESIAN_POINT('',(918.112039448603,-1455.43063560687,0.916999999999689));
#5086=CARTESIAN_POINT('',(918.049539448602,-1455.43063560687,0.916999999999689));
#5087=CARTESIAN_POINT('',(918.112039448603,-1454.17993447183,0.0830000000004259));
#5088=CARTESIAN_POINT('',(918.112039448603,-1454.17993447183,3.40313634732425E-13));
#5089=CARTESIAN_POINT('',(918.080789448603,-1454.17993447183,2.27151630838307E-13));
#5090=CARTESIAN_POINT('',(918.112039448602,-1454.17993447183,2.27151630838307E-13));
#5091=CARTESIAN_POINT('',(918.049539448603,-1454.17993447183,2.27151630838307E-13));
#5092=CARTESIAN_POINT('',(918.080789448603,-1454.17993447183,0.0830000000003108));
#5093=CARTESIAN_POINT('',(918.112039448603,-1454.17993447183,0.0830000000003108));
#5094=CARTESIAN_POINT('',(918.049539448602,-1454.17993447183,0.0830000000003108));
#5095=CARTESIAN_POINT('',(918.112039448603,-1454.17993447183,1.00000000000011));
#5096=CARTESIAN_POINT('',(918.112039448603,-1454.17993447183,0.916999999999916));
#5097=CARTESIAN_POINT('',(918.080789448603,-1454.17993447183,1.));
#5098=CARTESIAN_POINT('',(918.112039448602,-1454.17993447183,1.));
#5099=CARTESIAN_POINT('',(918.049539448603,-1454.17993447183,1.));
#5100=CARTESIAN_POINT('',(918.080789448603,-1454.17993447183,0.916999999999689));
#5101=CARTESIAN_POINT('',(918.112039448603,-1454.17993447183,0.916999999999689));
#5102=CARTESIAN_POINT('',(918.049539448602,-1454.17993447183,0.916999999999689));
#5103=CARTESIAN_POINT('',(905.237039448619,-1454.17993447183,0.0830000000004259));
#5104=CARTESIAN_POINT('',(905.237039448619,-1454.17993447183,3.40313634732425E-13));
#5105=CARTESIAN_POINT('',(905.205789448619,-1454.17993447183,2.27151630838307E-13));
#5106=CARTESIAN_POINT('',(905.237039448619,-1454.17993447183,2.27151630838307E-13));
#5107=CARTESIAN_POINT('',(905.174539448619,-1454.17993447183,2.27151630838307E-13));
#5108=CARTESIAN_POINT('',(905.205789448619,-1454.17993447183,0.0830000000000835));
#5109=CARTESIAN_POINT('',(905.237039448619,-1454.17993447183,0.0830000000000835));
#5110=CARTESIAN_POINT('',(905.174539448619,-1454.17993447183,0.0830000000000835));
#5111=CARTESIAN_POINT('',(905.237039448619,-1454.17993447183,1.));
#5112=CARTESIAN_POINT('',(905.237039448619,-1454.17993447183,0.916999999999916));
#5113=CARTESIAN_POINT('',(905.205789448619,-1454.17993447183,0.999999999999772));
#5114=CARTESIAN_POINT('',(905.237039448619,-1454.17993447183,0.999999999999772));
#5115=CARTESIAN_POINT('',(905.174539448619,-1454.17993447183,0.999999999999772));
#5116=CARTESIAN_POINT('',(905.205789448619,-1454.17993447183,0.916999999999689));
#5117=CARTESIAN_POINT('',(905.237039448619,-1454.17993447183,0.916999999999689));
#5118=CARTESIAN_POINT('',(905.174539448619,-1454.17993447183,0.916999999999689));
#5119=CARTESIAN_POINT('',(905.237039448619,-1455.43063560687,0.0830000000001991));
#5120=CARTESIAN_POINT('',(905.237039448619,-1455.43063560687,1.12802699181337E-13));
#5121=CARTESIAN_POINT('',(905.205789448619,-1455.43063560687,-2.22044604925012E-16));
#5122=CARTESIAN_POINT('',(905.237039448619,-1455.43063560687,-2.22044604924992E-16));
#5123=CARTESIAN_POINT('',(905.174539448619,-1455.43063560687,-2.22044604925031E-16));
#5124=CARTESIAN_POINT('',(905.205789448619,-1455.43063560687,0.0830000000000835));
#5125=CARTESIAN_POINT('',(905.237039448619,-1455.43063560687,0.0830000000000834));
#5126=CARTESIAN_POINT('',(905.174539448619,-1455.43063560687,0.0830000000000835));
#5127=CARTESIAN_POINT('',(905.237039448619,-1455.43063560687,1.00000000000011));
#5128=CARTESIAN_POINT('',(905.237039448619,-1455.43063560687,0.916999999999803));
#5129=CARTESIAN_POINT('',(905.205789448619,-1455.43063560687,1.));
#5130=CARTESIAN_POINT('',(905.237039448619,-1455.43063560687,1.));
#5131=CARTESIAN_POINT('',(905.174539448619,-1455.43063560687,1.));
#5132=CARTESIAN_POINT('',(905.205789448619,-1455.43063560687,0.916999999999689));
#5133=CARTESIAN_POINT('',(905.237039448619,-1455.43063560687,0.916999999999689));
#5134=CARTESIAN_POINT('',(905.174539448619,-1455.43063560687,0.916999999999689));
#5135=CARTESIAN_POINT('',(885.362039448629,-1454.17993447183,0.0830000000004259));
#5136=CARTESIAN_POINT('',(885.362039448629,-1454.17993447183,3.40313634732425E-13));
#5137=CARTESIAN_POINT('',(885.330789448629,-1454.17993447183,2.27151630838307E-13));
#5138=CARTESIAN_POINT('',(885.362039448629,-1454.17993447183,2.27151630838307E-13));
#5139=CARTESIAN_POINT('',(885.299539448629,-1454.17993447183,2.27151630838307E-13));
#5140=CARTESIAN_POINT('',(885.330789448629,-1454.17993447183,0.0830000000000835));
#5141=CARTESIAN_POINT('',(885.362039448629,-1454.17993447183,0.0830000000000835));
#5142=CARTESIAN_POINT('',(885.299539448628,-1454.17993447183,0.0830000000000835));
#5143=CARTESIAN_POINT('',(885.362039448629,-1454.17993447183,1.));
#5144=CARTESIAN_POINT('',(885.362039448629,-1454.17993447183,0.916999999999916));
#5145=CARTESIAN_POINT('',(885.330789448629,-1454.17993447183,0.999999999999772));
#5146=CARTESIAN_POINT('',(885.362039448629,-1454.17993447183,0.999999999999772));
#5147=CARTESIAN_POINT('',(885.299539448629,-1454.17993447183,0.999999999999772));
#5148=CARTESIAN_POINT('',(885.330789448629,-1454.17993447183,0.916999999999689));
#5149=CARTESIAN_POINT('',(885.362039448629,-1454.17993447183,0.916999999999689));
#5150=CARTESIAN_POINT('',(885.299539448628,-1454.17993447183,0.916999999999689));
#5151=CARTESIAN_POINT('',(898.237039448655,-1455.43063560687,0.0830000000001991));
#5152=CARTESIAN_POINT('',(898.237039448654,-1455.43063560687,1.12802699181337E-13));
#5153=CARTESIAN_POINT('',(898.205789448654,-1455.43063560687,-2.22044604925031E-16));
#5154=CARTESIAN_POINT('',(898.237039448654,-1455.43063560687,-2.22044604925031E-16));
#5155=CARTESIAN_POINT('',(898.174539448654,-1455.43063560687,-2.22044604925031E-16));
#5156=CARTESIAN_POINT('',(898.205789448654,-1455.43063560687,0.0830000000000835));
#5157=CARTESIAN_POINT('',(898.237039448654,-1455.43063560687,0.0830000000000834));
#5158=CARTESIAN_POINT('',(898.174539448654,-1455.43063560687,0.0830000000000835));
#5159=CARTESIAN_POINT('',(898.237039448654,-1455.43063560687,1.00000000000011));
#5160=CARTESIAN_POINT('',(898.237039448654,-1455.43063560687,0.916999999999916));
#5161=CARTESIAN_POINT('',(898.205789448654,-1455.43063560687,1.));
#5162=CARTESIAN_POINT('',(898.237039448654,-1455.43063560687,1.));
#5163=CARTESIAN_POINT('',(898.174539448654,-1455.43063560687,1.));
#5164=CARTESIAN_POINT('',(898.205789448654,-1455.43063560687,0.916999999999689));
#5165=CARTESIAN_POINT('',(898.237039448655,-1455.43063560687,0.916999999999689));
#5166=CARTESIAN_POINT('',(898.174539448654,-1455.43063560687,0.916999999999689));
#5167=CARTESIAN_POINT('',(898.237039448655,-1454.17993447183,0.0830000000004259));
#5168=CARTESIAN_POINT('',(898.237039448654,-1454.17993447183,3.40313634732425E-13));
#5169=CARTESIAN_POINT('',(898.205789448654,-1454.17993447183,2.27151630838307E-13));
#5170=CARTESIAN_POINT('',(898.237039448654,-1454.17993447183,2.27151630838307E-13));
#5171=CARTESIAN_POINT('',(898.174539448654,-1454.17993447183,2.27151630838307E-13));
#5172=CARTESIAN_POINT('',(898.205789448654,-1454.17993447183,0.0830000000000835));
#5173=CARTESIAN_POINT('',(898.237039448655,-1454.17993447183,0.0830000000000835));
#5174=CARTESIAN_POINT('',(898.174539448654,-1454.17993447183,0.0830000000000835));
#5175=CARTESIAN_POINT('',(898.237039448654,-1454.17993447183,1.));
#5176=CARTESIAN_POINT('',(898.237039448654,-1454.17993447183,0.916999999999803));
#5177=CARTESIAN_POINT('',(898.205789448654,-1454.17993447183,1.));
#5178=CARTESIAN_POINT('',(898.237039448654,-1454.17993447183,1.));
#5179=CARTESIAN_POINT('',(898.174539448654,-1454.17993447183,1.));
#5180=CARTESIAN_POINT('',(898.205789448654,-1454.17993447183,0.916999999999689));
#5181=CARTESIAN_POINT('',(898.237039448655,-1454.17993447183,0.916999999999689));
#5182=CARTESIAN_POINT('',(898.174539448654,-1454.17993447183,0.916999999999689));
#5183=CARTESIAN_POINT('',(872.487039448646,-1454.17993447183,0.0830000000004259));
#5184=CARTESIAN_POINT('',(872.487039448646,-1454.17993447183,3.40313634732425E-13));
#5185=CARTESIAN_POINT('',(872.455789448645,-1454.17993447183,2.27151630838307E-13));
#5186=CARTESIAN_POINT('',(872.487039448645,-1454.17993447183,2.27151630838307E-13));
#5187=CARTESIAN_POINT('',(872.424539448645,-1454.17993447183,2.27151630838307E-13));
#5188=CARTESIAN_POINT('',(872.455789448645,-1454.17993447183,0.0830000000000835));
#5189=CARTESIAN_POINT('',(872.487039448646,-1454.17993447183,0.0830000000000835));
#5190=CARTESIAN_POINT('',(872.424539448645,-1454.17993447183,0.0830000000000835));
#5191=CARTESIAN_POINT('',(872.487039448646,-1454.17993447183,1.));
#5192=CARTESIAN_POINT('',(872.487039448646,-1454.17993447183,0.916999999999916));
#5193=CARTESIAN_POINT('',(872.455789448645,-1454.17993447183,0.999999999999772));
#5194=CARTESIAN_POINT('',(872.487039448645,-1454.17993447183,0.999999999999772));
#5195=CARTESIAN_POINT('',(872.424539448645,-1454.17993447183,0.999999999999772));
#5196=CARTESIAN_POINT('',(872.455789448646,-1454.17993447183,0.916999999999689));
#5197=CARTESIAN_POINT('',(872.487039448646,-1454.17993447183,0.916999999999689));
#5198=CARTESIAN_POINT('',(872.424539448646,-1454.17993447183,0.916999999999689));
#5199=CARTESIAN_POINT('',(872.487039448646,-1455.43063560687,0.0830000000001991));
#5200=CARTESIAN_POINT('',(872.487039448646,-1455.43063560687,1.12802699181337E-13));
#5201=CARTESIAN_POINT('',(872.455789448645,-1455.43063560687,-2.22044604925031E-16));
#5202=CARTESIAN_POINT('',(872.487039448645,-1455.43063560687,-2.22044604925031E-16));
#5203=CARTESIAN_POINT('',(872.424539448645,-1455.43063560687,-2.22044604925031E-16));
#5204=CARTESIAN_POINT('',(872.455789448645,-1455.43063560687,0.0830000000000835));
#5205=CARTESIAN_POINT('',(872.487039448645,-1455.43063560687,0.0830000000000834));
#5206=CARTESIAN_POINT('',(872.424539448645,-1455.43063560687,0.0830000000000835));
#5207=CARTESIAN_POINT('',(872.487039448646,-1455.43063560687,1.));
#5208=CARTESIAN_POINT('',(872.487039448646,-1455.43063560687,0.916999999999916));
#5209=CARTESIAN_POINT('',(872.455789448645,-1455.43063560687,0.999999999999772));
#5210=CARTESIAN_POINT('',(872.487039448645,-1455.43063560687,0.999999999999772));
#5211=CARTESIAN_POINT('',(872.424539448645,-1455.43063560687,0.999999999999772));
#5212=CARTESIAN_POINT('',(872.455789448645,-1455.43063560687,0.916999999999689));
#5213=CARTESIAN_POINT('',(872.487039448646,-1455.43063560687,0.916999999999689));
#5214=CARTESIAN_POINT('',(872.424539448645,-1455.43063560687,0.916999999999689));
#5215=CARTESIAN_POINT('',(885.362039448629,-1455.43063560687,0.0830000000001991));
#5216=CARTESIAN_POINT('',(885.362039448629,-1455.43063560687,1.12802699181337E-13));
#5217=CARTESIAN_POINT('',(885.330789448629,-1455.43063560687,2.27151630838307E-13));
#5218=CARTESIAN_POINT('',(885.362039448629,-1455.43063560687,2.27151630838307E-13));
#5219=CARTESIAN_POINT('',(885.299539448629,-1455.43063560687,2.27151630838307E-13));
#5220=CARTESIAN_POINT('',(885.330789448629,-1455.43063560687,0.0830000000000835));
#5221=CARTESIAN_POINT('',(885.362039448629,-1455.43063560687,0.0830000000000834));
#5222=CARTESIAN_POINT('',(885.299539448628,-1455.43063560687,0.0830000000000835));
#5223=CARTESIAN_POINT('',(885.362039448629,-1455.43063560687,1.00000000000012));
#5224=CARTESIAN_POINT('',(885.362039448629,-1455.43063560687,0.916999999999916));
#5225=CARTESIAN_POINT('',(885.330789448629,-1455.43063560687,0.999999999999772));
#5226=CARTESIAN_POINT('',(885.362039448629,-1455.43063560687,0.999999999999772));
#5227=CARTESIAN_POINT('',(885.299539448629,-1455.43063560687,0.999999999999772));
#5228=CARTESIAN_POINT('',(885.330789448629,-1455.43063560687,0.916999999999689));
#5229=CARTESIAN_POINT('',(885.362039448629,-1455.43063560687,0.916999999999689));
#5230=CARTESIAN_POINT('',(885.299539448628,-1455.43063560687,0.916999999999689));
#5231=CARTESIAN_POINT('',(870.880777525331,-1454.80528503936,8.88981123787129E-17));
#5232=CARTESIAN_POINT('',(870.880777525331,-1454.80528503936,0.0830000000000838));
#5233=CARTESIAN_POINT('',(870.955777525331,-1454.80528503936,-8.88178419700125E-16));
#5234=CARTESIAN_POINT('',(870.880777525331,-1454.80528503936,-8.88178419700125E-16));
#5235=CARTESIAN_POINT('',(871.030777525331,-1454.80528503936,-8.88178419700125E-16));
#5236=CARTESIAN_POINT('',(870.955777525331,-1454.80528503936,0.0830000000000837));
#5237=CARTESIAN_POINT('',(870.880777525331,-1454.80528503936,0.0830000000000837));
#5238=CARTESIAN_POINT('',(871.030777525331,-1454.80528503936,0.0830000000000837));
#5239=CARTESIAN_POINT('',(870.880777525331,-1454.80528503936,0.916999999999691));
#5240=CARTESIAN_POINT('',(870.880777525331,-1454.80528503936,0.999999999999773));
#5241=CARTESIAN_POINT('',(870.955777525331,-1454.80528503936,0.999999999999773));
#5242=CARTESIAN_POINT('',(870.880777525331,-1454.80528503936,0.999999999999773));
#5243=CARTESIAN_POINT('',(871.030777525331,-1454.80528503936,0.999999999999773));
#5244=CARTESIAN_POINT('',(870.955777525331,-1454.80528503936,0.916999999999689));
#5245=CARTESIAN_POINT('',(870.880777525331,-1454.80528503936,0.916999999999689));
#5246=CARTESIAN_POINT('',(871.030777525331,-1454.80528503936,0.916999999999689));
#5247=CARTESIAN_POINT('',(965.280801371988,-1454.80528503936,8.88981123787129E-17));
#5248=CARTESIAN_POINT('',(965.280801371988,-1454.80528503936,0.0830000000000838));
#5249=CARTESIAN_POINT('',(965.205801371988,-1454.80528503936,-8.88178419700125E-16));
#5250=CARTESIAN_POINT('',(965.280801371988,-1454.80528503936,-8.88178419700125E-16));
#5251=CARTESIAN_POINT('',(965.130801371988,-1454.80528503936,-8.88178419700125E-16));
#5252=CARTESIAN_POINT('',(965.205801371988,-1454.80528503936,0.0830000000000837));
#5253=CARTESIAN_POINT('',(965.280801371988,-1454.80528503936,0.0830000000000837));
#5254=CARTESIAN_POINT('',(965.130801371988,-1454.80528503936,0.0830000000000837));
#5255=CARTESIAN_POINT('',(965.280801371988,-1454.80528503936,0.916999999999691));
#5256=CARTESIAN_POINT('',(965.280801371988,-1454.80528503936,0.999999999999773));
#5257=CARTESIAN_POINT('',(965.205801371988,-1454.80528503936,0.999999999999773));
#5258=CARTESIAN_POINT('',(965.280801371988,-1454.80528503936,0.999999999999773));
#5259=CARTESIAN_POINT('',(965.130801371988,-1454.80528503936,0.999999999999773));
#5260=CARTESIAN_POINT('',(965.205801371988,-1454.80528503936,0.916999999999689));
#5261=CARTESIAN_POINT('',(965.280801371988,-1454.80528503936,0.916999999999689));
#5262=CARTESIAN_POINT('',(965.130801371988,-1454.80528503936,0.916999999999689));
#5263=CARTESIAN_POINT('',(0.,0.,0.));
ENDSEC;
END-ISO-10303-21;
